student_id,full_name,email,cohort,curriculum_code,current_semester,academic_term,accumulated_credits
SE190000,Hoàng Anh Tuấn,ojt.synthetic.se190000@gmail.com,K19,BIT_IS_K18D_19A,4,2026_Fall,57
SE190001,Đỗ Khánh Linh,ojt.synthetic.se190001@gmail.com,K19,BIT_IS_K19B,4,2026_Fall,57
SE190002,Huỳnh Minh Anh,ojt.synthetic.se190002@gmail.com,K19,BIT_IS_K19C,4,2026_Fall,60
SE190003,Đỗ Minh Anh,ojt.synthetic.se190003@gmail.com,K19,BIT_IS_K19D_K20A,4,2026_Fall,57
SE190004,Vũ Tuấn Kiệt,ojt.synthetic.se190004@gmail.com,K19,BIT_IS_K18D_19A,4,2026_Fall,63
SE190005,Võ Ngọc Mai,ojt.synthetic.se190005@gmail.com,K19,BIT_IS_K19B,4,2026_Fall,57
SE190006,Đặng Phương Thảo,ojt.synthetic.se190006@gmail.com,K19,BIT_IS_K19C,4,2026_Fall,57
SE190007,Phan Minh Anh,ojt.synthetic.se190007@gmail.com,K19,BIT_IS_K19D_K20A,4,2026_Fall,69
SE190008,Lê Ngọc Mai,ojt.synthetic.se190008@gmail.com,K19,BIT_IS_K18D_19A,4,2026_Fall,69
SE190009,Võ Minh Quân,ojt.synthetic.se190009@gmail.com,K19,BIT_IS_K19B,4,2026_Fall,57
SE190010,Trần Minh Quân,ojt.synthetic.se190010@gmail.com,K19,BIT_IS_K19C,4,2026_Fall,69
SE190011,Nguyễn Ngọc Mai,ojt.synthetic.se190011@gmail.com,K19,BIT_IS_K19D_K20A,4,2026_Fall,63
SE190012,Nguyễn Bảo Ngọc,ojt.synthetic.se190012@gmail.com,K19,BIT_IS_K18D_19A,4,2026_Fall,57
SE190013,Trần Gia Hân,ojt.synthetic.se190013@gmail.com,K19,BIT_IS_K19B,4,2026_Fall,69
SE190014,Nguyễn Anh Tuấn,ojt.synthetic.se190014@gmail.com,K19,BIT_IS_K19C,4,2026_Fall,69
SE190015,Hoàng Minh Quân,ojt.synthetic.se190015@gmail.com,K19,BIT_IS_K19D_K20A,4,2026_Fall,66
SE190016,Trần Quốc Bảo,ojt.synthetic.se190016@gmail.com,K19,BIT_IS_K18D_19A,4,2026_Fall,60
SE190017,Phạm Hoàng Duy,ojt.synthetic.se190017@gmail.com,K19,BIT_IS_K19B,4,2026_Fall,60
SE190018,Phan Quang Huy,ojt.synthetic.se190018@gmail.com,K19,BIT_IS_K19C,4,2026_Fall,69
SE190019,Võ Phương Thảo,ojt.synthetic.se190019@gmail.com,K19,BIT_IS_K19D_K20A,4,2026_Fall,54
SE190020,Trần Phương Thảo,ojt.synthetic.se190020@gmail.com,K19,BIT_IS_K18D_19A,4,2026_Fall,69
SE190021,Võ Ngọc Mai,ojt.synthetic.se190021@gmail.com,K19,BIT_IS_K19B,4,2026_Fall,57
SE190022,Bùi Thanh Tâm,ojt.synthetic.se190022@gmail.com,K19,BIT_IS_K19C,4,2026_Fall,66
SE190023,Nguyễn Thanh Tâm,ojt.synthetic.se190023@gmail.com,K19,BIT_IS_K19D_K20A,4,2026_Fall,69
SE190024,Bùi Thanh Tâm,ojt.synthetic.se190024@gmail.com,K19,BIT_IS_K18D_19A,4,2026_Fall,66
SE190025,Nguyễn Hải Nam,ojt.synthetic.se190025@gmail.com,K19,BIT_IS_K19B,4,2026_Fall,69
SE190026,Nguyễn Quang Huy,ojt.synthetic.se190026@gmail.com,K19,BIT_IS_K19C,4,2026_Fall,69
SE190027,Lê Bảo Ngọc,ojt.synthetic.se190027@gmail.com,K19,BIT_IS_K19D_K20A,4,2026_Fall,66
SE190028,Lê Quang Huy,ojt.synthetic.se190028@gmail.com,K19,BIT_IS_K18D_19A,4,2026_Fall,63
SE190029,Bùi Hải Nam,ojt.synthetic.se190029@gmail.com,K19,BIT_IS_K19B,4,2026_Fall,60
SE190030,Hoàng Khánh Linh,ojt.synthetic.se190030@gmail.com,K19,BIT_IS_K19C,4,2026_Fall,63
SE190031,Trần Minh Anh,ojt.synthetic.se190031@gmail.com,K19,BIT_IS_K19D_K20A,4,2026_Fall,60
SE190032,Phan Trung Hiếu,ojt.synthetic.se190032@gmail.com,K19,BIT_IS_K18D_19A,4,2026_Fall,54
SE190033,Vũ Bảo Ngọc,ojt.synthetic.se190033@gmail.com,K19,BIT_IS_K19B,4,2026_Fall,69
SE190034,Bùi Quốc Bảo,ojt.synthetic.se190034@gmail.com,K19,BIT_IS_K19C,4,2026_Fall,60
SE190035,Vũ Đức Minh,ojt.synthetic.se190035@gmail.com,K19,BIT_IS_K19D_K20A,4,2026_Fall,69
SE190036,Bùi Bảo Ngọc,ojt.synthetic.se190036@gmail.com,K19,BIT_IS_K18D_19A,4,2026_Fall,66
SE190037,Huỳnh Thanh Tâm,ojt.synthetic.se190037@gmail.com,K19,BIT_IS_K19B,4,2026_Fall,69
SE190038,Lê Quang Huy,ojt.synthetic.se190038@gmail.com,K19,BIT_IS_K19C,4,2026_Fall,66
SE190039,Đặng Bảo Ngọc,ojt.synthetic.se190039@gmail.com,K19,BIT_IS_K19D_K20A,4,2026_Fall,69
SE190040,Đỗ Tuấn Kiệt,ojt.synthetic.se190040@gmail.com,K19,BIT_IS_K18D_19A,4,2026_Fall,54
SE190041,Nguyễn Thanh Tâm,ojt.synthetic.se190041@gmail.com,K19,BIT_IS_K19B,4,2026_Fall,69
SE190042,Vũ Anh Tuấn,ojt.synthetic.se190042@gmail.com,K19,BIT_IS_K19C,4,2026_Fall,60
SE190043,Nguyễn Hải Nam,ojt.synthetic.se190043@gmail.com,K19,BIT_IS_K19D_K20A,4,2026_Fall,54
SE190044,Huỳnh Đức Minh,ojt.synthetic.se190044@gmail.com,K19,BIT_IS_K18D_19A,4,2026_Fall,60
SE190045,Phạm Khánh Linh,ojt.synthetic.se190045@gmail.com,K19,BIT_IS_K19B,4,2026_Fall,60
SE190046,Trần Minh Quân,ojt.synthetic.se190046@gmail.com,K19,BIT_IS_K19C,4,2026_Fall,69
SE190047,Đỗ Minh Anh,ojt.synthetic.se190047@gmail.com,K19,BIT_IS_K19D_K20A,4,2026_Fall,63
SE190048,Võ Tuấn Kiệt,ojt.synthetic.se190048@gmail.com,K19,BIT_IS_K18D_19A,4,2026_Fall,66
SE190049,Đặng Tuấn Kiệt,ojt.synthetic.se190049@gmail.com,K19,BIT_IS_K19B,4,2026_Fall,66
SE190050,Lê Anh Tuấn,ojt.synthetic.se190050@gmail.com,K19,BIT_IS_K19C,4,2026_Fall,57
SE190051,Đặng Thanh Tâm,ojt.synthetic.se190051@gmail.com,K19,BIT_IS_K19D_K20A,4,2026_Fall,69
SE190052,Đặng Ngọc Mai,ojt.synthetic.se190052@gmail.com,K19,BIT_IS_K18D_19A,4,2026_Fall,60
SE190053,Nguyễn Tuấn Kiệt,ojt.synthetic.se190053@gmail.com,K19,BIT_IS_K19B,4,2026_Fall,60
SE190054,Đặng Phương Thảo,ojt.synthetic.se190054@gmail.com,K19,BIT_IS_K19C,4,2026_Fall,69
SE190055,Lê Tuấn Kiệt,ojt.synthetic.se190055@gmail.com,K19,BIT_IS_K19D_K20A,4,2026_Fall,57
SE190056,Vũ Ngọc Mai,ojt.synthetic.se190056@gmail.com,K19,BIT_IS_K18D_19A,4,2026_Fall,66
SE190057,Đặng Thanh Tâm,ojt.synthetic.se190057@gmail.com,K19,BIT_IS_K19B,4,2026_Fall,66
SE190058,Vũ Tuấn Kiệt,ojt.synthetic.se190058@gmail.com,K19,BIT_IS_K19C,4,2026_Fall,57
SE190059,Phạm Khánh Linh,ojt.synthetic.se190059@gmail.com,K19,BIT_IS_K19D_K20A,4,2026_Fall,57
SE190060,Vũ Quang Huy,ojt.synthetic.se190060@gmail.com,K19,BIT_IS_K18D_19A,4,2026_Fall,69
SE190061,Phan Quang Huy,ojt.synthetic.se190061@gmail.com,K19,BIT_IS_K19B,4,2026_Fall,54
SE190062,Huỳnh Thanh Tâm,ojt.synthetic.se190062@gmail.com,K19,BIT_IS_K19C,4,2026_Fall,63
SE190063,Đặng Hải Nam,ojt.synthetic.se190063@gmail.com,K19,BIT_IS_K19D_K20A,4,2026_Fall,54
SE190064,Đỗ Quốc Bảo,ojt.synthetic.se190064@gmail.com,K19,BIT_IS_K18D_19A,4,2026_Fall,54
SE190065,Đặng Hoàng Duy,ojt.synthetic.se190065@gmail.com,K19,BIT_IS_K19B,4,2026_Fall,63
SE190066,Bùi Bảo Ngọc,ojt.synthetic.se190066@gmail.com,K19,BIT_IS_K19C,4,2026_Fall,63
SE190067,Hoàng Hoàng Duy,ojt.synthetic.se190067@gmail.com,K19,BIT_IS_K19D_K20A,4,2026_Fall,63
SE190068,Vũ Đức Minh,ojt.synthetic.se190068@gmail.com,K19,BIT_IS_K18D_19A,4,2026_Fall,57
SE190069,Đặng Hoàng Duy,ojt.synthetic.se190069@gmail.com,K19,BIT_IS_K19B,4,2026_Fall,69
SE190070,Phan Bảo Ngọc,ojt.synthetic.se190070@gmail.com,K19,BIT_IS_K19C,4,2026_Fall,63
SE190071,Đặng Đức Minh,ojt.synthetic.se190071@gmail.com,K19,BIT_IS_K19D_K20A,4,2026_Fall,60
SE190072,Bùi Khánh Linh,ojt.synthetic.se190072@gmail.com,K19,BIT_IS_K18D_19A,4,2026_Fall,60
SE190073,Phạm Phương Thảo,ojt.synthetic.se190073@gmail.com,K19,BIT_IS_K19B,4,2026_Fall,69
SE190074,Phan Quang Huy,ojt.synthetic.se190074@gmail.com,K19,BIT_IS_K19C,4,2026_Fall,69
SE190075,Nguyễn Quang Huy,ojt.synthetic.se190075@gmail.com,K19,BIT_IS_K19D_K20A,4,2026_Fall,66
SE190076,Phạm Quang Huy,ojt.synthetic.se190076@gmail.com,K19,BIT_IS_K18D_19A,4,2026_Fall,57
SE190077,Võ Đức Minh,ojt.synthetic.se190077@gmail.com,K19,BIT_IS_K19B,4,2026_Fall,63
SE190078,Võ Gia Hân,ojt.synthetic.se190078@gmail.com,K19,BIT_IS_K19C,4,2026_Fall,54
SE190079,Võ Quang Huy,ojt.synthetic.se190079@gmail.com,K19,BIT_IS_K19D_K20A,4,2026_Fall,63
SE190080,Võ Minh Quân,ojt.synthetic.se190080@gmail.com,K19,BIT_IS_K18D_19A,4,2026_Fall,66
SE190081,Nguyễn Gia Hân,ojt.synthetic.se190081@gmail.com,K19,BIT_IS_K19B,4,2026_Fall,69
SE190082,Bùi Hoàng Duy,ojt.synthetic.se190082@gmail.com,K19,BIT_IS_K19C,4,2026_Fall,66
SE190083,Vũ Tuấn Kiệt,ojt.synthetic.se190083@gmail.com,K19,BIT_IS_K19D_K20A,4,2026_Fall,63
SE190084,Hoàng Bảo Ngọc,ojt.synthetic.se190084@gmail.com,K19,BIT_IS_K18D_19A,4,2026_Fall,60
SE190085,Võ Quang Huy,ojt.synthetic.se190085@gmail.com,K19,BIT_IS_K19B,4,2026_Fall,66
SE190086,Võ Minh Quân,ojt.synthetic.se190086@gmail.com,K19,BIT_IS_K19C,4,2026_Fall,66
SE190087,Huỳnh Bảo Ngọc,ojt.synthetic.se190087@gmail.com,K19,BIT_IS_K19D_K20A,4,2026_Fall,57
SE190088,Bùi Phương Thảo,ojt.synthetic.se190088@gmail.com,K19,BIT_IS_K18D_19A,4,2026_Fall,66
SE190089,Đặng Quốc Bảo,ojt.synthetic.se190089@gmail.com,K19,BIT_IS_K19B,4,2026_Fall,57
SE190090,Hoàng Hoàng Duy,ojt.synthetic.se190090@gmail.com,K19,BIT_IS_K19C,4,2026_Fall,66
SE190091,Huỳnh Minh Quân,ojt.synthetic.se190091@gmail.com,K19,BIT_IS_K19D_K20A,4,2026_Fall,66
SE190092,Đặng Hải Nam,ojt.synthetic.se190092@gmail.com,K19,BIT_IS_K18D_19A,4,2026_Fall,57
SE190093,Huỳnh Hoàng Duy,ojt.synthetic.se190093@gmail.com,K19,BIT_IS_K19B,4,2026_Fall,69
SE190094,Đỗ Thanh Tâm,ojt.synthetic.se190094@gmail.com,K19,BIT_IS_K19C,4,2026_Fall,57
SE190095,Đỗ Đức Minh,ojt.synthetic.se190095@gmail.com,K19,BIT_IS_K19D_K20A,4,2026_Fall,57
SE190096,Nguyễn Minh Anh,ojt.synthetic.se190096@gmail.com,K19,BIT_IS_K18D_19A,4,2026_Fall,57
SE190097,Huỳnh Minh Anh,ojt.synthetic.se190097@gmail.com,K19,BIT_IS_K19B,4,2026_Fall,63
SE190098,Bùi Trung Hiếu,ojt.synthetic.se190098@gmail.com,K19,BIT_IS_K19C,4,2026_Fall,69
SE190099,Lê Hoàng Duy,ojt.synthetic.se190099@gmail.com,K19,BIT_IS_K19D_K20A,4,2026_Fall,60
SE190100,Đặng Quốc Bảo,ojt.synthetic.se190100@gmail.com,K19,BIT_IS_K18D_19A,4,2026_Fall,60
SE190101,Huỳnh Gia Hân,ojt.synthetic.se190101@gmail.com,K19,BIT_IS_K19B,4,2026_Fall,63
SE190102,Hoàng Ngọc Mai,ojt.synthetic.se190102@gmail.com,K19,BIT_IS_K19C,4,2026_Fall,57
SE190103,Vũ Ngọc Mai,ojt.synthetic.se190103@gmail.com,K19,BIT_IS_K19D_K20A,4,2026_Fall,57
SE190104,Vũ Gia Hân,ojt.synthetic.se190104@gmail.com,K19,BIT_IS_K18D_19A,4,2026_Fall,57
SE190105,Bùi Hải Nam,ojt.synthetic.se190105@gmail.com,K19,BIT_IS_K19B,4,2026_Fall,60
SE190106,Huỳnh Ngọc Mai,ojt.synthetic.se190106@gmail.com,K19,BIT_IS_K19C,4,2026_Fall,66
SE190107,Lê Phương Thảo,ojt.synthetic.se190107@gmail.com,K19,BIT_IS_K19D_K20A,4,2026_Fall,66
SE190108,Đặng Tuấn Kiệt,ojt.synthetic.se190108@gmail.com,K19,BIT_IS_K18D_19A,4,2026_Fall,69
SE190109,Trần Bảo Ngọc,ojt.synthetic.se190109@gmail.com,K19,BIT_IS_K19B,4,2026_Fall,63
SE190110,Trần Minh Quân,ojt.synthetic.se190110@gmail.com,K19,BIT_IS_K19C,4,2026_Fall,66
SE190111,Lê Thanh Tâm,ojt.synthetic.se190111@gmail.com,K19,BIT_IS_K19D_K20A,4,2026_Fall,57
SE190112,Phan Bảo Ngọc,ojt.synthetic.se190112@gmail.com,K19,BIT_IS_K18D_19A,4,2026_Fall,60
SE190113,Nguyễn Bảo Ngọc,ojt.synthetic.se190113@gmail.com,K19,BIT_IS_K19B,4,2026_Fall,63
SE190114,Đỗ Đức Minh,ojt.synthetic.se190114@gmail.com,K19,BIT_IS_K19C,4,2026_Fall,63
SE190115,Nguyễn Phương Thảo,ojt.synthetic.se190115@gmail.com,K19,BIT_IS_K19D_K20A,4,2026_Fall,63
SE190116,Bùi Minh Anh,ojt.synthetic.se190116@gmail.com,K19,BIT_IS_K18D_19A,4,2026_Fall,66
SE190117,Lê Phương Thảo,ojt.synthetic.se190117@gmail.com,K19,BIT_IS_K19B,4,2026_Fall,66
SE190118,Nguyễn Minh Quân,ojt.synthetic.se190118@gmail.com,K19,BIT_IS_K19C,4,2026_Fall,63
SE190119,Nguyễn Minh Quân,ojt.synthetic.se190119@gmail.com,K19,BIT_IS_K19D_K20A,4,2026_Fall,63
SE190120,Võ Trung Hiếu,ojt.synthetic.se190120@gmail.com,K19,BIT_IS_K18D_19A,4,2026_Fall,57
SE190121,Võ Bảo Ngọc,ojt.synthetic.se190121@gmail.com,K19,BIT_IS_K19B,4,2026_Fall,69
SE190122,Nguyễn Đức Minh,ojt.synthetic.se190122@gmail.com,K19,BIT_IS_K19C,4,2026_Fall,69
SE190123,Hoàng Khánh Linh,ojt.synthetic.se190123@gmail.com,K19,BIT_IS_K19D_K20A,4,2026_Fall,63
SE190124,Hoàng Đức Minh,ojt.synthetic.se190124@gmail.com,K19,BIT_IS_K18D_19A,4,2026_Fall,69
SE190125,Bùi Trung Hiếu,ojt.synthetic.se190125@gmail.com,K19,BIT_IS_K19B,4,2026_Fall,69
SE190126,Bùi Phương Thảo,ojt.synthetic.se190126@gmail.com,K19,BIT_IS_K19C,4,2026_Fall,69
SE190127,Hoàng Gia Hân,ojt.synthetic.se190127@gmail.com,K19,BIT_IS_K19D_K20A,4,2026_Fall,60
SE190128,Huỳnh Ngọc Mai,ojt.synthetic.se190128@gmail.com,K19,BIT_IS_K18D_19A,4,2026_Fall,63
SE190129,Trần Gia Hân,ojt.synthetic.se190129@gmail.com,K19,BIT_IS_K19B,4,2026_Fall,63
SE190130,Võ Hải Nam,ojt.synthetic.se190130@gmail.com,K19,BIT_IS_K19C,4,2026_Fall,63
SE190131,Lê Khánh Linh,ojt.synthetic.se190131@gmail.com,K19,BIT_IS_K19D_K20A,4,2026_Fall,69
SE190132,Trần Gia Hân,ojt.synthetic.se190132@gmail.com,K19,BIT_IS_K18D_19A,4,2026_Fall,63
SE190133,Bùi Tuấn Kiệt,ojt.synthetic.se190133@gmail.com,K19,BIT_IS_K19B,4,2026_Fall,69
SE190134,Trần Bảo Ngọc,ojt.synthetic.se190134@gmail.com,K19,BIT_IS_K19C,4,2026_Fall,60
SE190135,Bùi Quang Huy,ojt.synthetic.se190135@gmail.com,K19,BIT_IS_K19D_K20A,4,2026_Fall,63
SE190136,Bùi Hoàng Duy,ojt.synthetic.se190136@gmail.com,K19,BIT_IS_K18D_19A,4,2026_Fall,66
SE190137,Đỗ Gia Hân,ojt.synthetic.se190137@gmail.com,K19,BIT_IS_K19B,4,2026_Fall,54
SE190138,Trần Khánh Linh,ojt.synthetic.se190138@gmail.com,K19,BIT_IS_K19C,4,2026_Fall,60
SE190139,Bùi Gia Hân,ojt.synthetic.se190139@gmail.com,K19,BIT_IS_K19D_K20A,4,2026_Fall,69
SE190140,Huỳnh Tuấn Kiệt,ojt.synthetic.se190140@gmail.com,K19,BIT_IS_K18D_19A,4,2026_Fall,63
SE190141,Vũ Thanh Tâm,ojt.synthetic.se190141@gmail.com,K19,BIT_IS_K19B,4,2026_Fall,66
SE190142,Nguyễn Hoàng Duy,ojt.synthetic.se190142@gmail.com,K19,BIT_IS_K19C,4,2026_Fall,63
SE190143,Trần Phương Thảo,ojt.synthetic.se190143@gmail.com,K19,BIT_IS_K19D_K20A,4,2026_Fall,69
SE190144,Phan Minh Anh,ojt.synthetic.se190144@gmail.com,K19,BIT_IS_K18D_19A,4,2026_Fall,63
SE190145,Võ Hoàng Duy,ojt.synthetic.se190145@gmail.com,K19,BIT_IS_K19B,4,2026_Fall,63
SE190146,Bùi Minh Quân,ojt.synthetic.se190146@gmail.com,K19,BIT_IS_K19C,4,2026_Fall,66
SE190147,Huỳnh Gia Hân,ojt.synthetic.se190147@gmail.com,K19,BIT_IS_K19D_K20A,4,2026_Fall,60
SE190148,Vũ Anh Tuấn,ojt.synthetic.se190148@gmail.com,K19,BIT_IS_K18D_19A,4,2026_Fall,69
SE190149,Nguyễn Quốc Bảo,ojt.synthetic.se190149@gmail.com,K19,BIT_IS_K19B,4,2026_Fall,63
SE190150,Phạm Trung Hiếu,ojt.synthetic.se190150@gmail.com,K19,BIT_IS_K19C,4,2026_Fall,60
SE190151,Lê Khánh Linh,ojt.synthetic.se190151@gmail.com,K19,BIT_IS_K19D_K20A,4,2026_Fall,66
SE190152,Lê Minh Quân,ojt.synthetic.se190152@gmail.com,K19,BIT_IS_K18D_19A,4,2026_Fall,69
SE190153,Đặng Phương Thảo,ojt.synthetic.se190153@gmail.com,K19,BIT_IS_K19B,4,2026_Fall,63
SE190154,Phạm Phương Thảo,ojt.synthetic.se190154@gmail.com,K19,BIT_IS_K19C,4,2026_Fall,66
SE190155,Phạm Hải Nam,ojt.synthetic.se190155@gmail.com,K19,BIT_IS_K19D_K20A,4,2026_Fall,57
SE190156,Đỗ Đức Minh,ojt.synthetic.se190156@gmail.com,K19,BIT_IS_K18D_19A,4,2026_Fall,69
SE190157,Hoàng Tuấn Kiệt,ojt.synthetic.se190157@gmail.com,K19,BIT_IS_K19B,4,2026_Fall,63
SE190158,Phan Minh Anh,ojt.synthetic.se190158@gmail.com,K19,BIT_IS_K19C,4,2026_Fall,66
SE190159,Lê Tuấn Kiệt,ojt.synthetic.se190159@gmail.com,K19,BIT_IS_K19D_K20A,4,2026_Fall,66
SE190160,Vũ Tuấn Kiệt,ojt.synthetic.se190160@gmail.com,K19,BIT_IS_K18D_19A,4,2026_Fall,69
SE190161,Đỗ Quang Huy,ojt.synthetic.se190161@gmail.com,K19,BIT_IS_K19B,4,2026_Fall,66
SE190162,Nguyễn Trung Hiếu,ojt.synthetic.se190162@gmail.com,K19,BIT_IS_K19C,4,2026_Fall,60
SE190163,Đặng Bảo Ngọc,ojt.synthetic.se190163@gmail.com,K19,BIT_IS_K19D_K20A,4,2026_Fall,60
SE190164,Đặng Minh Anh,ojt.synthetic.se190164@gmail.com,K19,BIT_IS_K18D_19A,4,2026_Fall,69
SE190165,Hoàng Hoàng Duy,ojt.synthetic.se190165@gmail.com,K19,BIT_IS_K19B,4,2026_Fall,66
SE190166,Vũ Khánh Linh,ojt.synthetic.se190166@gmail.com,K19,BIT_IS_K19C,4,2026_Fall,60
SE190167,Trần Quốc Bảo,ojt.synthetic.se190167@gmail.com,K19,BIT_IS_K19D_K20A,4,2026_Fall,63
SE190168,Bùi Ngọc Mai,ojt.synthetic.se190168@gmail.com,K19,BIT_IS_K18D_19A,4,2026_Fall,54
SE190169,Hoàng Thanh Tâm,ojt.synthetic.se190169@gmail.com,K19,BIT_IS_K19B,4,2026_Fall,69
SE190170,Phạm Minh Anh,ojt.synthetic.se190170@gmail.com,K19,BIT_IS_K19C,4,2026_Fall,69
SE190171,Bùi Gia Hân,ojt.synthetic.se190171@gmail.com,K19,BIT_IS_K19D_K20A,4,2026_Fall,57
SE190172,Phan Khánh Linh,ojt.synthetic.se190172@gmail.com,K19,BIT_IS_K18D_19A,4,2026_Fall,69
SE190173,Đỗ Trung Hiếu,ojt.synthetic.se190173@gmail.com,K19,BIT_IS_K19B,4,2026_Fall,69
SE190174,Huỳnh Gia Hân,ojt.synthetic.se190174@gmail.com,K19,BIT_IS_K19C,4,2026_Fall,69
SE190175,Phan Bảo Ngọc,ojt.synthetic.se190175@gmail.com,K19,BIT_IS_K19D_K20A,4,2026_Fall,66
SE190176,Đặng Hoàng Duy,ojt.synthetic.se190176@gmail.com,K19,BIT_IS_K18D_19A,4,2026_Fall,57
SE190177,Phạm Bảo Ngọc,ojt.synthetic.se190177@gmail.com,K19,BIT_IS_K19B,4,2026_Fall,69
SE190178,Đặng Hải Nam,ojt.synthetic.se190178@gmail.com,K19,BIT_IS_K19C,4,2026_Fall,66
SE190179,Hoàng Quốc Bảo,ojt.synthetic.se190179@gmail.com,K19,BIT_IS_K19D_K20A,4,2026_Fall,69
SE190180,Lê Thanh Tâm,ojt.synthetic.se190180@gmail.com,K19,BIT_IS_K18D_19A,4,2026_Fall,69
SE190181,Hoàng Hải Nam,ojt.synthetic.se190181@gmail.com,K19,BIT_IS_K19B,4,2026_Fall,69
SE190182,Đỗ Tuấn Kiệt,ojt.synthetic.se190182@gmail.com,K19,BIT_IS_K19C,4,2026_Fall,63
SE190183,Nguyễn Quang Huy,ojt.synthetic.se190183@gmail.com,K19,BIT_IS_K19D_K20A,4,2026_Fall,66
SE190184,Huỳnh Anh Tuấn,ojt.synthetic.se190184@gmail.com,K19,BIT_IS_K18D_19A,4,2026_Fall,69
SE190185,Đỗ Anh Tuấn,ojt.synthetic.se190185@gmail.com,K19,BIT_IS_K19B,4,2026_Fall,69
SE190186,Bùi Khánh Linh,ojt.synthetic.se190186@gmail.com,K19,BIT_IS_K19C,4,2026_Fall,66
SE190187,Hoàng Bảo Ngọc,ojt.synthetic.se190187@gmail.com,K19,BIT_IS_K19D_K20A,4,2026_Fall,69
SE190188,Huỳnh Minh Anh,ojt.synthetic.se190188@gmail.com,K19,BIT_IS_K18D_19A,4,2026_Fall,69
SE190189,Nguyễn Quốc Bảo,ojt.synthetic.se190189@gmail.com,K19,BIT_IS_K19B,4,2026_Fall,69
SE190190,Bùi Gia Hân,ojt.synthetic.se190190@gmail.com,K19,BIT_IS_K19C,4,2026_Fall,69
SE190191,Nguyễn Phương Thảo,ojt.synthetic.se190191@gmail.com,K19,BIT_IS_K19D_K20A,4,2026_Fall,69
SE190192,Phan Quốc Bảo,ojt.synthetic.se190192@gmail.com,K19,BIT_IS_K18D_19A,4,2026_Fall,60
SE190193,Phạm Bảo Ngọc,ojt.synthetic.se190193@gmail.com,K19,BIT_IS_K19B,4,2026_Fall,63
SE190194,Nguyễn Phương Thảo,ojt.synthetic.se190194@gmail.com,K19,BIT_IS_K19C,4,2026_Fall,60
SE190195,Nguyễn Phương Thảo,ojt.synthetic.se190195@gmail.com,K19,BIT_IS_K19D_K20A,4,2026_Fall,69
SE190196,Phan Phương Thảo,ojt.synthetic.se190196@gmail.com,K19,BIT_IS_K18D_19A,4,2026_Fall,69
SE190197,Đỗ Hải Nam,ojt.synthetic.se190197@gmail.com,K19,BIT_IS_K19B,4,2026_Fall,66
SE190198,Phan Quang Huy,ojt.synthetic.se190198@gmail.com,K19,BIT_IS_K19C,4,2026_Fall,66
SE190199,Trần Ngọc Mai,ojt.synthetic.se190199@gmail.com,K19,BIT_IS_K19D_K20A,4,2026_Fall,54
SE190200,Nguyễn Tuấn Kiệt,ojt.synthetic.se190200@gmail.com,K19,BIT_IS_K18D_19A,4,2026_Fall,63
SE190201,Trần Hoàng Duy,ojt.synthetic.se190201@gmail.com,K19,BIT_IS_K19B,4,2026_Fall,57
SE190202,Phan Hải Nam,ojt.synthetic.se190202@gmail.com,K19,BIT_IS_K19C,4,2026_Fall,63
SE190203,Hoàng Đức Minh,ojt.synthetic.se190203@gmail.com,K19,BIT_IS_K19D_K20A,4,2026_Fall,60
SE190204,Lê Minh Quân,ojt.synthetic.se190204@gmail.com,K19,BIT_IS_K18D_19A,4,2026_Fall,69
SE190205,Bùi Trung Hiếu,ojt.synthetic.se190205@gmail.com,K19,BIT_IS_K19B,4,2026_Fall,66
SE190206,Trần Khánh Linh,ojt.synthetic.se190206@gmail.com,K19,BIT_IS_K19C,4,2026_Fall,69
SE190207,Vũ Hải Nam,ojt.synthetic.se190207@gmail.com,K19,BIT_IS_K19D_K20A,4,2026_Fall,57
SE190208,Nguyễn Ngọc Mai,ojt.synthetic.se190208@gmail.com,K19,BIT_IS_K18D_19A,4,2026_Fall,63
SE190209,Phan Bảo Ngọc,ojt.synthetic.se190209@gmail.com,K19,BIT_IS_K19B,4,2026_Fall,66
SE190210,Huỳnh Đức Minh,ojt.synthetic.se190210@gmail.com,K19,BIT_IS_K19C,4,2026_Fall,57
SE190211,Phạm Trung Hiếu,ojt.synthetic.se190211@gmail.com,K19,BIT_IS_K19D_K20A,4,2026_Fall,63
SE190212,Võ Tuấn Kiệt,ojt.synthetic.se190212@gmail.com,K19,BIT_IS_K18D_19A,4,2026_Fall,69
SE190213,Võ Bảo Ngọc,ojt.synthetic.se190213@gmail.com,K19,BIT_IS_K19B,4,2026_Fall,63
SE190214,Bùi Hoàng Duy,ojt.synthetic.se190214@gmail.com,K19,BIT_IS_K19C,4,2026_Fall,69
SE190215,Trần Phương Thảo,ojt.synthetic.se190215@gmail.com,K19,BIT_IS_K19D_K20A,4,2026_Fall,60
SE190216,Bùi Thanh Tâm,ojt.synthetic.se190216@gmail.com,K19,BIT_IS_K18D_19A,4,2026_Fall,69
SE190217,Hoàng Minh Anh,ojt.synthetic.se190217@gmail.com,K19,BIT_IS_K19B,4,2026_Fall,69
SE190218,Lê Đức Minh,ojt.synthetic.se190218@gmail.com,K19,BIT_IS_K19C,4,2026_Fall,60
SE190219,Phan Minh Anh,ojt.synthetic.se190219@gmail.com,K19,BIT_IS_K19D_K20A,4,2026_Fall,60
SE190220,Bùi Minh Anh,ojt.synthetic.se190220@gmail.com,K19,BIT_IS_K18D_19A,4,2026_Fall,57
SE190221,Nguyễn Ngọc Mai,ojt.synthetic.se190221@gmail.com,K19,BIT_IS_K19B,4,2026_Fall,66
SE190222,Huỳnh Ngọc Mai,ojt.synthetic.se190222@gmail.com,K19,BIT_IS_K19C,4,2026_Fall,60
SE190223,Phạm Hoàng Duy,ojt.synthetic.se190223@gmail.com,K19,BIT_IS_K19D_K20A,4,2026_Fall,66
SE190224,Trần Đức Minh,ojt.synthetic.se190224@gmail.com,K19,BIT_IS_K18D_19A,4,2026_Fall,69
SE190225,Bùi Anh Tuấn,ojt.synthetic.se190225@gmail.com,K19,BIT_IS_K19B,4,2026_Fall,60
SE190226,Đỗ Tuấn Kiệt,ojt.synthetic.se190226@gmail.com,K19,BIT_IS_K19C,4,2026_Fall,63
SE190227,Bùi Thanh Tâm,ojt.synthetic.se190227@gmail.com,K19,BIT_IS_K19D_K20A,4,2026_Fall,66
SE190228,Hoàng Quốc Bảo,ojt.synthetic.se190228@gmail.com,K19,BIT_IS_K18D_19A,4,2026_Fall,69
SE190229,Vũ Quốc Bảo,ojt.synthetic.se190229@gmail.com,K19,BIT_IS_K19B,4,2026_Fall,66
SE190230,Nguyễn Hoàng Duy,ojt.synthetic.se190230@gmail.com,K19,BIT_IS_K19C,4,2026_Fall,60
SE190231,Hoàng Quang Huy,ojt.synthetic.se190231@gmail.com,K19,BIT_IS_K19D_K20A,4,2026_Fall,69
SE190232,Huỳnh Quang Huy,ojt.synthetic.se190232@gmail.com,K19,BIT_IS_K18D_19A,4,2026_Fall,63
SE190233,Phạm Minh Quân,ojt.synthetic.se190233@gmail.com,K19,BIT_IS_K19B,4,2026_Fall,63
SE190234,Phan Minh Quân,ojt.synthetic.se190234@gmail.com,K19,BIT_IS_K19C,4,2026_Fall,57
SE190235,Phạm Trung Hiếu,ojt.synthetic.se190235@gmail.com,K19,BIT_IS_K19D_K20A,4,2026_Fall,63
SE190236,Võ Khánh Linh,ojt.synthetic.se190236@gmail.com,K19,BIT_IS_K18D_19A,4,2026_Fall,60
SE190237,Lê Minh Quân,ojt.synthetic.se190237@gmail.com,K19,BIT_IS_K19B,4,2026_Fall,60
SE190238,Lê Minh Anh,ojt.synthetic.se190238@gmail.com,K19,BIT_IS_K19C,4,2026_Fall,57
SE190239,Nguyễn Thanh Tâm,ojt.synthetic.se190239@gmail.com,K19,BIT_IS_K19D_K20A,4,2026_Fall,60
SE190240,Vũ Quang Huy,ojt.synthetic.se190240@gmail.com,K19,BIT_IS_K18D_19A,4,2026_Fall,69
SE190241,Huỳnh Trung Hiếu,ojt.synthetic.se190241@gmail.com,K19,BIT_IS_K19B,4,2026_Fall,69
SE190242,Phạm Phương Thảo,ojt.synthetic.se190242@gmail.com,K19,BIT_IS_K19C,4,2026_Fall,66
SE190243,Phạm Đức Minh,ojt.synthetic.se190243@gmail.com,K19,BIT_IS_K19D_K20A,4,2026_Fall,69
SE190244,Nguyễn Minh Quân,ojt.synthetic.se190244@gmail.com,K19,BIT_IS_K18D_19A,4,2026_Fall,69
SE190245,Lê Trung Hiếu,ojt.synthetic.se190245@gmail.com,K19,BIT_IS_K19B,4,2026_Fall,69
SE190246,Hoàng Minh Anh,ojt.synthetic.se190246@gmail.com,K19,BIT_IS_K19C,4,2026_Fall,69
SE190247,Đặng Ngọc Mai,ojt.synthetic.se190247@gmail.com,K19,BIT_IS_K19D_K20A,4,2026_Fall,69
SE190248,Lê Phương Thảo,ojt.synthetic.se190248@gmail.com,K19,BIT_IS_K18D_19A,4,2026_Fall,66
SE190249,Bùi Hoàng Duy,ojt.synthetic.se190249@gmail.com,K19,BIT_IS_K19B,4,2026_Fall,60
SE190250,Trần Đức Minh,ojt.synthetic.se190250@gmail.com,K19,BIT_IS_K19C,4,2026_Fall,60
SE190251,Hoàng Thanh Tâm,ojt.synthetic.se190251@gmail.com,K19,BIT_IS_K19D_K20A,4,2026_Fall,63
SE190252,Trần Quốc Bảo,ojt.synthetic.se190252@gmail.com,K19,BIT_IS_K18D_19A,4,2026_Fall,57
SE190253,Phan Tuấn Kiệt,ojt.synthetic.se190253@gmail.com,K19,BIT_IS_K19B,4,2026_Fall,66
SE190254,Nguyễn Đức Minh,ojt.synthetic.se190254@gmail.com,K19,BIT_IS_K19C,4,2026_Fall,57
SE190255,Đặng Gia Hân,ojt.synthetic.se190255@gmail.com,K19,BIT_IS_K19D_K20A,4,2026_Fall,66
SE190256,Võ Minh Anh,ojt.synthetic.se190256@gmail.com,K19,BIT_IS_K18D_19A,4,2026_Fall,69
SE190257,Hoàng Anh Tuấn,ojt.synthetic.se190257@gmail.com,K19,BIT_IS_K19B,4,2026_Fall,54
SE190258,Trần Ngọc Mai,ojt.synthetic.se190258@gmail.com,K19,BIT_IS_K19C,4,2026_Fall,54
SE190259,Nguyễn Trung Hiếu,ojt.synthetic.se190259@gmail.com,K19,BIT_IS_K19D_K20A,4,2026_Fall,66
SE190260,Huỳnh Hải Nam,ojt.synthetic.se190260@gmail.com,K19,BIT_IS_K18D_19A,4,2026_Fall,69
SE190261,Võ Gia Hân,ojt.synthetic.se190261@gmail.com,K19,BIT_IS_K19B,4,2026_Fall,69
SE190262,Võ Thanh Tâm,ojt.synthetic.se190262@gmail.com,K19,BIT_IS_K19C,4,2026_Fall,60
SE190263,Vũ Quốc Bảo,ojt.synthetic.se190263@gmail.com,K19,BIT_IS_K19D_K20A,4,2026_Fall,69
SE190264,Võ Phương Thảo,ojt.synthetic.se190264@gmail.com,K19,BIT_IS_K18D_19A,4,2026_Fall,63
SE190265,Lê Phương Thảo,ojt.synthetic.se190265@gmail.com,K19,BIT_IS_K19B,4,2026_Fall,69
SE190266,Đặng Đức Minh,ojt.synthetic.se190266@gmail.com,K19,BIT_IS_K19C,4,2026_Fall,57
SE190267,Phan Quốc Bảo,ojt.synthetic.se190267@gmail.com,K19,BIT_IS_K19D_K20A,4,2026_Fall,69
SE190268,Trần Phương Thảo,ojt.synthetic.se190268@gmail.com,K19,BIT_IS_K18D_19A,4,2026_Fall,69
SE190269,Phan Trung Hiếu,ojt.synthetic.se190269@gmail.com,K19,BIT_IS_K19B,4,2026_Fall,63
SE190270,Đặng Minh Anh,ojt.synthetic.se190270@gmail.com,K19,BIT_IS_K19C,4,2026_Fall,69
SE190271,Đặng Hoàng Duy,ojt.synthetic.se190271@gmail.com,K19,BIT_IS_K19D_K20A,4,2026_Fall,57
SE190272,Đỗ Trung Hiếu,ojt.synthetic.se190272@gmail.com,K19,BIT_IS_K18D_19A,4,2026_Fall,69
SE190273,Đỗ Quốc Bảo,ojt.synthetic.se190273@gmail.com,K19,BIT_IS_K19B,4,2026_Fall,63
SE190274,Nguyễn Hoàng Duy,ojt.synthetic.se190274@gmail.com,K19,BIT_IS_K19C,4,2026_Fall,69
SE190275,Phan Minh Quân,ojt.synthetic.se190275@gmail.com,K19,BIT_IS_K19D_K20A,4,2026_Fall,60
SE190276,Phan Ngọc Mai,ojt.synthetic.se190276@gmail.com,K19,BIT_IS_K18D_19A,4,2026_Fall,69
SE190277,Hoàng Trung Hiếu,ojt.synthetic.se190277@gmail.com,K19,BIT_IS_K19B,4,2026_Fall,60
SE190278,Đỗ Ngọc Mai,ojt.synthetic.se190278@gmail.com,K19,BIT_IS_K19C,4,2026_Fall,66
SE190279,Huỳnh Minh Quân,ojt.synthetic.se190279@gmail.com,K19,BIT_IS_K19D_K20A,4,2026_Fall,66
SE190280,Lê Hoàng Duy,ojt.synthetic.se190280@gmail.com,K19,BIT_IS_K18D_19A,4,2026_Fall,66
SE190281,Trần Phương Thảo,ojt.synthetic.se190281@gmail.com,K19,BIT_IS_K19B,4,2026_Fall,69
SE190282,Hoàng Ngọc Mai,ojt.synthetic.se190282@gmail.com,K19,BIT_IS_K19C,4,2026_Fall,69
SE190283,Vũ Gia Hân,ojt.synthetic.se190283@gmail.com,K19,BIT_IS_K19D_K20A,4,2026_Fall,60
SE190284,Hoàng Quang Huy,ojt.synthetic.se190284@gmail.com,K19,BIT_IS_K18D_19A,4,2026_Fall,63
SE190285,Nguyễn Hải Nam,ojt.synthetic.se190285@gmail.com,K19,BIT_IS_K19B,4,2026_Fall,66
SE190286,Lê Bảo Ngọc,ojt.synthetic.se190286@gmail.com,K19,BIT_IS_K19C,4,2026_Fall,66
SE190287,Đặng Minh Anh,ojt.synthetic.se190287@gmail.com,K19,BIT_IS_K19D_K20A,4,2026_Fall,69
SE190288,Võ Đức Minh,ojt.synthetic.se190288@gmail.com,K19,BIT_IS_K18D_19A,4,2026_Fall,63
SE190289,Bùi Ngọc Mai,ojt.synthetic.se190289@gmail.com,K19,BIT_IS_K19B,4,2026_Fall,60
SE190290,Trần Hải Nam,ojt.synthetic.se190290@gmail.com,K19,BIT_IS_K19C,4,2026_Fall,60
SE190291,Đặng Anh Tuấn,ojt.synthetic.se190291@gmail.com,K19,BIT_IS_K19D_K20A,4,2026_Fall,63
SE190292,Lê Ngọc Mai,ojt.synthetic.se190292@gmail.com,K19,BIT_IS_K18D_19A,4,2026_Fall,63
SE190293,Bùi Gia Hân,ojt.synthetic.se190293@gmail.com,K19,BIT_IS_K19B,4,2026_Fall,60
SE190294,Phạm Tuấn Kiệt,ojt.synthetic.se190294@gmail.com,K19,BIT_IS_K19C,4,2026_Fall,69
SE190295,Vũ Minh Anh,ojt.synthetic.se190295@gmail.com,K19,BIT_IS_K19D_K20A,4,2026_Fall,60
SE190296,Vũ Ngọc Mai,ojt.synthetic.se190296@gmail.com,K19,BIT_IS_K18D_19A,4,2026_Fall,66
SE190297,Huỳnh Trung Hiếu,ojt.synthetic.se190297@gmail.com,K19,BIT_IS_K19B,4,2026_Fall,60
SE190298,Lê Hải Nam,ojt.synthetic.se190298@gmail.com,K19,BIT_IS_K19C,4,2026_Fall,69
SE190299,Đỗ Hải Nam,ojt.synthetic.se190299@gmail.com,K19,BIT_IS_K19D_K20A,4,2026_Fall,66
SE190300,Phạm Hải Nam,ojt.synthetic.se190300@gmail.com,K19,BIT_IS_K18D_19A,4,2026_Fall,69
SE190301,Huỳnh Hải Nam,ojt.synthetic.se190301@gmail.com,K19,BIT_IS_K19B,4,2026_Fall,60
SE190302,Đặng Minh Quân,ojt.synthetic.se190302@gmail.com,K19,BIT_IS_K19C,4,2026_Fall,66
SE190303,Phạm Phương Thảo,ojt.synthetic.se190303@gmail.com,K19,BIT_IS_K19D_K20A,4,2026_Fall,63
SE190304,Vũ Khánh Linh,ojt.synthetic.se190304@gmail.com,K19,BIT_IS_K18D_19A,4,2026_Fall,69
SE190305,Huỳnh Bảo Ngọc,ojt.synthetic.se190305@gmail.com,K19,BIT_IS_K19B,4,2026_Fall,57
SE190306,Đặng Minh Anh,ojt.synthetic.se190306@gmail.com,K19,BIT_IS_K19C,4,2026_Fall,69
SE190307,Hoàng Gia Hân,ojt.synthetic.se190307@gmail.com,K19,BIT_IS_K19D_K20A,4,2026_Fall,66
SE190308,Võ Thanh Tâm,ojt.synthetic.se190308@gmail.com,K19,BIT_IS_K18D_19A,4,2026_Fall,63
SE190309,Vũ Bảo Ngọc,ojt.synthetic.se190309@gmail.com,K19,BIT_IS_K19B,4,2026_Fall,66
SE190310,Bùi Trung Hiếu,ojt.synthetic.se190310@gmail.com,K19,BIT_IS_K19C,4,2026_Fall,63
SE190311,Đỗ Minh Quân,ojt.synthetic.se190311@gmail.com,K19,BIT_IS_K19D_K20A,4,2026_Fall,63
SE190312,Vũ Ngọc Mai,ojt.synthetic.se190312@gmail.com,K19,BIT_IS_K18D_19A,4,2026_Fall,66
SE190313,Bùi Quang Huy,ojt.synthetic.se190313@gmail.com,K19,BIT_IS_K19B,4,2026_Fall,60
SE190314,Phạm Đức Minh,ojt.synthetic.se190314@gmail.com,K19,BIT_IS_K19C,4,2026_Fall,60
SE190315,Đỗ Quang Huy,ojt.synthetic.se190315@gmail.com,K19,BIT_IS_K19D_K20A,4,2026_Fall,63
SE190316,Võ Anh Tuấn,ojt.synthetic.se190316@gmail.com,K19,BIT_IS_K18D_19A,4,2026_Fall,66
SE190317,Trần Hoàng Duy,ojt.synthetic.se190317@gmail.com,K19,BIT_IS_K19B,4,2026_Fall,69
SE190318,Đỗ Tuấn Kiệt,ojt.synthetic.se190318@gmail.com,K19,BIT_IS_K19C,4,2026_Fall,66
SE190319,Nguyễn Thanh Tâm,ojt.synthetic.se190319@gmail.com,K19,BIT_IS_K19D_K20A,4,2026_Fall,57
SE190320,Phan Gia Hân,ojt.synthetic.se190320@gmail.com,K19,BIT_IS_K18D_19A,4,2026_Fall,69
SE190321,Bùi Đức Minh,ojt.synthetic.se190321@gmail.com,K19,BIT_IS_K19B,4,2026_Fall,69
SE190322,Nguyễn Thanh Tâm,ojt.synthetic.se190322@gmail.com,K19,BIT_IS_K19C,4,2026_Fall,54
SE190323,Phan Quang Huy,ojt.synthetic.se190323@gmail.com,K19,BIT_IS_K19D_K20A,4,2026_Fall,69
SE190324,Phan Quang Huy,ojt.synthetic.se190324@gmail.com,K19,BIT_IS_K18D_19A,4,2026_Fall,69
SE190325,Đỗ Quốc Bảo,ojt.synthetic.se190325@gmail.com,K19,BIT_IS_K19B,4,2026_Fall,69
SE190326,Đặng Phương Thảo,ojt.synthetic.se190326@gmail.com,K19,BIT_IS_K19C,4,2026_Fall,57
SE190327,Phạm Quang Huy,ojt.synthetic.se190327@gmail.com,K19,BIT_IS_K19D_K20A,4,2026_Fall,63
SE190328,Hoàng Phương Thảo,ojt.synthetic.se190328@gmail.com,K19,BIT_IS_K18D_19A,4,2026_Fall,66
SE190329,Nguyễn Tuấn Kiệt,ojt.synthetic.se190329@gmail.com,K19,BIT_IS_K19B,4,2026_Fall,66
SE190330,Phan Minh Quân,ojt.synthetic.se190330@gmail.com,K19,BIT_IS_K19C,4,2026_Fall,57
SE190331,Võ Khánh Linh,ojt.synthetic.se190331@gmail.com,K19,BIT_IS_K19D_K20A,4,2026_Fall,60
SE190332,Hoàng Đức Minh,ojt.synthetic.se190332@gmail.com,K19,BIT_IS_K18D_19A,4,2026_Fall,63
SE190333,Vũ Quang Huy,ojt.synthetic.se190333@gmail.com,K19,BIT_IS_K19B,4,2026_Fall,69
SE190334,Lê Hoàng Duy,ojt.synthetic.se190334@gmail.com,K19,BIT_IS_K19C,4,2026_Fall,60
SE190335,Phạm Minh Quân,ojt.synthetic.se190335@gmail.com,K19,BIT_IS_K19D_K20A,4,2026_Fall,69
SE190336,Phạm Minh Anh,ojt.synthetic.se190336@gmail.com,K19,BIT_IS_K18D_19A,4,2026_Fall,60
SE190337,Hoàng Gia Hân,ojt.synthetic.se190337@gmail.com,K19,BIT_IS_K19B,4,2026_Fall,69
SE190338,Đỗ Trung Hiếu,ojt.synthetic.se190338@gmail.com,K19,BIT_IS_K19C,4,2026_Fall,69
SE190339,Phạm Bảo Ngọc,ojt.synthetic.se190339@gmail.com,K19,BIT_IS_K19D_K20A,4,2026_Fall,57
SE190340,Hoàng Quốc Bảo,ojt.synthetic.se190340@gmail.com,K19,BIT_IS_K18D_19A,4,2026_Fall,57
SE190341,Trần Minh Anh,ojt.synthetic.se190341@gmail.com,K19,BIT_IS_K19B,4,2026_Fall,54
SE190342,Huỳnh Quang Huy,ojt.synthetic.se190342@gmail.com,K19,BIT_IS_K19C,4,2026_Fall,69
SE190343,Phan Minh Quân,ojt.synthetic.se190343@gmail.com,K19,BIT_IS_K19D_K20A,4,2026_Fall,54
SE190344,Bùi Hoàng Duy,ojt.synthetic.se190344@gmail.com,K19,BIT_IS_K18D_19A,4,2026_Fall,57
SE190345,Võ Minh Anh,ojt.synthetic.se190345@gmail.com,K19,BIT_IS_K19B,4,2026_Fall,66
SE190346,Đỗ Minh Anh,ojt.synthetic.se190346@gmail.com,K19,BIT_IS_K19C,4,2026_Fall,69
SE190347,Đặng Phương Thảo,ojt.synthetic.se190347@gmail.com,K19,BIT_IS_K19D_K20A,4,2026_Fall,66
SE190348,Võ Hoàng Duy,ojt.synthetic.se190348@gmail.com,K19,BIT_IS_K18D_19A,4,2026_Fall,57
SE190349,Phạm Phương Thảo,ojt.synthetic.se190349@gmail.com,K19,BIT_IS_K19B,4,2026_Fall,60
SE190350,Phạm Quốc Bảo,ojt.synthetic.se190350@gmail.com,K19,BIT_IS_K19C,4,2026_Fall,57
SE190351,Hoàng Trung Hiếu,ojt.synthetic.se190351@gmail.com,K19,BIT_IS_K19D_K20A,4,2026_Fall,63
SE190352,Huỳnh Quốc Bảo,ojt.synthetic.se190352@gmail.com,K19,BIT_IS_K18D_19A,4,2026_Fall,66
SE190353,Vũ Quang Huy,ojt.synthetic.se190353@gmail.com,K19,BIT_IS_K19B,4,2026_Fall,69
SE190354,Bùi Anh Tuấn,ojt.synthetic.se190354@gmail.com,K19,BIT_IS_K19C,4,2026_Fall,69
SE190355,Lê Bảo Ngọc,ojt.synthetic.se190355@gmail.com,K19,BIT_IS_K19D_K20A,4,2026_Fall,63
SE190356,Đỗ Gia Hân,ojt.synthetic.se190356@gmail.com,K19,BIT_IS_K18D_19A,4,2026_Fall,63
SE190357,Vũ Khánh Linh,ojt.synthetic.se190357@gmail.com,K19,BIT_IS_K19B,4,2026_Fall,63
SE190358,Huỳnh Minh Quân,ojt.synthetic.se190358@gmail.com,K19,BIT_IS_K19C,4,2026_Fall,69
SE190359,Võ Đức Minh,ojt.synthetic.se190359@gmail.com,K19,BIT_IS_K19D_K20A,4,2026_Fall,57
SE190360,Đỗ Quốc Bảo,ojt.synthetic.se190360@gmail.com,K19,BIT_IS_K18D_19A,4,2026_Fall,63
SE190361,Hoàng Gia Hân,ojt.synthetic.se190361@gmail.com,K19,BIT_IS_K19B,4,2026_Fall,54
SE190362,Đặng Bảo Ngọc,ojt.synthetic.se190362@gmail.com,K19,BIT_IS_K19C,4,2026_Fall,57
SE190363,Trần Trung Hiếu,ojt.synthetic.se190363@gmail.com,K19,BIT_IS_K19D_K20A,4,2026_Fall,66
SE190364,Phan Khánh Linh,ojt.synthetic.se190364@gmail.com,K19,BIT_IS_K18D_19A,4,2026_Fall,60
SE190365,Huỳnh Tuấn Kiệt,ojt.synthetic.se190365@gmail.com,K19,BIT_IS_K19B,4,2026_Fall,66
SE190366,Phan Bảo Ngọc,ojt.synthetic.se190366@gmail.com,K19,BIT_IS_K19C,4,2026_Fall,66
SE190367,Phạm Khánh Linh,ojt.synthetic.se190367@gmail.com,K19,BIT_IS_K19D_K20A,4,2026_Fall,63
SE190368,Bùi Thanh Tâm,ojt.synthetic.se190368@gmail.com,K19,BIT_IS_K18D_19A,4,2026_Fall,69
SE190369,Hoàng Ngọc Mai,ojt.synthetic.se190369@gmail.com,K19,BIT_IS_K19B,4,2026_Fall,69
SE190370,Huỳnh Anh Tuấn,ojt.synthetic.se190370@gmail.com,K19,BIT_IS_K19C,4,2026_Fall,69
SE190371,Phạm Thanh Tâm,ojt.synthetic.se190371@gmail.com,K19,BIT_IS_K19D_K20A,4,2026_Fall,63
SE190372,Võ Hải Nam,ojt.synthetic.se190372@gmail.com,K19,BIT_IS_K18D_19A,4,2026_Fall,69
SE190373,Bùi Đức Minh,ojt.synthetic.se190373@gmail.com,K19,BIT_IS_K19B,4,2026_Fall,69
SE190374,Lê Quang Huy,ojt.synthetic.se190374@gmail.com,K19,BIT_IS_K19C,4,2026_Fall,69
SE190375,Phạm Quốc Bảo,ojt.synthetic.se190375@gmail.com,K19,BIT_IS_K19D_K20A,4,2026_Fall,60
SE190376,Phạm Tuấn Kiệt,ojt.synthetic.se190376@gmail.com,K19,BIT_IS_K18D_19A,4,2026_Fall,63
SE190377,Phạm Hoàng Duy,ojt.synthetic.se190377@gmail.com,K19,BIT_IS_K19B,4,2026_Fall,60
SE190378,Lê Anh Tuấn,ojt.synthetic.se190378@gmail.com,K19,BIT_IS_K19C,4,2026_Fall,66
SE190379,Huỳnh Bảo Ngọc,ojt.synthetic.se190379@gmail.com,K19,BIT_IS_K19D_K20A,4,2026_Fall,66
SE190380,Đặng Đức Minh,ojt.synthetic.se190380@gmail.com,K19,BIT_IS_K18D_19A,4,2026_Fall,66
SE190381,Trần Thanh Tâm,ojt.synthetic.se190381@gmail.com,K19,BIT_IS_K19B,4,2026_Fall,57
SE190382,Phạm Trung Hiếu,ojt.synthetic.se190382@gmail.com,K19,BIT_IS_K19C,4,2026_Fall,57
SE190383,Huỳnh Phương Thảo,ojt.synthetic.se190383@gmail.com,K19,BIT_IS_K19D_K20A,4,2026_Fall,66
SE190384,Phan Anh Tuấn,ojt.synthetic.se190384@gmail.com,K19,BIT_IS_K18D_19A,4,2026_Fall,60
SE190385,Võ Minh Anh,ojt.synthetic.se190385@gmail.com,K19,BIT_IS_K19B,4,2026_Fall,66
SE190386,Vũ Minh Quân,ojt.synthetic.se190386@gmail.com,K19,BIT_IS_K19C,4,2026_Fall,63
SE190387,Võ Quốc Bảo,ojt.synthetic.se190387@gmail.com,K19,BIT_IS_K19D_K20A,4,2026_Fall,60
SE190388,Trần Gia Hân,ojt.synthetic.se190388@gmail.com,K19,BIT_IS_K18D_19A,4,2026_Fall,60
SE190389,Võ Minh Anh,ojt.synthetic.se190389@gmail.com,K19,BIT_IS_K19B,4,2026_Fall,54
SE190390,Đỗ Gia Hân,ojt.synthetic.se190390@gmail.com,K19,BIT_IS_K19C,4,2026_Fall,69
SE190391,Đỗ Quốc Bảo,ojt.synthetic.se190391@gmail.com,K19,BIT_IS_K19D_K20A,4,2026_Fall,66
SE190392,Hoàng Minh Anh,ojt.synthetic.se190392@gmail.com,K19,BIT_IS_K18D_19A,4,2026_Fall,66
SE190393,Hoàng Tuấn Kiệt,ojt.synthetic.se190393@gmail.com,K19,BIT_IS_K19B,4,2026_Fall,63
SE190394,Phạm Quang Huy,ojt.synthetic.se190394@gmail.com,K19,BIT_IS_K19C,4,2026_Fall,63
SE190395,Trần Phương Thảo,ojt.synthetic.se190395@gmail.com,K19,BIT_IS_K19D_K20A,4,2026_Fall,57
SE190396,Đặng Bảo Ngọc,ojt.synthetic.se190396@gmail.com,K19,BIT_IS_K18D_19A,4,2026_Fall,57
SE190397,Lê Quang Huy,ojt.synthetic.se190397@gmail.com,K19,BIT_IS_K19B,4,2026_Fall,66
SE190398,Nguyễn Minh Anh,ojt.synthetic.se190398@gmail.com,K19,BIT_IS_K19C,4,2026_Fall,60
SE190399,Võ Minh Anh,ojt.synthetic.se190399@gmail.com,K19,BIT_IS_K19D_K20A,4,2026_Fall,69
SE190400,Nguyễn Minh Quân,ojt.synthetic.se190400@gmail.com,K19,BIT_IS_K18D_19A,4,2026_Fall,63
SE190401,Võ Hải Nam,ojt.synthetic.se190401@gmail.com,K19,BIT_IS_K19B,4,2026_Fall,63
SE190402,Vũ Bảo Ngọc,ojt.synthetic.se190402@gmail.com,K19,BIT_IS_K19C,4,2026_Fall,66
SE190403,Lê Trung Hiếu,ojt.synthetic.se190403@gmail.com,K19,BIT_IS_K19D_K20A,4,2026_Fall,69
SE190404,Phạm Gia Hân,ojt.synthetic.se190404@gmail.com,K19,BIT_IS_K18D_19A,4,2026_Fall,63
SE190405,Võ Đức Minh,ojt.synthetic.se190405@gmail.com,K19,BIT_IS_K19B,4,2026_Fall,69
SE190406,Đặng Tuấn Kiệt,ojt.synthetic.se190406@gmail.com,K19,BIT_IS_K19C,4,2026_Fall,69
SE190407,Nguyễn Tuấn Kiệt,ojt.synthetic.se190407@gmail.com,K19,BIT_IS_K19D_K20A,4,2026_Fall,69
SE190408,Phạm Phương Thảo,ojt.synthetic.se190408@gmail.com,K19,BIT_IS_K18D_19A,4,2026_Fall,69
SE190409,Đỗ Tuấn Kiệt,ojt.synthetic.se190409@gmail.com,K19,BIT_IS_K19B,4,2026_Fall,66
SE190410,Vũ Anh Tuấn,ojt.synthetic.se190410@gmail.com,K19,BIT_IS_K19C,4,2026_Fall,63
SE190411,Đặng Khánh Linh,ojt.synthetic.se190411@gmail.com,K19,BIT_IS_K19D_K20A,4,2026_Fall,69
SE190412,Phan Minh Quân,ojt.synthetic.se190412@gmail.com,K19,BIT_IS_K18D_19A,4,2026_Fall,63
SE190413,Phan Bảo Ngọc,ojt.synthetic.se190413@gmail.com,K19,BIT_IS_K19B,4,2026_Fall,66
SE190414,Bùi Minh Quân,ojt.synthetic.se190414@gmail.com,K19,BIT_IS_K19C,4,2026_Fall,66
SE190415,Vũ Ngọc Mai,ojt.synthetic.se190415@gmail.com,K19,BIT_IS_K19D_K20A,4,2026_Fall,69
SE190416,Phạm Trung Hiếu,ojt.synthetic.se190416@gmail.com,K19,BIT_IS_K18D_19A,4,2026_Fall,66
SE190417,Nguyễn Ngọc Mai,ojt.synthetic.se190417@gmail.com,K19,BIT_IS_K19B,4,2026_Fall,69
SE190418,Nguyễn Tuấn Kiệt,ojt.synthetic.se190418@gmail.com,K19,BIT_IS_K19C,4,2026_Fall,66
SE190419,Đặng Đức Minh,ojt.synthetic.se190419@gmail.com,K19,BIT_IS_K19D_K20A,4,2026_Fall,66
SE190420,Phạm Minh Quân,ojt.synthetic.se190420@gmail.com,K19,BIT_IS_K18D_19A,4,2026_Fall,60
SE190421,Phan Bảo Ngọc,ojt.synthetic.se190421@gmail.com,K19,BIT_IS_K19B,4,2026_Fall,69
SE190422,Nguyễn Minh Quân,ojt.synthetic.se190422@gmail.com,K19,BIT_IS_K19C,4,2026_Fall,57
SE190423,Phạm Hoàng Duy,ojt.synthetic.se190423@gmail.com,K19,BIT_IS_K19D_K20A,4,2026_Fall,63
SE190424,Đỗ Gia Hân,ojt.synthetic.se190424@gmail.com,K19,BIT_IS_K18D_19A,4,2026_Fall,60
SE190425,Lê Hoàng Duy,ojt.synthetic.se190425@gmail.com,K19,BIT_IS_K19B,4,2026_Fall,54
SE190426,Lê Thanh Tâm,ojt.synthetic.se190426@gmail.com,K19,BIT_IS_K19C,4,2026_Fall,69
SE190427,Võ Thanh Tâm,ojt.synthetic.se190427@gmail.com,K19,BIT_IS_K19D_K20A,4,2026_Fall,66
SE190428,Huỳnh Thanh Tâm,ojt.synthetic.se190428@gmail.com,K19,BIT_IS_K18D_19A,4,2026_Fall,66
SE190429,Bùi Anh Tuấn,ojt.synthetic.se190429@gmail.com,K19,BIT_IS_K19B,4,2026_Fall,69
SE190430,Đặng Phương Thảo,ojt.synthetic.se190430@gmail.com,K19,BIT_IS_K19C,4,2026_Fall,66
SE190431,Võ Trung Hiếu,ojt.synthetic.se190431@gmail.com,K19,BIT_IS_K19D_K20A,4,2026_Fall,69
SE190432,Vũ Khánh Linh,ojt.synthetic.se190432@gmail.com,K19,BIT_IS_K18D_19A,4,2026_Fall,63
SE190433,Vũ Thanh Tâm,ojt.synthetic.se190433@gmail.com,K19,BIT_IS_K19B,4,2026_Fall,66
SE190434,Đặng Minh Anh,ojt.synthetic.se190434@gmail.com,K19,BIT_IS_K19C,4,2026_Fall,66
SE190435,Đặng Quốc Bảo,ojt.synthetic.se190435@gmail.com,K19,BIT_IS_K19D_K20A,4,2026_Fall,66
SE190436,Vũ Quang Huy,ojt.synthetic.se190436@gmail.com,K19,BIT_IS_K18D_19A,4,2026_Fall,69
SE190437,Lê Bảo Ngọc,ojt.synthetic.se190437@gmail.com,K19,BIT_IS_K19B,4,2026_Fall,66
SE190438,Đặng Minh Quân,ojt.synthetic.se190438@gmail.com,K19,BIT_IS_K19C,4,2026_Fall,63
SE190439,Đỗ Quốc Bảo,ojt.synthetic.se190439@gmail.com,K19,BIT_IS_K19D_K20A,4,2026_Fall,60
SE190440,Đặng Quốc Bảo,ojt.synthetic.se190440@gmail.com,K19,BIT_IS_K18D_19A,4,2026_Fall,57
SE190441,Huỳnh Hải Nam,ojt.synthetic.se190441@gmail.com,K19,BIT_IS_K19B,4,2026_Fall,66
SE190442,Võ Gia Hân,ojt.synthetic.se190442@gmail.com,K19,BIT_IS_K19C,4,2026_Fall,63
SE190443,Phan Minh Quân,ojt.synthetic.se190443@gmail.com,K19,BIT_IS_K19D_K20A,4,2026_Fall,63
SE190444,Phạm Minh Quân,ojt.synthetic.se190444@gmail.com,K19,BIT_IS_K18D_19A,4,2026_Fall,69
SE190445,Phan Ngọc Mai,ojt.synthetic.se190445@gmail.com,K19,BIT_IS_K19B,4,2026_Fall,66
SE190446,Phan Anh Tuấn,ojt.synthetic.se190446@gmail.com,K19,BIT_IS_K19C,4,2026_Fall,60
SE190447,Trần Trung Hiếu,ojt.synthetic.se190447@gmail.com,K19,BIT_IS_K19D_K20A,4,2026_Fall,63
SE190448,Phan Bảo Ngọc,ojt.synthetic.se190448@gmail.com,K19,BIT_IS_K18D_19A,4,2026_Fall,63
SE190449,Hoàng Ngọc Mai,ojt.synthetic.se190449@gmail.com,K19,BIT_IS_K19B,4,2026_Fall,66
SE190450,Đỗ Thanh Tâm,ojt.synthetic.se190450@gmail.com,K19,BIT_IS_K19C,4,2026_Fall,60
SE190451,Lê Quang Huy,ojt.synthetic.se190451@gmail.com,K19,BIT_IS_K19D_K20A,4,2026_Fall,63
SE190452,Huỳnh Trung Hiếu,ojt.synthetic.se190452@gmail.com,K19,BIT_IS_K18D_19A,4,2026_Fall,60
SE190453,Đặng Quốc Bảo,ojt.synthetic.se190453@gmail.com,K19,BIT_IS_K19B,4,2026_Fall,66
SE190454,Đặng Quốc Bảo,ojt.synthetic.se190454@gmail.com,K19,BIT_IS_K19C,4,2026_Fall,63
SE190455,Nguyễn Ngọc Mai,ojt.synthetic.se190455@gmail.com,K19,BIT_IS_K19D_K20A,4,2026_Fall,63
SE190456,Võ Trung Hiếu,ojt.synthetic.se190456@gmail.com,K19,BIT_IS_K18D_19A,4,2026_Fall,60
SE190457,Phạm Hải Nam,ojt.synthetic.se190457@gmail.com,K19,BIT_IS_K19B,4,2026_Fall,66
SE190458,Hoàng Anh Tuấn,ojt.synthetic.se190458@gmail.com,K19,BIT_IS_K19C,4,2026_Fall,69
SE190459,Đỗ Tuấn Kiệt,ojt.synthetic.se190459@gmail.com,K19,BIT_IS_K19D_K20A,4,2026_Fall,69
SE190460,Trần Trung Hiếu,ojt.synthetic.se190460@gmail.com,K19,BIT_IS_K18D_19A,4,2026_Fall,69
SE190461,Lê Minh Quân,ojt.synthetic.se190461@gmail.com,K19,BIT_IS_K19B,4,2026_Fall,69
SE190462,Huỳnh Hoàng Duy,ojt.synthetic.se190462@gmail.com,K19,BIT_IS_K19C,4,2026_Fall,54
SE190463,Huỳnh Minh Anh,ojt.synthetic.se190463@gmail.com,K19,BIT_IS_K19D_K20A,4,2026_Fall,60
SE190464,Trần Anh Tuấn,ojt.synthetic.se190464@gmail.com,K19,BIT_IS_K18D_19A,4,2026_Fall,69
SE190465,Võ Khánh Linh,ojt.synthetic.se190465@gmail.com,K19,BIT_IS_K19B,4,2026_Fall,63
SE190466,Vũ Hải Nam,ojt.synthetic.se190466@gmail.com,K19,BIT_IS_K19C,4,2026_Fall,57
SE190467,Phạm Thanh Tâm,ojt.synthetic.se190467@gmail.com,K19,BIT_IS_K19D_K20A,4,2026_Fall,63
SE190468,Nguyễn Anh Tuấn,ojt.synthetic.se190468@gmail.com,K19,BIT_IS_K18D_19A,4,2026_Fall,66
SE190469,Bùi Quang Huy,ojt.synthetic.se190469@gmail.com,K19,BIT_IS_K19B,4,2026_Fall,63
SE190470,Võ Minh Quân,ojt.synthetic.se190470@gmail.com,K19,BIT_IS_K19C,4,2026_Fall,63
SE190471,Phan Minh Quân,ojt.synthetic.se190471@gmail.com,K19,BIT_IS_K19D_K20A,4,2026_Fall,69
SE190472,Huỳnh Bảo Ngọc,ojt.synthetic.se190472@gmail.com,K19,BIT_IS_K18D_19A,4,2026_Fall,66
SE190473,Hoàng Minh Quân,ojt.synthetic.se190473@gmail.com,K19,BIT_IS_K19B,4,2026_Fall,69
SE190474,Lê Trung Hiếu,ojt.synthetic.se190474@gmail.com,K19,BIT_IS_K19C,4,2026_Fall,63
SE190475,Nguyễn Quốc Bảo,ojt.synthetic.se190475@gmail.com,K19,BIT_IS_K19D_K20A,4,2026_Fall,63
SE190476,Đặng Thanh Tâm,ojt.synthetic.se190476@gmail.com,K19,BIT_IS_K18D_19A,4,2026_Fall,60
SE190477,Vũ Trung Hiếu,ojt.synthetic.se190477@gmail.com,K19,BIT_IS_K19B,4,2026_Fall,69
SE190478,Phạm Quang Huy,ojt.synthetic.se190478@gmail.com,K19,BIT_IS_K19C,4,2026_Fall,66
SE190479,Võ Hoàng Duy,ojt.synthetic.se190479@gmail.com,K19,BIT_IS_K19D_K20A,4,2026_Fall,63
SE190480,Vũ Minh Quân,ojt.synthetic.se190480@gmail.com,K19,BIT_IS_K18D_19A,4,2026_Fall,69
SE190481,Vũ Anh Tuấn,ojt.synthetic.se190481@gmail.com,K19,BIT_IS_K19B,4,2026_Fall,63
SE190482,Hoàng Minh Quân,ojt.synthetic.se190482@gmail.com,K19,BIT_IS_K19C,4,2026_Fall,57
SE190483,Đặng Gia Hân,ojt.synthetic.se190483@gmail.com,K19,BIT_IS_K19D_K20A,4,2026_Fall,66
SE190484,Võ Trung Hiếu,ojt.synthetic.se190484@gmail.com,K19,BIT_IS_K18D_19A,4,2026_Fall,69
SE190485,Bùi Quốc Bảo,ojt.synthetic.se190485@gmail.com,K19,BIT_IS_K19B,4,2026_Fall,69
SE190486,Huỳnh Minh Anh,ojt.synthetic.se190486@gmail.com,K19,BIT_IS_K19C,4,2026_Fall,69
SE190487,Phan Quốc Bảo,ojt.synthetic.se190487@gmail.com,K19,BIT_IS_K19D_K20A,4,2026_Fall,69
SE190488,Đặng Hoàng Duy,ojt.synthetic.se190488@gmail.com,K19,BIT_IS_K18D_19A,4,2026_Fall,63
SE190489,Võ Trung Hiếu,ojt.synthetic.se190489@gmail.com,K19,BIT_IS_K19B,4,2026_Fall,60
SE190490,Trần Phương Thảo,ojt.synthetic.se190490@gmail.com,K19,BIT_IS_K19C,4,2026_Fall,69
SE190491,Vũ Anh Tuấn,ojt.synthetic.se190491@gmail.com,K19,BIT_IS_K19D_K20A,4,2026_Fall,69
SE190492,Huỳnh Minh Quân,ojt.synthetic.se190492@gmail.com,K19,BIT_IS_K18D_19A,4,2026_Fall,60
SE190493,Võ Thanh Tâm,ojt.synthetic.se190493@gmail.com,K19,BIT_IS_K19B,4,2026_Fall,57
SE190494,Phan Tuấn Kiệt,ojt.synthetic.se190494@gmail.com,K19,BIT_IS_K19C,4,2026_Fall,69
SE190495,Phan Quang Huy,ojt.synthetic.se190495@gmail.com,K19,BIT_IS_K19D_K20A,4,2026_Fall,66
SE190496,Võ Hải Nam,ojt.synthetic.se190496@gmail.com,K19,BIT_IS_K18D_19A,4,2026_Fall,60
SE190497,Lê Trung Hiếu,ojt.synthetic.se190497@gmail.com,K19,BIT_IS_K19B,4,2026_Fall,69
SE190498,Phạm Hoàng Duy,ojt.synthetic.se190498@gmail.com,K19,BIT_IS_K19C,4,2026_Fall,69
SE190499,Trần Quang Huy,ojt.synthetic.se190499@gmail.com,K19,BIT_IS_K19D_K20A,4,2026_Fall,69
SE190500,Lê Minh Quân,ojt.synthetic.se190500@gmail.com,K19,BIT_IS_K18D_19A,4,2026_Fall,63
SE190501,Hoàng Thanh Tâm,ojt.synthetic.se190501@gmail.com,K19,BIT_IS_K19B,4,2026_Fall,63
SE190502,Hoàng Hoàng Duy,ojt.synthetic.se190502@gmail.com,K19,BIT_IS_K19C,4,2026_Fall,69
SE190503,Bùi Khánh Linh,ojt.synthetic.se190503@gmail.com,K19,BIT_IS_K19D_K20A,4,2026_Fall,69
SE190504,Bùi Anh Tuấn,ojt.synthetic.se190504@gmail.com,K19,BIT_IS_K18D_19A,4,2026_Fall,63
SE190505,Nguyễn Tuấn Kiệt,ojt.synthetic.se190505@gmail.com,K19,BIT_IS_K19B,4,2026_Fall,63
SE190506,Võ Gia Hân,ojt.synthetic.se190506@gmail.com,K19,BIT_IS_K19C,4,2026_Fall,63
SE190507,Phạm Quốc Bảo,ojt.synthetic.se190507@gmail.com,K19,BIT_IS_K19D_K20A,4,2026_Fall,57
SE190508,Đỗ Ngọc Mai,ojt.synthetic.se190508@gmail.com,K19,BIT_IS_K18D_19A,4,2026_Fall,54
SE190509,Lê Trung Hiếu,ojt.synthetic.se190509@gmail.com,K19,BIT_IS_K19B,4,2026_Fall,63
SE190510,Huỳnh Khánh Linh,ojt.synthetic.se190510@gmail.com,K19,BIT_IS_K19C,4,2026_Fall,60
SE190511,Bùi Bảo Ngọc,ojt.synthetic.se190511@gmail.com,K19,BIT_IS_K19D_K20A,4,2026_Fall,66
SE190512,Lê Gia Hân,ojt.synthetic.se190512@gmail.com,K19,BIT_IS_K18D_19A,4,2026_Fall,66
SE190513,Đỗ Hoàng Duy,ojt.synthetic.se190513@gmail.com,K19,BIT_IS_K19B,4,2026_Fall,63
SE190514,Hoàng Phương Thảo,ojt.synthetic.se190514@gmail.com,K19,BIT_IS_K19C,4,2026_Fall,69
SE190515,Phạm Khánh Linh,ojt.synthetic.se190515@gmail.com,K19,BIT_IS_K19D_K20A,4,2026_Fall,66
SE190516,Đặng Trung Hiếu,ojt.synthetic.se190516@gmail.com,K19,BIT_IS_K18D_19A,4,2026_Fall,66
SE190517,Hoàng Đức Minh,ojt.synthetic.se190517@gmail.com,K19,BIT_IS_K19B,4,2026_Fall,60
SE190518,Hoàng Ngọc Mai,ojt.synthetic.se190518@gmail.com,K19,BIT_IS_K19C,4,2026_Fall,63
SE190519,Phan Đức Minh,ojt.synthetic.se190519@gmail.com,K19,BIT_IS_K19D_K20A,4,2026_Fall,66
SE190520,Nguyễn Hoàng Duy,ojt.synthetic.se190520@gmail.com,K19,BIT_IS_K18D_19A,4,2026_Fall,60
SE190521,Nguyễn Đức Minh,ojt.synthetic.se190521@gmail.com,K19,BIT_IS_K19B,4,2026_Fall,66
SE190522,Võ Minh Anh,ojt.synthetic.se190522@gmail.com,K19,BIT_IS_K19C,4,2026_Fall,66
SE190523,Hoàng Quang Huy,ojt.synthetic.se190523@gmail.com,K19,BIT_IS_K19D_K20A,4,2026_Fall,60
SE190524,Đặng Phương Thảo,ojt.synthetic.se190524@gmail.com,K19,BIT_IS_K18D_19A,4,2026_Fall,57
SE190525,Phan Ngọc Mai,ojt.synthetic.se190525@gmail.com,K19,BIT_IS_K19B,4,2026_Fall,54
SE190526,Vũ Thanh Tâm,ojt.synthetic.se190526@gmail.com,K19,BIT_IS_K19C,4,2026_Fall,66
SE190527,Bùi Hải Nam,ojt.synthetic.se190527@gmail.com,K19,BIT_IS_K19D_K20A,4,2026_Fall,63
SE190528,Hoàng Quốc Bảo,ojt.synthetic.se190528@gmail.com,K19,BIT_IS_K18D_19A,4,2026_Fall,66
SE190529,Trần Bảo Ngọc,ojt.synthetic.se190529@gmail.com,K19,BIT_IS_K19B,4,2026_Fall,66
SE190530,Huỳnh Thanh Tâm,ojt.synthetic.se190530@gmail.com,K19,BIT_IS_K19C,4,2026_Fall,54
SE190531,Phan Tuấn Kiệt,ojt.synthetic.se190531@gmail.com,K19,BIT_IS_K19D_K20A,4,2026_Fall,66
SE190532,Bùi Đức Minh,ojt.synthetic.se190532@gmail.com,K19,BIT_IS_K18D_19A,4,2026_Fall,66
SE190533,Trần Minh Quân,ojt.synthetic.se190533@gmail.com,K19,BIT_IS_K19B,4,2026_Fall,66
SE190534,Huỳnh Đức Minh,ojt.synthetic.se190534@gmail.com,K19,BIT_IS_K19C,4,2026_Fall,66
SE190535,Huỳnh Bảo Ngọc,ojt.synthetic.se190535@gmail.com,K19,BIT_IS_K19D_K20A,4,2026_Fall,66
SE190536,Vũ Quang Huy,ojt.synthetic.se190536@gmail.com,K19,BIT_IS_K18D_19A,4,2026_Fall,69
SE190537,Lê Ngọc Mai,ojt.synthetic.se190537@gmail.com,K19,BIT_IS_K19B,4,2026_Fall,69
SE190538,Trần Hoàng Duy,ojt.synthetic.se190538@gmail.com,K19,BIT_IS_K19C,4,2026_Fall,69
SE190539,Đặng Minh Quân,ojt.synthetic.se190539@gmail.com,K19,BIT_IS_K19D_K20A,4,2026_Fall,60
SE190540,Đỗ Minh Quân,ojt.synthetic.se190540@gmail.com,K19,BIT_IS_K18D_19A,4,2026_Fall,60
SE190541,Phan Ngọc Mai,ojt.synthetic.se190541@gmail.com,K19,BIT_IS_K19B,4,2026_Fall,66
SE190542,Đỗ Gia Hân,ojt.synthetic.se190542@gmail.com,K19,BIT_IS_K19C,4,2026_Fall,60
SE190543,Nguyễn Thanh Tâm,ojt.synthetic.se190543@gmail.com,K19,BIT_IS_K19D_K20A,4,2026_Fall,66
SE190544,Đỗ Hải Nam,ojt.synthetic.se190544@gmail.com,K19,BIT_IS_K18D_19A,4,2026_Fall,57
SE190545,Phạm Đức Minh,ojt.synthetic.se190545@gmail.com,K19,BIT_IS_K19B,4,2026_Fall,69
SE190546,Vũ Tuấn Kiệt,ojt.synthetic.se190546@gmail.com,K19,BIT_IS_K19C,4,2026_Fall,66
SE190547,Hoàng Minh Quân,ojt.synthetic.se190547@gmail.com,K19,BIT_IS_K19D_K20A,4,2026_Fall,69
SE190548,Vũ Gia Hân,ojt.synthetic.se190548@gmail.com,K19,BIT_IS_K18D_19A,4,2026_Fall,57
SE190549,Đỗ Hải Nam,ojt.synthetic.se190549@gmail.com,K19,BIT_IS_K19B,4,2026_Fall,57
SE190550,Phạm Quốc Bảo,ojt.synthetic.se190550@gmail.com,K19,BIT_IS_K19C,4,2026_Fall,66
SE190551,Nguyễn Hoàng Duy,ojt.synthetic.se190551@gmail.com,K19,BIT_IS_K19D_K20A,4,2026_Fall,63
SE190552,Bùi Ngọc Mai,ojt.synthetic.se190552@gmail.com,K19,BIT_IS_K18D_19A,4,2026_Fall,57
SE190553,Lê Đức Minh,ojt.synthetic.se190553@gmail.com,K19,BIT_IS_K19B,4,2026_Fall,63
SE190554,Đặng Bảo Ngọc,ojt.synthetic.se190554@gmail.com,K19,BIT_IS_K19C,4,2026_Fall,63
SE190555,Phan Trung Hiếu,ojt.synthetic.se190555@gmail.com,K19,BIT_IS_K19D_K20A,4,2026_Fall,63
SE190556,Đặng Quang Huy,ojt.synthetic.se190556@gmail.com,K19,BIT_IS_K18D_19A,4,2026_Fall,69
SE190557,Võ Hoàng Duy,ojt.synthetic.se190557@gmail.com,K19,BIT_IS_K19B,4,2026_Fall,60
SE190558,Võ Minh Quân,ojt.synthetic.se190558@gmail.com,K19,BIT_IS_K19C,4,2026_Fall,69
SE190559,Võ Ngọc Mai,ojt.synthetic.se190559@gmail.com,K19,BIT_IS_K19D_K20A,4,2026_Fall,63
SE190560,Hoàng Minh Anh,ojt.synthetic.se190560@gmail.com,K19,BIT_IS_K18D_19A,4,2026_Fall,54
SE190561,Đỗ Phương Thảo,ojt.synthetic.se190561@gmail.com,K19,BIT_IS_K19B,4,2026_Fall,63
SE190562,Võ Ngọc Mai,ojt.synthetic.se190562@gmail.com,K19,BIT_IS_K19C,4,2026_Fall,66
SE190563,Nguyễn Đức Minh,ojt.synthetic.se190563@gmail.com,K19,BIT_IS_K19D_K20A,4,2026_Fall,66
SE190564,Phan Đức Minh,ojt.synthetic.se190564@gmail.com,K19,BIT_IS_K18D_19A,4,2026_Fall,66
SE190565,Phạm Minh Quân,ojt.synthetic.se190565@gmail.com,K19,BIT_IS_K19B,4,2026_Fall,60
SE190566,Phan Hoàng Duy,ojt.synthetic.se190566@gmail.com,K19,BIT_IS_K19C,4,2026_Fall,69
SE190567,Hoàng Gia Hân,ojt.synthetic.se190567@gmail.com,K19,BIT_IS_K19D_K20A,4,2026_Fall,60
SE190568,Nguyễn Minh Quân,ojt.synthetic.se190568@gmail.com,K19,BIT_IS_K18D_19A,4,2026_Fall,57
SE190569,Lê Trung Hiếu,ojt.synthetic.se190569@gmail.com,K19,BIT_IS_K19B,4,2026_Fall,66
SE190570,Nguyễn Hoàng Duy,ojt.synthetic.se190570@gmail.com,K19,BIT_IS_K19C,4,2026_Fall,54
SE190571,Đặng Phương Thảo,ojt.synthetic.se190571@gmail.com,K19,BIT_IS_K19D_K20A,4,2026_Fall,69
SE190572,Huỳnh Quang Huy,ojt.synthetic.se190572@gmail.com,K19,BIT_IS_K18D_19A,4,2026_Fall,57
SE190573,Vũ Quang Huy,ojt.synthetic.se190573@gmail.com,K19,BIT_IS_K19B,4,2026_Fall,63
SE190574,Nguyễn Phương Thảo,ojt.synthetic.se190574@gmail.com,K19,BIT_IS_K19C,4,2026_Fall,57
SE190575,Lê Quốc Bảo,ojt.synthetic.se190575@gmail.com,K19,BIT_IS_K19D_K20A,4,2026_Fall,63
SE190576,Nguyễn Hải Nam,ojt.synthetic.se190576@gmail.com,K19,BIT_IS_K18D_19A,4,2026_Fall,69
SE190577,Đỗ Hoàng Duy,ojt.synthetic.se190577@gmail.com,K19,BIT_IS_K19B,4,2026_Fall,66
SE190578,Đặng Minh Anh,ojt.synthetic.se190578@gmail.com,K19,BIT_IS_K19C,4,2026_Fall,60
SE190579,Lê Ngọc Mai,ojt.synthetic.se190579@gmail.com,K19,BIT_IS_K19D_K20A,4,2026_Fall,57
SE190580,Võ Hải Nam,ojt.synthetic.se190580@gmail.com,K19,BIT_IS_K18D_19A,4,2026_Fall,63
SE190581,Võ Tuấn Kiệt,ojt.synthetic.se190581@gmail.com,K19,BIT_IS_K19B,4,2026_Fall,66
SE190582,Phan Phương Thảo,ojt.synthetic.se190582@gmail.com,K19,BIT_IS_K19C,4,2026_Fall,63
SE190583,Lê Phương Thảo,ojt.synthetic.se190583@gmail.com,K19,BIT_IS_K19D_K20A,4,2026_Fall,63
SE190584,Lê Ngọc Mai,ojt.synthetic.se190584@gmail.com,K19,BIT_IS_K18D_19A,4,2026_Fall,54
SE190585,Phan Trung Hiếu,ojt.synthetic.se190585@gmail.com,K19,BIT_IS_K19B,4,2026_Fall,63
SE190586,Trần Ngọc Mai,ojt.synthetic.se190586@gmail.com,K19,BIT_IS_K19C,4,2026_Fall,57
SE190587,Trần Quốc Bảo,ojt.synthetic.se190587@gmail.com,K19,BIT_IS_K19D_K20A,4,2026_Fall,66
SE190588,Phan Minh Anh,ojt.synthetic.se190588@gmail.com,K19,BIT_IS_K18D_19A,4,2026_Fall,69
SE190589,Phạm Minh Anh,ojt.synthetic.se190589@gmail.com,K19,BIT_IS_K19B,4,2026_Fall,69
SE190590,Phan Gia Hân,ojt.synthetic.se190590@gmail.com,K19,BIT_IS_K19C,4,2026_Fall,66
SE190591,Vũ Tuấn Kiệt,ojt.synthetic.se190591@gmail.com,K19,BIT_IS_K19D_K20A,4,2026_Fall,66
SE190592,Võ Khánh Linh,ojt.synthetic.se190592@gmail.com,K19,BIT_IS_K18D_19A,4,2026_Fall,60
SE190593,Phạm Thanh Tâm,ojt.synthetic.se190593@gmail.com,K19,BIT_IS_K19B,4,2026_Fall,60
SE190594,Trần Ngọc Mai,ojt.synthetic.se190594@gmail.com,K19,BIT_IS_K19C,4,2026_Fall,66
SE190595,Phạm Phương Thảo,ojt.synthetic.se190595@gmail.com,K19,BIT_IS_K19D_K20A,4,2026_Fall,54
SE190596,Huỳnh Gia Hân,ojt.synthetic.se190596@gmail.com,K19,BIT_IS_K18D_19A,4,2026_Fall,57
SE190597,Hoàng Hoàng Duy,ojt.synthetic.se190597@gmail.com,K19,BIT_IS_K19B,4,2026_Fall,63
SE190598,Võ Bảo Ngọc,ojt.synthetic.se190598@gmail.com,K19,BIT_IS_K19C,4,2026_Fall,57
SE190599,Bùi Hoàng Duy,ojt.synthetic.se190599@gmail.com,K19,BIT_IS_K19D_K20A,4,2026_Fall,66
SE190600,Lê Trung Hiếu,ojt.synthetic.se190600@gmail.com,K19,BIT_IS_K18D_19A,4,2026_Fall,57
SE190601,Bùi Thanh Tâm,ojt.synthetic.se190601@gmail.com,K19,BIT_IS_K19B,4,2026_Fall,60
SE190602,Đặng Minh Quân,ojt.synthetic.se190602@gmail.com,K19,BIT_IS_K19C,4,2026_Fall,60
SE190603,Đỗ Ngọc Mai,ojt.synthetic.se190603@gmail.com,K19,BIT_IS_K19D_K20A,4,2026_Fall,69
SE190604,Võ Quang Huy,ojt.synthetic.se190604@gmail.com,K19,BIT_IS_K18D_19A,4,2026_Fall,54
SE190605,Lê Minh Anh,ojt.synthetic.se190605@gmail.com,K19,BIT_IS_K19B,4,2026_Fall,66
SE190606,Trần Trung Hiếu,ojt.synthetic.se190606@gmail.com,K19,BIT_IS_K19C,4,2026_Fall,63
SE190607,Đặng Quang Huy,ojt.synthetic.se190607@gmail.com,K19,BIT_IS_K19D_K20A,4,2026_Fall,69
SE190608,Nguyễn Hoàng Duy,ojt.synthetic.se190608@gmail.com,K19,BIT_IS_K18D_19A,4,2026_Fall,57
SE190609,Bùi Tuấn Kiệt,ojt.synthetic.se190609@gmail.com,K19,BIT_IS_K19B,4,2026_Fall,63
SE190610,Đỗ Quang Huy,ojt.synthetic.se190610@gmail.com,K19,BIT_IS_K19C,4,2026_Fall,69
SE190611,Đặng Minh Anh,ojt.synthetic.se190611@gmail.com,K19,BIT_IS_K19D_K20A,4,2026_Fall,69
SE190612,Phan Trung Hiếu,ojt.synthetic.se190612@gmail.com,K19,BIT_IS_K18D_19A,4,2026_Fall,63
SE190613,Trần Hải Nam,ojt.synthetic.se190613@gmail.com,K19,BIT_IS_K19B,4,2026_Fall,69
SE190614,Lê Hải Nam,ojt.synthetic.se190614@gmail.com,K19,BIT_IS_K19C,4,2026_Fall,57
SE190615,Đặng Anh Tuấn,ojt.synthetic.se190615@gmail.com,K19,BIT_IS_K19D_K20A,4,2026_Fall,60
SE190616,Đặng Bảo Ngọc,ojt.synthetic.se190616@gmail.com,K19,BIT_IS_K18D_19A,4,2026_Fall,69
SE190617,Trần Anh Tuấn,ojt.synthetic.se190617@gmail.com,K19,BIT_IS_K19B,4,2026_Fall,57
SE190618,Võ Hải Nam,ojt.synthetic.se190618@gmail.com,K19,BIT_IS_K19C,4,2026_Fall,60
SE190619,Đỗ Quang Huy,ojt.synthetic.se190619@gmail.com,K19,BIT_IS_K19D_K20A,4,2026_Fall,69
SE190620,Huỳnh Ngọc Mai,ojt.synthetic.se190620@gmail.com,K19,BIT_IS_K18D_19A,4,2026_Fall,57
SE190621,Vũ Minh Anh,ojt.synthetic.se190621@gmail.com,K19,BIT_IS_K19B,4,2026_Fall,66
SE190622,Võ Ngọc Mai,ojt.synthetic.se190622@gmail.com,K19,BIT_IS_K19C,4,2026_Fall,63
SE190623,Bùi Minh Quân,ojt.synthetic.se190623@gmail.com,K19,BIT_IS_K19D_K20A,4,2026_Fall,63
SE190624,Đỗ Minh Anh,ojt.synthetic.se190624@gmail.com,K19,BIT_IS_K18D_19A,4,2026_Fall,69
SE190625,Nguyễn Bảo Ngọc,ojt.synthetic.se190625@gmail.com,K19,BIT_IS_K19B,4,2026_Fall,57
SE190626,Phan Trung Hiếu,ojt.synthetic.se190626@gmail.com,K19,BIT_IS_K19C,4,2026_Fall,66
SE190627,Đặng Quốc Bảo,ojt.synthetic.se190627@gmail.com,K19,BIT_IS_K19D_K20A,4,2026_Fall,69
SE190628,Bùi Quang Huy,ojt.synthetic.se190628@gmail.com,K19,BIT_IS_K18D_19A,4,2026_Fall,69
SE190629,Hoàng Minh Anh,ojt.synthetic.se190629@gmail.com,K19,BIT_IS_K19B,4,2026_Fall,63
SE190630,Đỗ Thanh Tâm,ojt.synthetic.se190630@gmail.com,K19,BIT_IS_K19C,4,2026_Fall,60
SE190631,Đặng Thanh Tâm,ojt.synthetic.se190631@gmail.com,K19,BIT_IS_K19D_K20A,4,2026_Fall,69
SE190632,Vũ Thanh Tâm,ojt.synthetic.se190632@gmail.com,K19,BIT_IS_K18D_19A,4,2026_Fall,69
SE190633,Phạm Minh Anh,ojt.synthetic.se190633@gmail.com,K19,BIT_IS_K19B,4,2026_Fall,69
SE190634,Phan Tuấn Kiệt,ojt.synthetic.se190634@gmail.com,K19,BIT_IS_K19C,4,2026_Fall,63
SE190635,Đặng Hoàng Duy,ojt.synthetic.se190635@gmail.com,K19,BIT_IS_K19D_K20A,4,2026_Fall,60
SE190636,Nguyễn Anh Tuấn,ojt.synthetic.se190636@gmail.com,K19,BIT_IS_K18D_19A,4,2026_Fall,69
SE190637,Nguyễn Đức Minh,ojt.synthetic.se190637@gmail.com,K19,BIT_IS_K19B,4,2026_Fall,66
SE190638,Trần Thanh Tâm,ojt.synthetic.se190638@gmail.com,K19,BIT_IS_K19C,4,2026_Fall,63
SE190639,Lê Anh Tuấn,ojt.synthetic.se190639@gmail.com,K19,BIT_IS_K19D_K20A,4,2026_Fall,63
SE190640,Đỗ Khánh Linh,ojt.synthetic.se190640@gmail.com,K19,BIT_IS_K18D_19A,4,2026_Fall,57
SE190641,Lê Quang Huy,ojt.synthetic.se190641@gmail.com,K19,BIT_IS_K19B,4,2026_Fall,63
SE190642,Phạm Gia Hân,ojt.synthetic.se190642@gmail.com,K19,BIT_IS_K19C,4,2026_Fall,63
SE190643,Phạm Đức Minh,ojt.synthetic.se190643@gmail.com,K19,BIT_IS_K19D_K20A,4,2026_Fall,69
SE190644,Đỗ Gia Hân,ojt.synthetic.se190644@gmail.com,K19,BIT_IS_K18D_19A,4,2026_Fall,60
SE190645,Phan Trung Hiếu,ojt.synthetic.se190645@gmail.com,K19,BIT_IS_K19B,4,2026_Fall,57
SE190646,Phan Quốc Bảo,ojt.synthetic.se190646@gmail.com,K19,BIT_IS_K19C,4,2026_Fall,63
SE190647,Hoàng Khánh Linh,ojt.synthetic.se190647@gmail.com,K19,BIT_IS_K19D_K20A,4,2026_Fall,69
SE190648,Võ Tuấn Kiệt,ojt.synthetic.se190648@gmail.com,K19,BIT_IS_K18D_19A,4,2026_Fall,69
SE190649,Bùi Thanh Tâm,ojt.synthetic.se190649@gmail.com,K19,BIT_IS_K19B,4,2026_Fall,57
SE190650,Võ Đức Minh,ojt.synthetic.se190650@gmail.com,K19,BIT_IS_K19C,4,2026_Fall,57
SE190651,Lê Khánh Linh,ojt.synthetic.se190651@gmail.com,K19,BIT_IS_K19D_K20A,4,2026_Fall,54
SE190652,Nguyễn Trung Hiếu,ojt.synthetic.se190652@gmail.com,K19,BIT_IS_K18D_19A,4,2026_Fall,63
SE190653,Đỗ Bảo Ngọc,ojt.synthetic.se190653@gmail.com,K19,BIT_IS_K19B,4,2026_Fall,69
SE190654,Hoàng Anh Tuấn,ojt.synthetic.se190654@gmail.com,K19,BIT_IS_K19C,4,2026_Fall,60
SE190655,Nguyễn Minh Anh,ojt.synthetic.se190655@gmail.com,K19,BIT_IS_K19D_K20A,4,2026_Fall,63
SE190656,Phạm Bảo Ngọc,ojt.synthetic.se190656@gmail.com,K19,BIT_IS_K18D_19A,4,2026_Fall,69
SE190657,Vũ Thanh Tâm,ojt.synthetic.se190657@gmail.com,K19,BIT_IS_K19B,4,2026_Fall,69
SE190658,Phan Bảo Ngọc,ojt.synthetic.se190658@gmail.com,K19,BIT_IS_K19C,4,2026_Fall,69
SE190659,Phan Bảo Ngọc,ojt.synthetic.se190659@gmail.com,K19,BIT_IS_K19D_K20A,4,2026_Fall,66
SE190660,Võ Đức Minh,ojt.synthetic.se190660@gmail.com,K19,BIT_IS_K18D_19A,4,2026_Fall,69
SE190661,Hoàng Minh Quân,ojt.synthetic.se190661@gmail.com,K19,BIT_IS_K19B,4,2026_Fall,63
SE190662,Đỗ Phương Thảo,ojt.synthetic.se190662@gmail.com,K19,BIT_IS_K19C,4,2026_Fall,63
SE190663,Phan Bảo Ngọc,ojt.synthetic.se190663@gmail.com,K19,BIT_IS_K19D_K20A,4,2026_Fall,63
SE190664,Nguyễn Minh Quân,ojt.synthetic.se190664@gmail.com,K19,BIT_IS_K18D_19A,4,2026_Fall,63
SE190665,Vũ Minh Anh,ojt.synthetic.se190665@gmail.com,K19,BIT_IS_K19B,4,2026_Fall,69
SE190666,Nguyễn Thanh Tâm,ojt.synthetic.se190666@gmail.com,K19,BIT_IS_K19C,4,2026_Fall,69
SE200667,Nguyễn Minh Quân,ojt.synthetic.se200667@gmail.com,K20,BIT_IS_K19D_K20A,4,2026_Fall,60
SE200668,Vũ Quốc Bảo,ojt.synthetic.se200668@gmail.com,K20,BIT_IS_K20B,4,2026_Fall,69
SE200669,Phạm Thanh Tâm,ojt.synthetic.se200669@gmail.com,K20,BIT_IS_K20C,4,2026_Fall,63
SE200670,Vũ Hải Nam,ojt.synthetic.se200670@gmail.com,K20,BIT_IS_K20D,4,2026_Fall,54
SE200671,Phạm Gia Hân,ojt.synthetic.se200671@gmail.com,K20,BIT_IS_K19D_K20A,4,2026_Fall,66
SE200672,Huỳnh Minh Anh,ojt.synthetic.se200672@gmail.com,K20,BIT_IS_K20B,4,2026_Fall,60
SE200673,Phạm Quốc Bảo,ojt.synthetic.se200673@gmail.com,K20,BIT_IS_K20C,4,2026_Fall,63
SE200674,Hoàng Phương Thảo,ojt.synthetic.se200674@gmail.com,K20,BIT_IS_K20D,4,2026_Fall,66
SE200675,Huỳnh Minh Quân,ojt.synthetic.se200675@gmail.com,K20,BIT_IS_K19D_K20A,4,2026_Fall,66
SE200676,Trần Ngọc Mai,ojt.synthetic.se200676@gmail.com,K20,BIT_IS_K20B,4,2026_Fall,66
SE200677,Hoàng Bảo Ngọc,ojt.synthetic.se200677@gmail.com,K20,BIT_IS_K20C,4,2026_Fall,54
SE200678,Bùi Anh Tuấn,ojt.synthetic.se200678@gmail.com,K20,BIT_IS_K20D,4,2026_Fall,69
SE200679,Hoàng Anh Tuấn,ojt.synthetic.se200679@gmail.com,K20,BIT_IS_K19D_K20A,4,2026_Fall,60
SE200680,Phạm Thanh Tâm,ojt.synthetic.se200680@gmail.com,K20,BIT_IS_K20B,4,2026_Fall,63
SE200681,Đỗ Ngọc Mai,ojt.synthetic.se200681@gmail.com,K20,BIT_IS_K20C,4,2026_Fall,63
SE200682,Lê Phương Thảo,ojt.synthetic.se200682@gmail.com,K20,BIT_IS_K20D,4,2026_Fall,69
SE200683,Huỳnh Gia Hân,ojt.synthetic.se200683@gmail.com,K20,BIT_IS_K19D_K20A,4,2026_Fall,69
SE200684,Phan Anh Tuấn,ojt.synthetic.se200684@gmail.com,K20,BIT_IS_K20B,4,2026_Fall,57
SE200685,Võ Thanh Tâm,ojt.synthetic.se200685@gmail.com,K20,BIT_IS_K20C,4,2026_Fall,54
SE200686,Trần Hoàng Duy,ojt.synthetic.se200686@gmail.com,K20,BIT_IS_K20D,4,2026_Fall,63
SE200687,Võ Hoàng Duy,ojt.synthetic.se200687@gmail.com,K20,BIT_IS_K19D_K20A,4,2026_Fall,69
SE200688,Hoàng Trung Hiếu,ojt.synthetic.se200688@gmail.com,K20,BIT_IS_K20B,4,2026_Fall,69
SE200689,Bùi Đức Minh,ojt.synthetic.se200689@gmail.com,K20,BIT_IS_K20C,4,2026_Fall,66
SE200690,Phạm Minh Anh,ojt.synthetic.se200690@gmail.com,K20,BIT_IS_K20D,4,2026_Fall,66
SE200691,Vũ Minh Anh,ojt.synthetic.se200691@gmail.com,K20,BIT_IS_K19D_K20A,4,2026_Fall,57
SE200692,Lê Đức Minh,ojt.synthetic.se200692@gmail.com,K20,BIT_IS_K20B,4,2026_Fall,60
SE200693,Đỗ Gia Hân,ojt.synthetic.se200693@gmail.com,K20,BIT_IS_K20C,4,2026_Fall,69
SE200694,Võ Thanh Tâm,ojt.synthetic.se200694@gmail.com,K20,BIT_IS_K20D,4,2026_Fall,63
SE200695,Huỳnh Quang Huy,ojt.synthetic.se200695@gmail.com,K20,BIT_IS_K19D_K20A,4,2026_Fall,54
SE200696,Phạm Gia Hân,ojt.synthetic.se200696@gmail.com,K20,BIT_IS_K20B,4,2026_Fall,69
SE200697,Nguyễn Trung Hiếu,ojt.synthetic.se200697@gmail.com,K20,BIT_IS_K20C,4,2026_Fall,66
SE200698,Nguyễn Minh Quân,ojt.synthetic.se200698@gmail.com,K20,BIT_IS_K20D,4,2026_Fall,57
SE200699,Hoàng Minh Quân,ojt.synthetic.se200699@gmail.com,K20,BIT_IS_K19D_K20A,4,2026_Fall,69
SE200700,Nguyễn Khánh Linh,ojt.synthetic.se200700@gmail.com,K20,BIT_IS_K20B,4,2026_Fall,60
SE200701,Đặng Hoàng Duy,ojt.synthetic.se200701@gmail.com,K20,BIT_IS_K20C,4,2026_Fall,66
SE200702,Võ Tuấn Kiệt,ojt.synthetic.se200702@gmail.com,K20,BIT_IS_K20D,4,2026_Fall,69
SE200703,Lê Bảo Ngọc,ojt.synthetic.se200703@gmail.com,K20,BIT_IS_K19D_K20A,4,2026_Fall,69
SE200704,Bùi Hoàng Duy,ojt.synthetic.se200704@gmail.com,K20,BIT_IS_K20B,4,2026_Fall,66
SE200705,Võ Tuấn Kiệt,ojt.synthetic.se200705@gmail.com,K20,BIT_IS_K20C,4,2026_Fall,57
SE200706,Nguyễn Ngọc Mai,ojt.synthetic.se200706@gmail.com,K20,BIT_IS_K20D,4,2026_Fall,60
SE200707,Lê Bảo Ngọc,ojt.synthetic.se200707@gmail.com,K20,BIT_IS_K19D_K20A,4,2026_Fall,57
SE200708,Huỳnh Trung Hiếu,ojt.synthetic.se200708@gmail.com,K20,BIT_IS_K20B,4,2026_Fall,63
SE200709,Võ Bảo Ngọc,ojt.synthetic.se200709@gmail.com,K20,BIT_IS_K20C,4,2026_Fall,63
SE200710,Bùi Quang Huy,ojt.synthetic.se200710@gmail.com,K20,BIT_IS_K20D,4,2026_Fall,63
SE200711,Phạm Ngọc Mai,ojt.synthetic.se200711@gmail.com,K20,BIT_IS_K19D_K20A,4,2026_Fall,63
SE200712,Hoàng Ngọc Mai,ojt.synthetic.se200712@gmail.com,K20,BIT_IS_K20B,4,2026_Fall,63
SE200713,Phan Phương Thảo,ojt.synthetic.se200713@gmail.com,K20,BIT_IS_K20C,4,2026_Fall,66
SE200714,Nguyễn Hoàng Duy,ojt.synthetic.se200714@gmail.com,K20,BIT_IS_K20D,4,2026_Fall,63
SE200715,Bùi Quốc Bảo,ojt.synthetic.se200715@gmail.com,K20,BIT_IS_K19D_K20A,4,2026_Fall,66
SE200716,Võ Khánh Linh,ojt.synthetic.se200716@gmail.com,K20,BIT_IS_K20B,4,2026_Fall,69
SE200717,Đỗ Trung Hiếu,ojt.synthetic.se200717@gmail.com,K20,BIT_IS_K20C,4,2026_Fall,60
SE200718,Trần Quang Huy,ojt.synthetic.se200718@gmail.com,K20,BIT_IS_K20D,4,2026_Fall,63
SE200719,Lê Đức Minh,ojt.synthetic.se200719@gmail.com,K20,BIT_IS_K19D_K20A,4,2026_Fall,66
SE200720,Hoàng Minh Anh,ojt.synthetic.se200720@gmail.com,K20,BIT_IS_K20B,4,2026_Fall,63
SE200721,Phạm Trung Hiếu,ojt.synthetic.se200721@gmail.com,K20,BIT_IS_K20C,4,2026_Fall,63
SE200722,Huỳnh Thanh Tâm,ojt.synthetic.se200722@gmail.com,K20,BIT_IS_K20D,4,2026_Fall,69
SE200723,Đỗ Khánh Linh,ojt.synthetic.se200723@gmail.com,K20,BIT_IS_K19D_K20A,4,2026_Fall,69
SE200724,Trần Bảo Ngọc,ojt.synthetic.se200724@gmail.com,K20,BIT_IS_K20B,4,2026_Fall,60
SE200725,Vũ Gia Hân,ojt.synthetic.se200725@gmail.com,K20,BIT_IS_K20C,4,2026_Fall,63
SE200726,Huỳnh Bảo Ngọc,ojt.synthetic.se200726@gmail.com,K20,BIT_IS_K20D,4,2026_Fall,57
SE200727,Vũ Tuấn Kiệt,ojt.synthetic.se200727@gmail.com,K20,BIT_IS_K19D_K20A,4,2026_Fall,69
SE200728,Bùi Tuấn Kiệt,ojt.synthetic.se200728@gmail.com,K20,BIT_IS_K20B,4,2026_Fall,66
SE200729,Trần Hoàng Duy,ojt.synthetic.se200729@gmail.com,K20,BIT_IS_K20C,4,2026_Fall,66
SE200730,Trần Quốc Bảo,ojt.synthetic.se200730@gmail.com,K20,BIT_IS_K20D,4,2026_Fall,63
SE200731,Phan Hoàng Duy,ojt.synthetic.se200731@gmail.com,K20,BIT_IS_K19D_K20A,4,2026_Fall,57
SE200732,Huỳnh Anh Tuấn,ojt.synthetic.se200732@gmail.com,K20,BIT_IS_K20B,4,2026_Fall,66
SE200733,Nguyễn Đức Minh,ojt.synthetic.se200733@gmail.com,K20,BIT_IS_K20C,4,2026_Fall,66
SE200734,Bùi Anh Tuấn,ojt.synthetic.se200734@gmail.com,K20,BIT_IS_K20D,4,2026_Fall,54
SE200735,Phan Quang Huy,ojt.synthetic.se200735@gmail.com,K20,BIT_IS_K19D_K20A,4,2026_Fall,60
SE200736,Huỳnh Bảo Ngọc,ojt.synthetic.se200736@gmail.com,K20,BIT_IS_K20B,4,2026_Fall,60
SE200737,Huỳnh Phương Thảo,ojt.synthetic.se200737@gmail.com,K20,BIT_IS_K20C,4,2026_Fall,69
SE200738,Võ Anh Tuấn,ojt.synthetic.se200738@gmail.com,K20,BIT_IS_K20D,4,2026_Fall,63
SE200739,Lê Hải Nam,ojt.synthetic.se200739@gmail.com,K20,BIT_IS_K19D_K20A,4,2026_Fall,54
SE200740,Trần Trung Hiếu,ojt.synthetic.se200740@gmail.com,K20,BIT_IS_K20B,4,2026_Fall,57
SE200741,Lê Ngọc Mai,ojt.synthetic.se200741@gmail.com,K20,BIT_IS_K20C,4,2026_Fall,66
SE200742,Phan Bảo Ngọc,ojt.synthetic.se200742@gmail.com,K20,BIT_IS_K20D,4,2026_Fall,69
SE200743,Huỳnh Quốc Bảo,ojt.synthetic.se200743@gmail.com,K20,BIT_IS_K19D_K20A,4,2026_Fall,63
SE200744,Huỳnh Hải Nam,ojt.synthetic.se200744@gmail.com,K20,BIT_IS_K20B,4,2026_Fall,57
SE200745,Võ Phương Thảo,ojt.synthetic.se200745@gmail.com,K20,BIT_IS_K20C,4,2026_Fall,69
SE200746,Lê Trung Hiếu,ojt.synthetic.se200746@gmail.com,K20,BIT_IS_K20D,4,2026_Fall,66
SE200747,Bùi Thanh Tâm,ojt.synthetic.se200747@gmail.com,K20,BIT_IS_K19D_K20A,4,2026_Fall,60
SE200748,Huỳnh Thanh Tâm,ojt.synthetic.se200748@gmail.com,K20,BIT_IS_K20B,4,2026_Fall,69
SE200749,Vũ Quang Huy,ojt.synthetic.se200749@gmail.com,K20,BIT_IS_K20C,4,2026_Fall,69
SE200750,Võ Trung Hiếu,ojt.synthetic.se200750@gmail.com,K20,BIT_IS_K20D,4,2026_Fall,69
SE200751,Phan Ngọc Mai,ojt.synthetic.se200751@gmail.com,K20,BIT_IS_K19D_K20A,4,2026_Fall,63
SE200752,Đỗ Anh Tuấn,ojt.synthetic.se200752@gmail.com,K20,BIT_IS_K20B,4,2026_Fall,54
SE200753,Đặng Minh Anh,ojt.synthetic.se200753@gmail.com,K20,BIT_IS_K20C,4,2026_Fall,69
SE200754,Hoàng Quốc Bảo,ojt.synthetic.se200754@gmail.com,K20,BIT_IS_K20D,4,2026_Fall,66
SE200755,Trần Tuấn Kiệt,ojt.synthetic.se200755@gmail.com,K20,BIT_IS_K19D_K20A,4,2026_Fall,69
SE200756,Võ Minh Anh,ojt.synthetic.se200756@gmail.com,K20,BIT_IS_K20B,4,2026_Fall,66
SE200757,Đặng Ngọc Mai,ojt.synthetic.se200757@gmail.com,K20,BIT_IS_K20C,4,2026_Fall,66
SE200758,Lê Gia Hân,ojt.synthetic.se200758@gmail.com,K20,BIT_IS_K20D,4,2026_Fall,63
SE200759,Bùi Anh Tuấn,ojt.synthetic.se200759@gmail.com,K20,BIT_IS_K19D_K20A,4,2026_Fall,69
SE200760,Bùi Ngọc Mai,ojt.synthetic.se200760@gmail.com,K20,BIT_IS_K20B,4,2026_Fall,63
SE200761,Bùi Anh Tuấn,ojt.synthetic.se200761@gmail.com,K20,BIT_IS_K20C,4,2026_Fall,69
SE200762,Lê Ngọc Mai,ojt.synthetic.se200762@gmail.com,K20,BIT_IS_K20D,4,2026_Fall,69
SE200763,Đỗ Anh Tuấn,ojt.synthetic.se200763@gmail.com,K20,BIT_IS_K19D_K20A,4,2026_Fall,66
SE200764,Huỳnh Hải Nam,ojt.synthetic.se200764@gmail.com,K20,BIT_IS_K20B,4,2026_Fall,63
SE200765,Đặng Bảo Ngọc,ojt.synthetic.se200765@gmail.com,K20,BIT_IS_K20C,4,2026_Fall,69
SE200766,Trần Khánh Linh,ojt.synthetic.se200766@gmail.com,K20,BIT_IS_K20D,4,2026_Fall,60
SE200767,Trần Ngọc Mai,ojt.synthetic.se200767@gmail.com,K20,BIT_IS_K19D_K20A,4,2026_Fall,57
SE200768,Phan Tuấn Kiệt,ojt.synthetic.se200768@gmail.com,K20,BIT_IS_K20B,4,2026_Fall,60
SE200769,Trần Khánh Linh,ojt.synthetic.se200769@gmail.com,K20,BIT_IS_K20C,4,2026_Fall,60
SE200770,Phan Quốc Bảo,ojt.synthetic.se200770@gmail.com,K20,BIT_IS_K20D,4,2026_Fall,60
SE200771,Phan Ngọc Mai,ojt.synthetic.se200771@gmail.com,K20,BIT_IS_K19D_K20A,4,2026_Fall,69
SE200772,Vũ Hải Nam,ojt.synthetic.se200772@gmail.com,K20,BIT_IS_K20B,4,2026_Fall,69
SE200773,Vũ Tuấn Kiệt,ojt.synthetic.se200773@gmail.com,K20,BIT_IS_K20C,4,2026_Fall,60
SE200774,Võ Phương Thảo,ojt.synthetic.se200774@gmail.com,K20,BIT_IS_K20D,4,2026_Fall,69
SE200775,Bùi Trung Hiếu,ojt.synthetic.se200775@gmail.com,K20,BIT_IS_K19D_K20A,4,2026_Fall,66
SE200776,Đỗ Hải Nam,ojt.synthetic.se200776@gmail.com,K20,BIT_IS_K20B,4,2026_Fall,57
SE200777,Nguyễn Anh Tuấn,ojt.synthetic.se200777@gmail.com,K20,BIT_IS_K20C,4,2026_Fall,66
SE200778,Vũ Phương Thảo,ojt.synthetic.se200778@gmail.com,K20,BIT_IS_K20D,4,2026_Fall,63
SE200779,Đỗ Khánh Linh,ojt.synthetic.se200779@gmail.com,K20,BIT_IS_K19D_K20A,4,2026_Fall,63
SE200780,Huỳnh Quốc Bảo,ojt.synthetic.se200780@gmail.com,K20,BIT_IS_K20B,4,2026_Fall,60
SE200781,Bùi Đức Minh,ojt.synthetic.se200781@gmail.com,K20,BIT_IS_K20C,4,2026_Fall,66
SE200782,Nguyễn Ngọc Mai,ojt.synthetic.se200782@gmail.com,K20,BIT_IS_K20D,4,2026_Fall,69
SE200783,Trần Hoàng Duy,ojt.synthetic.se200783@gmail.com,K20,BIT_IS_K19D_K20A,4,2026_Fall,63
SE200784,Lê Bảo Ngọc,ojt.synthetic.se200784@gmail.com,K20,BIT_IS_K20B,4,2026_Fall,63
SE200785,Phan Khánh Linh,ojt.synthetic.se200785@gmail.com,K20,BIT_IS_K20C,4,2026_Fall,63
SE200786,Huỳnh Thanh Tâm,ojt.synthetic.se200786@gmail.com,K20,BIT_IS_K20D,4,2026_Fall,60
SE200787,Đỗ Hoàng Duy,ojt.synthetic.se200787@gmail.com,K20,BIT_IS_K19D_K20A,4,2026_Fall,60
SE200788,Đỗ Minh Quân,ojt.synthetic.se200788@gmail.com,K20,BIT_IS_K20B,4,2026_Fall,66
SE200789,Vũ Ngọc Mai,ojt.synthetic.se200789@gmail.com,K20,BIT_IS_K20C,4,2026_Fall,66
SE200790,Lê Anh Tuấn,ojt.synthetic.se200790@gmail.com,K20,BIT_IS_K20D,4,2026_Fall,69
SE200791,Vũ Gia Hân,ojt.synthetic.se200791@gmail.com,K20,BIT_IS_K19D_K20A,4,2026_Fall,69
SE200792,Phan Quang Huy,ojt.synthetic.se200792@gmail.com,K20,BIT_IS_K20B,4,2026_Fall,60
SE200793,Võ Phương Thảo,ojt.synthetic.se200793@gmail.com,K20,BIT_IS_K20C,4,2026_Fall,69
SE200794,Bùi Quang Huy,ojt.synthetic.se200794@gmail.com,K20,BIT_IS_K20D,4,2026_Fall,66
SE200795,Võ Phương Thảo,ojt.synthetic.se200795@gmail.com,K20,BIT_IS_K19D_K20A,4,2026_Fall,69
SE200796,Nguyễn Quốc Bảo,ojt.synthetic.se200796@gmail.com,K20,BIT_IS_K20B,4,2026_Fall,69
SE200797,Đặng Hải Nam,ojt.synthetic.se200797@gmail.com,K20,BIT_IS_K20C,4,2026_Fall,69
SE200798,Trần Hải Nam,ojt.synthetic.se200798@gmail.com,K20,BIT_IS_K20D,4,2026_Fall,63
SE200799,Vũ Ngọc Mai,ojt.synthetic.se200799@gmail.com,K20,BIT_IS_K19D_K20A,4,2026_Fall,66
SE200800,Phạm Hải Nam,ojt.synthetic.se200800@gmail.com,K20,BIT_IS_K20B,4,2026_Fall,66
SE200801,Hoàng Quang Huy,ojt.synthetic.se200801@gmail.com,K20,BIT_IS_K20C,4,2026_Fall,63
SE200802,Đỗ Thanh Tâm,ojt.synthetic.se200802@gmail.com,K20,BIT_IS_K20D,4,2026_Fall,69
SE200803,Phan Tuấn Kiệt,ojt.synthetic.se200803@gmail.com,K20,BIT_IS_K19D_K20A,4,2026_Fall,66
SE200804,Đặng Phương Thảo,ojt.synthetic.se200804@gmail.com,K20,BIT_IS_K20B,4,2026_Fall,63
SE200805,Phạm Minh Anh,ojt.synthetic.se200805@gmail.com,K20,BIT_IS_K20C,4,2026_Fall,69
SE200806,Phan Trung Hiếu,ojt.synthetic.se200806@gmail.com,K20,BIT_IS_K20D,4,2026_Fall,69
SE200807,Trần Minh Quân,ojt.synthetic.se200807@gmail.com,K20,BIT_IS_K19D_K20A,4,2026_Fall,63
SE200808,Đặng Đức Minh,ojt.synthetic.se200808@gmail.com,K20,BIT_IS_K20B,4,2026_Fall,60
SE200809,Hoàng Hải Nam,ojt.synthetic.se200809@gmail.com,K20,BIT_IS_K20C,4,2026_Fall,63
SE200810,Bùi Ngọc Mai,ojt.synthetic.se200810@gmail.com,K20,BIT_IS_K20D,4,2026_Fall,69
SE200811,Phan Đức Minh,ojt.synthetic.se200811@gmail.com,K20,BIT_IS_K19D_K20A,4,2026_Fall,66
SE200812,Hoàng Hải Nam,ojt.synthetic.se200812@gmail.com,K20,BIT_IS_K20B,4,2026_Fall,63
SE200813,Đỗ Anh Tuấn,ojt.synthetic.se200813@gmail.com,K20,BIT_IS_K20C,4,2026_Fall,69
SE200814,Bùi Hải Nam,ojt.synthetic.se200814@gmail.com,K20,BIT_IS_K20D,4,2026_Fall,66
SE200815,Bùi Minh Anh,ojt.synthetic.se200815@gmail.com,K20,BIT_IS_K19D_K20A,4,2026_Fall,69
SE200816,Đặng Quang Huy,ojt.synthetic.se200816@gmail.com,K20,BIT_IS_K20B,4,2026_Fall,69
SE200817,Võ Quốc Bảo,ojt.synthetic.se200817@gmail.com,K20,BIT_IS_K20C,4,2026_Fall,69
SE200818,Đỗ Hoàng Duy,ojt.synthetic.se200818@gmail.com,K20,BIT_IS_K20D,4,2026_Fall,69
SE200819,Lê Thanh Tâm,ojt.synthetic.se200819@gmail.com,K20,BIT_IS_K19D_K20A,4,2026_Fall,66
SE200820,Trần Bảo Ngọc,ojt.synthetic.se200820@gmail.com,K20,BIT_IS_K20B,4,2026_Fall,63
SE200821,Vũ Thanh Tâm,ojt.synthetic.se200821@gmail.com,K20,BIT_IS_K20C,4,2026_Fall,69
SE200822,Phan Gia Hân,ojt.synthetic.se200822@gmail.com,K20,BIT_IS_K20D,4,2026_Fall,69
SE200823,Phan Ngọc Mai,ojt.synthetic.se200823@gmail.com,K20,BIT_IS_K19D_K20A,4,2026_Fall,69
SE200824,Phạm Minh Quân,ojt.synthetic.se200824@gmail.com,K20,BIT_IS_K20B,4,2026_Fall,66
SE200825,Võ Gia Hân,ojt.synthetic.se200825@gmail.com,K20,BIT_IS_K20C,4,2026_Fall,54
SE200826,Võ Ngọc Mai,ojt.synthetic.se200826@gmail.com,K20,BIT_IS_K20D,4,2026_Fall,69
SE200827,Vũ Thanh Tâm,ojt.synthetic.se200827@gmail.com,K20,BIT_IS_K19D_K20A,4,2026_Fall,66
SE200828,Lê Hoàng Duy,ojt.synthetic.se200828@gmail.com,K20,BIT_IS_K20B,4,2026_Fall,66
SE200829,Hoàng Minh Quân,ojt.synthetic.se200829@gmail.com,K20,BIT_IS_K20C,4,2026_Fall,60
SE200830,Huỳnh Hoàng Duy,ojt.synthetic.se200830@gmail.com,K20,BIT_IS_K20D,4,2026_Fall,54
SE200831,Phan Phương Thảo,ojt.synthetic.se200831@gmail.com,K20,BIT_IS_K19D_K20A,4,2026_Fall,63
SE200832,Đỗ Trung Hiếu,ojt.synthetic.se200832@gmail.com,K20,BIT_IS_K20B,4,2026_Fall,63
SE200833,Nguyễn Khánh Linh,ojt.synthetic.se200833@gmail.com,K20,BIT_IS_K20C,4,2026_Fall,57
SE200834,Phạm Gia Hân,ojt.synthetic.se200834@gmail.com,K20,BIT_IS_K20D,4,2026_Fall,63
SE200835,Đỗ Đức Minh,ojt.synthetic.se200835@gmail.com,K20,BIT_IS_K19D_K20A,4,2026_Fall,69
SE200836,Nguyễn Trung Hiếu,ojt.synthetic.se200836@gmail.com,K20,BIT_IS_K20B,4,2026_Fall,63
SE200837,Võ Hải Nam,ojt.synthetic.se200837@gmail.com,K20,BIT_IS_K20C,4,2026_Fall,57
SE200838,Nguyễn Bảo Ngọc,ojt.synthetic.se200838@gmail.com,K20,BIT_IS_K20D,4,2026_Fall,63
SE200839,Huỳnh Khánh Linh,ojt.synthetic.se200839@gmail.com,K20,BIT_IS_K19D_K20A,4,2026_Fall,66
SE200840,Phạm Hoàng Duy,ojt.synthetic.se200840@gmail.com,K20,BIT_IS_K20B,4,2026_Fall,69
SE200841,Trần Minh Anh,ojt.synthetic.se200841@gmail.com,K20,BIT_IS_K20C,4,2026_Fall,63
SE200842,Võ Anh Tuấn,ojt.synthetic.se200842@gmail.com,K20,BIT_IS_K20D,4,2026_Fall,57
SE200843,Hoàng Phương Thảo,ojt.synthetic.se200843@gmail.com,K20,BIT_IS_K19D_K20A,4,2026_Fall,69
SE200844,Hoàng Anh Tuấn,ojt.synthetic.se200844@gmail.com,K20,BIT_IS_K20B,4,2026_Fall,66
SE200845,Vũ Khánh Linh,ojt.synthetic.se200845@gmail.com,K20,BIT_IS_K20C,4,2026_Fall,60
SE200846,Đặng Trung Hiếu,ojt.synthetic.se200846@gmail.com,K20,BIT_IS_K20D,4,2026_Fall,57
SE200847,Phạm Trung Hiếu,ojt.synthetic.se200847@gmail.com,K20,BIT_IS_K19D_K20A,4,2026_Fall,69
SE200848,Phạm Phương Thảo,ojt.synthetic.se200848@gmail.com,K20,BIT_IS_K20B,4,2026_Fall,60
SE200849,Nguyễn Bảo Ngọc,ojt.synthetic.se200849@gmail.com,K20,BIT_IS_K20C,4,2026_Fall,63
SE200850,Phạm Đức Minh,ojt.synthetic.se200850@gmail.com,K20,BIT_IS_K20D,4,2026_Fall,66
SE200851,Phạm Anh Tuấn,ojt.synthetic.se200851@gmail.com,K20,BIT_IS_K19D_K20A,4,2026_Fall,57
SE200852,Lê Quốc Bảo,ojt.synthetic.se200852@gmail.com,K20,BIT_IS_K20B,4,2026_Fall,60
SE200853,Lê Trung Hiếu,ojt.synthetic.se200853@gmail.com,K20,BIT_IS_K20C,4,2026_Fall,66
SE200854,Vũ Thanh Tâm,ojt.synthetic.se200854@gmail.com,K20,BIT_IS_K20D,4,2026_Fall,63
SE200855,Đỗ Khánh Linh,ojt.synthetic.se200855@gmail.com,K20,BIT_IS_K19D_K20A,4,2026_Fall,54
SE200856,Lê Đức Minh,ojt.synthetic.se200856@gmail.com,K20,BIT_IS_K20B,4,2026_Fall,63
SE200857,Phan Anh Tuấn,ojt.synthetic.se200857@gmail.com,K20,BIT_IS_K20C,4,2026_Fall,60
SE200858,Võ Tuấn Kiệt,ojt.synthetic.se200858@gmail.com,K20,BIT_IS_K20D,4,2026_Fall,60
SE200859,Hoàng Quang Huy,ojt.synthetic.se200859@gmail.com,K20,BIT_IS_K19D_K20A,4,2026_Fall,54
SE200860,Đỗ Minh Quân,ojt.synthetic.se200860@gmail.com,K20,BIT_IS_K20B,4,2026_Fall,69
SE200861,Vũ Quốc Bảo,ojt.synthetic.se200861@gmail.com,K20,BIT_IS_K20C,4,2026_Fall,66
SE200862,Nguyễn Minh Anh,ojt.synthetic.se200862@gmail.com,K20,BIT_IS_K20D,4,2026_Fall,54
SE200863,Hoàng Hải Nam,ojt.synthetic.se200863@gmail.com,K20,BIT_IS_K19D_K20A,4,2026_Fall,63
SE200864,Lê Minh Quân,ojt.synthetic.se200864@gmail.com,K20,BIT_IS_K20B,4,2026_Fall,60
SE200865,Trần Thanh Tâm,ojt.synthetic.se200865@gmail.com,K20,BIT_IS_K20C,4,2026_Fall,69
SE200866,Đặng Khánh Linh,ojt.synthetic.se200866@gmail.com,K20,BIT_IS_K20D,4,2026_Fall,57
SE200867,Nguyễn Quang Huy,ojt.synthetic.se200867@gmail.com,K20,BIT_IS_K19D_K20A,4,2026_Fall,57
SE200868,Đỗ Phương Thảo,ojt.synthetic.se200868@gmail.com,K20,BIT_IS_K20B,4,2026_Fall,57
SE200869,Bùi Minh Quân,ojt.synthetic.se200869@gmail.com,K20,BIT_IS_K20C,4,2026_Fall,69
SE200870,Phạm Quang Huy,ojt.synthetic.se200870@gmail.com,K20,BIT_IS_K20D,4,2026_Fall,54
SE200871,Bùi Hoàng Duy,ojt.synthetic.se200871@gmail.com,K20,BIT_IS_K19D_K20A,4,2026_Fall,69
SE200872,Huỳnh Minh Anh,ojt.synthetic.se200872@gmail.com,K20,BIT_IS_K20B,4,2026_Fall,63
SE200873,Trần Tuấn Kiệt,ojt.synthetic.se200873@gmail.com,K20,BIT_IS_K20C,4,2026_Fall,63
SE200874,Võ Ngọc Mai,ojt.synthetic.se200874@gmail.com,K20,BIT_IS_K20D,4,2026_Fall,66
SE200875,Nguyễn Trung Hiếu,ojt.synthetic.se200875@gmail.com,K20,BIT_IS_K19D_K20A,4,2026_Fall,69
SE200876,Nguyễn Minh Quân,ojt.synthetic.se200876@gmail.com,K20,BIT_IS_K20B,4,2026_Fall,69
SE200877,Phạm Bảo Ngọc,ojt.synthetic.se200877@gmail.com,K20,BIT_IS_K20C,4,2026_Fall,57
SE200878,Bùi Tuấn Kiệt,ojt.synthetic.se200878@gmail.com,K20,BIT_IS_K20D,4,2026_Fall,63
SE200879,Nguyễn Thanh Tâm,ojt.synthetic.se200879@gmail.com,K20,BIT_IS_K19D_K20A,4,2026_Fall,69
SE200880,Vũ Hoàng Duy,ojt.synthetic.se200880@gmail.com,K20,BIT_IS_K20B,4,2026_Fall,60
SE200881,Phạm Quốc Bảo,ojt.synthetic.se200881@gmail.com,K20,BIT_IS_K20C,4,2026_Fall,57
SE200882,Đỗ Khánh Linh,ojt.synthetic.se200882@gmail.com,K20,BIT_IS_K20D,4,2026_Fall,63
SE200883,Hoàng Thanh Tâm,ojt.synthetic.se200883@gmail.com,K20,BIT_IS_K19D_K20A,4,2026_Fall,60
SE200884,Nguyễn Minh Quân,ojt.synthetic.se200884@gmail.com,K20,BIT_IS_K20B,4,2026_Fall,66
SE200885,Trần Trung Hiếu,ojt.synthetic.se200885@gmail.com,K20,BIT_IS_K20C,4,2026_Fall,66
SE200886,Lê Tuấn Kiệt,ojt.synthetic.se200886@gmail.com,K20,BIT_IS_K20D,4,2026_Fall,69
SE200887,Phan Phương Thảo,ojt.synthetic.se200887@gmail.com,K20,BIT_IS_K19D_K20A,4,2026_Fall,57
SE200888,Hoàng Tuấn Kiệt,ojt.synthetic.se200888@gmail.com,K20,BIT_IS_K20B,4,2026_Fall,63
SE200889,Đặng Quốc Bảo,ojt.synthetic.se200889@gmail.com,K20,BIT_IS_K20C,4,2026_Fall,63
SE200890,Bùi Đức Minh,ojt.synthetic.se200890@gmail.com,K20,BIT_IS_K20D,4,2026_Fall,63
SE200891,Lê Bảo Ngọc,ojt.synthetic.se200891@gmail.com,K20,BIT_IS_K19D_K20A,4,2026_Fall,69
SE200892,Bùi Hải Nam,ojt.synthetic.se200892@gmail.com,K20,BIT_IS_K20B,4,2026_Fall,69
SE200893,Hoàng Quốc Bảo,ojt.synthetic.se200893@gmail.com,K20,BIT_IS_K20C,4,2026_Fall,66
SE200894,Võ Thanh Tâm,ojt.synthetic.se200894@gmail.com,K20,BIT_IS_K20D,4,2026_Fall,63
SE200895,Đặng Trung Hiếu,ojt.synthetic.se200895@gmail.com,K20,BIT_IS_K19D_K20A,4,2026_Fall,63
SE200896,Nguyễn Anh Tuấn,ojt.synthetic.se200896@gmail.com,K20,BIT_IS_K20B,4,2026_Fall,63
SE200897,Bùi Phương Thảo,ojt.synthetic.se200897@gmail.com,K20,BIT_IS_K20C,4,2026_Fall,63
SE200898,Bùi Quốc Bảo,ojt.synthetic.se200898@gmail.com,K20,BIT_IS_K20D,4,2026_Fall,60
SE200899,Huỳnh Ngọc Mai,ojt.synthetic.se200899@gmail.com,K20,BIT_IS_K19D_K20A,4,2026_Fall,66
SE200900,Phạm Quốc Bảo,ojt.synthetic.se200900@gmail.com,K20,BIT_IS_K20B,4,2026_Fall,69
SE200901,Lê Hải Nam,ojt.synthetic.se200901@gmail.com,K20,BIT_IS_K20C,4,2026_Fall,60
SE200902,Lê Quang Huy,ojt.synthetic.se200902@gmail.com,K20,BIT_IS_K20D,4,2026_Fall,63
SE200903,Vũ Trung Hiếu,ojt.synthetic.se200903@gmail.com,K20,BIT_IS_K19D_K20A,4,2026_Fall,60
SE200904,Trần Ngọc Mai,ojt.synthetic.se200904@gmail.com,K20,BIT_IS_K20B,4,2026_Fall,69
SE200905,Phan Quang Huy,ojt.synthetic.se200905@gmail.com,K20,BIT_IS_K20C,4,2026_Fall,69
SE200906,Trần Minh Quân,ojt.synthetic.se200906@gmail.com,K20,BIT_IS_K20D,4,2026_Fall,63
SE200907,Hoàng Phương Thảo,ojt.synthetic.se200907@gmail.com,K20,BIT_IS_K19D_K20A,4,2026_Fall,54
SE200908,Phan Minh Anh,ojt.synthetic.se200908@gmail.com,K20,BIT_IS_K20B,4,2026_Fall,66
SE200909,Võ Khánh Linh,ojt.synthetic.se200909@gmail.com,K20,BIT_IS_K20C,4,2026_Fall,69
SE200910,Hoàng Đức Minh,ojt.synthetic.se200910@gmail.com,K20,BIT_IS_K20D,4,2026_Fall,66
SE200911,Võ Minh Anh,ojt.synthetic.se200911@gmail.com,K20,BIT_IS_K19D_K20A,4,2026_Fall,69
SE200912,Võ Bảo Ngọc,ojt.synthetic.se200912@gmail.com,K20,BIT_IS_K20B,4,2026_Fall,57
SE200913,Vũ Minh Quân,ojt.synthetic.se200913@gmail.com,K20,BIT_IS_K20C,4,2026_Fall,60
SE200914,Bùi Đức Minh,ojt.synthetic.se200914@gmail.com,K20,BIT_IS_K20D,4,2026_Fall,69
SE200915,Bùi Anh Tuấn,ojt.synthetic.se200915@gmail.com,K20,BIT_IS_K19D_K20A,4,2026_Fall,60
SE200916,Bùi Khánh Linh,ojt.synthetic.se200916@gmail.com,K20,BIT_IS_K20B,4,2026_Fall,69
SE200917,Lê Trung Hiếu,ojt.synthetic.se200917@gmail.com,K20,BIT_IS_K20C,4,2026_Fall,63
SE200918,Hoàng Tuấn Kiệt,ojt.synthetic.se200918@gmail.com,K20,BIT_IS_K20D,4,2026_Fall,63
SE200919,Bùi Thanh Tâm,ojt.synthetic.se200919@gmail.com,K20,BIT_IS_K19D_K20A,4,2026_Fall,63
SE200920,Vũ Bảo Ngọc,ojt.synthetic.se200920@gmail.com,K20,BIT_IS_K20B,4,2026_Fall,60
SE200921,Vũ Gia Hân,ojt.synthetic.se200921@gmail.com,K20,BIT_IS_K20C,4,2026_Fall,60
SE200922,Lê Đức Minh,ojt.synthetic.se200922@gmail.com,K20,BIT_IS_K20D,4,2026_Fall,63
SE200923,Bùi Phương Thảo,ojt.synthetic.se200923@gmail.com,K20,BIT_IS_K19D_K20A,4,2026_Fall,69
SE200924,Đỗ Hải Nam,ojt.synthetic.se200924@gmail.com,K20,BIT_IS_K20B,4,2026_Fall,63
SE200925,Phạm Bảo Ngọc,ojt.synthetic.se200925@gmail.com,K20,BIT_IS_K20C,4,2026_Fall,66
SE200926,Bùi Thanh Tâm,ojt.synthetic.se200926@gmail.com,K20,BIT_IS_K20D,4,2026_Fall,69
SE200927,Võ Quang Huy,ojt.synthetic.se200927@gmail.com,K20,BIT_IS_K19D_K20A,4,2026_Fall,69
SE200928,Trần Hoàng Duy,ojt.synthetic.se200928@gmail.com,K20,BIT_IS_K20B,4,2026_Fall,60
SE200929,Phạm Khánh Linh,ojt.synthetic.se200929@gmail.com,K20,BIT_IS_K20C,4,2026_Fall,66
SE200930,Vũ Quang Huy,ojt.synthetic.se200930@gmail.com,K20,BIT_IS_K20D,4,2026_Fall,69
SE200931,Võ Minh Anh,ojt.synthetic.se200931@gmail.com,K20,BIT_IS_K19D_K20A,4,2026_Fall,69
SE200932,Đỗ Hoàng Duy,ojt.synthetic.se200932@gmail.com,K20,BIT_IS_K20B,4,2026_Fall,63
SE200933,Vũ Thanh Tâm,ojt.synthetic.se200933@gmail.com,K20,BIT_IS_K20C,4,2026_Fall,57
SE200934,Nguyễn Tuấn Kiệt,ojt.synthetic.se200934@gmail.com,K20,BIT_IS_K20D,4,2026_Fall,63
SE200935,Nguyễn Trung Hiếu,ojt.synthetic.se200935@gmail.com,K20,BIT_IS_K19D_K20A,4,2026_Fall,63
SE200936,Phạm Minh Anh,ojt.synthetic.se200936@gmail.com,K20,BIT_IS_K20B,4,2026_Fall,63
SE200937,Nguyễn Tuấn Kiệt,ojt.synthetic.se200937@gmail.com,K20,BIT_IS_K20C,4,2026_Fall,69
SE200938,Trần Ngọc Mai,ojt.synthetic.se200938@gmail.com,K20,BIT_IS_K20D,4,2026_Fall,69
SE200939,Phan Hải Nam,ojt.synthetic.se200939@gmail.com,K20,BIT_IS_K19D_K20A,4,2026_Fall,66
SE200940,Võ Ngọc Mai,ojt.synthetic.se200940@gmail.com,K20,BIT_IS_K20B,4,2026_Fall,66
SE200941,Đặng Gia Hân,ojt.synthetic.se200941@gmail.com,K20,BIT_IS_K20C,4,2026_Fall,69
SE200942,Hoàng Gia Hân,ojt.synthetic.se200942@gmail.com,K20,BIT_IS_K20D,4,2026_Fall,60
SE200943,Đỗ Đức Minh,ojt.synthetic.se200943@gmail.com,K20,BIT_IS_K19D_K20A,4,2026_Fall,63
SE200944,Lê Khánh Linh,ojt.synthetic.se200944@gmail.com,K20,BIT_IS_K20B,4,2026_Fall,60
SE200945,Nguyễn Thanh Tâm,ojt.synthetic.se200945@gmail.com,K20,BIT_IS_K20C,4,2026_Fall,63
SE200946,Hoàng Hoàng Duy,ojt.synthetic.se200946@gmail.com,K20,BIT_IS_K20D,4,2026_Fall,69
SE200947,Phạm Minh Anh,ojt.synthetic.se200947@gmail.com,K20,BIT_IS_K19D_K20A,4,2026_Fall,69
SE200948,Võ Minh Quân,ojt.synthetic.se200948@gmail.com,K20,BIT_IS_K20B,4,2026_Fall,69
SE200949,Đặng Minh Quân,ojt.synthetic.se200949@gmail.com,K20,BIT_IS_K20C,4,2026_Fall,69
SE200950,Hoàng Đức Minh,ojt.synthetic.se200950@gmail.com,K20,BIT_IS_K20D,4,2026_Fall,57
SE200951,Nguyễn Quang Huy,ojt.synthetic.se200951@gmail.com,K20,BIT_IS_K19D_K20A,4,2026_Fall,63
SE200952,Phạm Trung Hiếu,ojt.synthetic.se200952@gmail.com,K20,BIT_IS_K20B,4,2026_Fall,69
SE200953,Vũ Minh Quân,ojt.synthetic.se200953@gmail.com,K20,BIT_IS_K20C,4,2026_Fall,57
SE200954,Hoàng Trung Hiếu,ojt.synthetic.se200954@gmail.com,K20,BIT_IS_K20D,4,2026_Fall,69
SE200955,Nguyễn Quang Huy,ojt.synthetic.se200955@gmail.com,K20,BIT_IS_K19D_K20A,4,2026_Fall,69
SE200956,Trần Quốc Bảo,ojt.synthetic.se200956@gmail.com,K20,BIT_IS_K20B,4,2026_Fall,60
SE200957,Đặng Hoàng Duy,ojt.synthetic.se200957@gmail.com,K20,BIT_IS_K20C,4,2026_Fall,69
SE200958,Lê Đức Minh,ojt.synthetic.se200958@gmail.com,K20,BIT_IS_K20D,4,2026_Fall,69
SE200959,Võ Quốc Bảo,ojt.synthetic.se200959@gmail.com,K20,BIT_IS_K19D_K20A,4,2026_Fall,66
SE200960,Trần Bảo Ngọc,ojt.synthetic.se200960@gmail.com,K20,BIT_IS_K20B,4,2026_Fall,66
SE200961,Hoàng Minh Quân,ojt.synthetic.se200961@gmail.com,K20,BIT_IS_K20C,4,2026_Fall,69
SE200962,Vũ Quốc Bảo,ojt.synthetic.se200962@gmail.com,K20,BIT_IS_K20D,4,2026_Fall,63
SE200963,Lê Anh Tuấn,ojt.synthetic.se200963@gmail.com,K20,BIT_IS_K19D_K20A,4,2026_Fall,60
SE200964,Trần Phương Thảo,ojt.synthetic.se200964@gmail.com,K20,BIT_IS_K20B,4,2026_Fall,69
SE200965,Đặng Tuấn Kiệt,ojt.synthetic.se200965@gmail.com,K20,BIT_IS_K20C,4,2026_Fall,54
SE200966,Võ Minh Quân,ojt.synthetic.se200966@gmail.com,K20,BIT_IS_K20D,4,2026_Fall,60
SE200967,Lê Anh Tuấn,ojt.synthetic.se200967@gmail.com,K20,BIT_IS_K19D_K20A,4,2026_Fall,69
SE200968,Đặng Thanh Tâm,ojt.synthetic.se200968@gmail.com,K20,BIT_IS_K20B,4,2026_Fall,60
SE200969,Hoàng Quang Huy,ojt.synthetic.se200969@gmail.com,K20,BIT_IS_K20C,4,2026_Fall,66
SE200970,Bùi Minh Quân,ojt.synthetic.se200970@gmail.com,K20,BIT_IS_K20D,4,2026_Fall,57
SE200971,Trần Hải Nam,ojt.synthetic.se200971@gmail.com,K20,BIT_IS_K19D_K20A,4,2026_Fall,63
SE200972,Huỳnh Tuấn Kiệt,ojt.synthetic.se200972@gmail.com,K20,BIT_IS_K20B,4,2026_Fall,60
SE200973,Vũ Đức Minh,ojt.synthetic.se200973@gmail.com,K20,BIT_IS_K20C,4,2026_Fall,69
SE200974,Lê Ngọc Mai,ojt.synthetic.se200974@gmail.com,K20,BIT_IS_K20D,4,2026_Fall,66
SE200975,Đỗ Thanh Tâm,ojt.synthetic.se200975@gmail.com,K20,BIT_IS_K19D_K20A,4,2026_Fall,66
SE200976,Đặng Đức Minh,ojt.synthetic.se200976@gmail.com,K20,BIT_IS_K20B,4,2026_Fall,69
SE200977,Trần Minh Anh,ojt.synthetic.se200977@gmail.com,K20,BIT_IS_K20C,4,2026_Fall,66
SE200978,Bùi Tuấn Kiệt,ojt.synthetic.se200978@gmail.com,K20,BIT_IS_K20D,4,2026_Fall,69
SE200979,Trần Bảo Ngọc,ojt.synthetic.se200979@gmail.com,K20,BIT_IS_K19D_K20A,4,2026_Fall,60
SE200980,Võ Trung Hiếu,ojt.synthetic.se200980@gmail.com,K20,BIT_IS_K20B,4,2026_Fall,63
SE200981,Nguyễn Trung Hiếu,ojt.synthetic.se200981@gmail.com,K20,BIT_IS_K20C,4,2026_Fall,69
SE200982,Lê Minh Anh,ojt.synthetic.se200982@gmail.com,K20,BIT_IS_K20D,4,2026_Fall,57
SE200983,Huỳnh Khánh Linh,ojt.synthetic.se200983@gmail.com,K20,BIT_IS_K19D_K20A,4,2026_Fall,63
SE200984,Nguyễn Minh Anh,ojt.synthetic.se200984@gmail.com,K20,BIT_IS_K20B,4,2026_Fall,60
SE200985,Đỗ Tuấn Kiệt,ojt.synthetic.se200985@gmail.com,K20,BIT_IS_K20C,4,2026_Fall,66
SE200986,Trần Ngọc Mai,ojt.synthetic.se200986@gmail.com,K20,BIT_IS_K20D,4,2026_Fall,69
SE200987,Đỗ Minh Quân,ojt.synthetic.se200987@gmail.com,K20,BIT_IS_K19D_K20A,4,2026_Fall,69
SE200988,Nguyễn Anh Tuấn,ojt.synthetic.se200988@gmail.com,K20,BIT_IS_K20B,4,2026_Fall,69
SE200989,Vũ Gia Hân,ojt.synthetic.se200989@gmail.com,K20,BIT_IS_K20C,4,2026_Fall,63
SE200990,Lê Khánh Linh,ojt.synthetic.se200990@gmail.com,K20,BIT_IS_K20D,4,2026_Fall,66
SE200991,Đặng Ngọc Mai,ojt.synthetic.se200991@gmail.com,K20,BIT_IS_K19D_K20A,4,2026_Fall,66
SE200992,Phan Gia Hân,ojt.synthetic.se200992@gmail.com,K20,BIT_IS_K20B,4,2026_Fall,69
SE200993,Lê Anh Tuấn,ojt.synthetic.se200993@gmail.com,K20,BIT_IS_K20C,4,2026_Fall,57
SE200994,Đỗ Trung Hiếu,ojt.synthetic.se200994@gmail.com,K20,BIT_IS_K20D,4,2026_Fall,63
SE200995,Hoàng Hoàng Duy,ojt.synthetic.se200995@gmail.com,K20,BIT_IS_K19D_K20A,4,2026_Fall,60
SE200996,Hoàng Ngọc Mai,ojt.synthetic.se200996@gmail.com,K20,BIT_IS_K20B,4,2026_Fall,66
SE200997,Nguyễn Tuấn Kiệt,ojt.synthetic.se200997@gmail.com,K20,BIT_IS_K20C,4,2026_Fall,69
SE200998,Bùi Phương Thảo,ojt.synthetic.se200998@gmail.com,K20,BIT_IS_K20D,4,2026_Fall,63
SE200999,Đặng Tuấn Kiệt,ojt.synthetic.se200999@gmail.com,K20,BIT_IS_K19D_K20A,4,2026_Fall,69
SE201000,Vũ Bảo Ngọc,ojt.synthetic.se201000@gmail.com,K20,BIT_IS_K20B,4,2026_Fall,69
SE201001,Đặng Trung Hiếu,ojt.synthetic.se201001@gmail.com,K20,BIT_IS_K20C,4,2026_Fall,69
SE201002,Vũ Gia Hân,ojt.synthetic.se201002@gmail.com,K20,BIT_IS_K20D,4,2026_Fall,60
SE201003,Nguyễn Hải Nam,ojt.synthetic.se201003@gmail.com,K20,BIT_IS_K19D_K20A,4,2026_Fall,57
SE201004,Trần Ngọc Mai,ojt.synthetic.se201004@gmail.com,K20,BIT_IS_K20B,4,2026_Fall,63
SE201005,Hoàng Tuấn Kiệt,ojt.synthetic.se201005@gmail.com,K20,BIT_IS_K20C,4,2026_Fall,66
SE201006,Hoàng Thanh Tâm,ojt.synthetic.se201006@gmail.com,K20,BIT_IS_K20D,4,2026_Fall,69
SE201007,Phan Trung Hiếu,ojt.synthetic.se201007@gmail.com,K20,BIT_IS_K19D_K20A,4,2026_Fall,69
SE201008,Phan Gia Hân,ojt.synthetic.se201008@gmail.com,K20,BIT_IS_K20B,4,2026_Fall,54
SE201009,Đặng Ngọc Mai,ojt.synthetic.se201009@gmail.com,K20,BIT_IS_K20C,4,2026_Fall,63
SE201010,Huỳnh Anh Tuấn,ojt.synthetic.se201010@gmail.com,K20,BIT_IS_K20D,4,2026_Fall,69
SE201011,Nguyễn Minh Quân,ojt.synthetic.se201011@gmail.com,K20,BIT_IS_K19D_K20A,4,2026_Fall,69
SE201012,Bùi Hoàng Duy,ojt.synthetic.se201012@gmail.com,K20,BIT_IS_K20B,4,2026_Fall,57
SE201013,Nguyễn Phương Thảo,ojt.synthetic.se201013@gmail.com,K20,BIT_IS_K20C,4,2026_Fall,60
SE201014,Đỗ Khánh Linh,ojt.synthetic.se201014@gmail.com,K20,BIT_IS_K20D,4,2026_Fall,69
SE201015,Lê Quang Huy,ojt.synthetic.se201015@gmail.com,K20,BIT_IS_K19D_K20A,4,2026_Fall,57
SE201016,Huỳnh Hải Nam,ojt.synthetic.se201016@gmail.com,K20,BIT_IS_K20B,4,2026_Fall,63
SE201017,Huỳnh Hải Nam,ojt.synthetic.se201017@gmail.com,K20,BIT_IS_K20C,4,2026_Fall,69
SE201018,Nguyễn Quốc Bảo,ojt.synthetic.se201018@gmail.com,K20,BIT_IS_K20D,4,2026_Fall,66
SE201019,Huỳnh Trung Hiếu,ojt.synthetic.se201019@gmail.com,K20,BIT_IS_K19D_K20A,4,2026_Fall,60
SE201020,Võ Quang Huy,ojt.synthetic.se201020@gmail.com,K20,BIT_IS_K20B,4,2026_Fall,66
SE201021,Bùi Bảo Ngọc,ojt.synthetic.se201021@gmail.com,K20,BIT_IS_K20C,4,2026_Fall,69
SE201022,Phan Quốc Bảo,ojt.synthetic.se201022@gmail.com,K20,BIT_IS_K20D,4,2026_Fall,63
SE201023,Đỗ Bảo Ngọc,ojt.synthetic.se201023@gmail.com,K20,BIT_IS_K19D_K20A,4,2026_Fall,60
SE201024,Lê Trung Hiếu,ojt.synthetic.se201024@gmail.com,K20,BIT_IS_K20B,4,2026_Fall,63
SE201025,Vũ Bảo Ngọc,ojt.synthetic.se201025@gmail.com,K20,BIT_IS_K20C,4,2026_Fall,63
SE201026,Bùi Trung Hiếu,ojt.synthetic.se201026@gmail.com,K20,BIT_IS_K20D,4,2026_Fall,69
SE201027,Phạm Trung Hiếu,ojt.synthetic.se201027@gmail.com,K20,BIT_IS_K19D_K20A,4,2026_Fall,69
SE201028,Phạm Minh Anh,ojt.synthetic.se201028@gmail.com,K20,BIT_IS_K20B,4,2026_Fall,69
SE201029,Bùi Minh Anh,ojt.synthetic.se201029@gmail.com,K20,BIT_IS_K20C,4,2026_Fall,69
SE201030,Đỗ Đức Minh,ojt.synthetic.se201030@gmail.com,K20,BIT_IS_K20D,4,2026_Fall,54
SE201031,Đỗ Đức Minh,ojt.synthetic.se201031@gmail.com,K20,BIT_IS_K19D_K20A,4,2026_Fall,57
SE201032,Võ Minh Anh,ojt.synthetic.se201032@gmail.com,K20,BIT_IS_K20B,4,2026_Fall,63
SE201033,Võ Thanh Tâm,ojt.synthetic.se201033@gmail.com,K20,BIT_IS_K20C,4,2026_Fall,66
SE201034,Võ Hải Nam,ojt.synthetic.se201034@gmail.com,K20,BIT_IS_K20D,4,2026_Fall,69
SE201035,Nguyễn Gia Hân,ojt.synthetic.se201035@gmail.com,K20,BIT_IS_K19D_K20A,4,2026_Fall,69
SE201036,Phan Đức Minh,ojt.synthetic.se201036@gmail.com,K20,BIT_IS_K20B,4,2026_Fall,57
SE201037,Phạm Bảo Ngọc,ojt.synthetic.se201037@gmail.com,K20,BIT_IS_K20C,4,2026_Fall,69
SE201038,Võ Đức Minh,ojt.synthetic.se201038@gmail.com,K20,BIT_IS_K20D,4,2026_Fall,60
SE201039,Bùi Minh Quân,ojt.synthetic.se201039@gmail.com,K20,BIT_IS_K19D_K20A,4,2026_Fall,66
SE201040,Huỳnh Anh Tuấn,ojt.synthetic.se201040@gmail.com,K20,BIT_IS_K20B,4,2026_Fall,69
SE201041,Bùi Minh Anh,ojt.synthetic.se201041@gmail.com,K20,BIT_IS_K20C,4,2026_Fall,69
SE201042,Bùi Trung Hiếu,ojt.synthetic.se201042@gmail.com,K20,BIT_IS_K20D,4,2026_Fall,69
SE201043,Đặng Ngọc Mai,ojt.synthetic.se201043@gmail.com,K20,BIT_IS_K19D_K20A,4,2026_Fall,69
SE201044,Trần Hoàng Duy,ojt.synthetic.se201044@gmail.com,K20,BIT_IS_K20B,4,2026_Fall,57
SE201045,Phan Bảo Ngọc,ojt.synthetic.se201045@gmail.com,K20,BIT_IS_K20C,4,2026_Fall,69
SE201046,Huỳnh Trung Hiếu,ojt.synthetic.se201046@gmail.com,K20,BIT_IS_K20D,4,2026_Fall,66
SE201047,Trần Khánh Linh,ojt.synthetic.se201047@gmail.com,K20,BIT_IS_K19D_K20A,4,2026_Fall,69
SE201048,Bùi Minh Quân,ojt.synthetic.se201048@gmail.com,K20,BIT_IS_K20B,4,2026_Fall,69
SE201049,Bùi Gia Hân,ojt.synthetic.se201049@gmail.com,K20,BIT_IS_K20C,4,2026_Fall,63
SE201050,Huỳnh Quang Huy,ojt.synthetic.se201050@gmail.com,K20,BIT_IS_K20D,4,2026_Fall,60
SE201051,Phạm Trung Hiếu,ojt.synthetic.se201051@gmail.com,K20,BIT_IS_K19D_K20A,4,2026_Fall,63
SE201052,Võ Ngọc Mai,ojt.synthetic.se201052@gmail.com,K20,BIT_IS_K20B,4,2026_Fall,66
SE201053,Bùi Hoàng Duy,ojt.synthetic.se201053@gmail.com,K20,BIT_IS_K20C,4,2026_Fall,69
SE201054,Lê Anh Tuấn,ojt.synthetic.se201054@gmail.com,K20,BIT_IS_K20D,4,2026_Fall,66
SE201055,Nguyễn Gia Hân,ojt.synthetic.se201055@gmail.com,K20,BIT_IS_K19D_K20A,4,2026_Fall,69
SE201056,Hoàng Hoàng Duy,ojt.synthetic.se201056@gmail.com,K20,BIT_IS_K20B,4,2026_Fall,69
SE201057,Võ Đức Minh,ojt.synthetic.se201057@gmail.com,K20,BIT_IS_K20C,4,2026_Fall,57
SE201058,Võ Khánh Linh,ojt.synthetic.se201058@gmail.com,K20,BIT_IS_K20D,4,2026_Fall,57
SE201059,Hoàng Tuấn Kiệt,ojt.synthetic.se201059@gmail.com,K20,BIT_IS_K19D_K20A,4,2026_Fall,66
SE201060,Lê Minh Anh,ojt.synthetic.se201060@gmail.com,K20,BIT_IS_K20B,4,2026_Fall,66
SE201061,Đỗ Khánh Linh,ojt.synthetic.se201061@gmail.com,K20,BIT_IS_K20C,4,2026_Fall,66
SE201062,Nguyễn Quang Huy,ojt.synthetic.se201062@gmail.com,K20,BIT_IS_K20D,4,2026_Fall,69
SE201063,Vũ Quang Huy,ojt.synthetic.se201063@gmail.com,K20,BIT_IS_K19D_K20A,4,2026_Fall,69
SE201064,Hoàng Minh Quân,ojt.synthetic.se201064@gmail.com,K20,BIT_IS_K20B,4,2026_Fall,69
SE201065,Bùi Quang Huy,ojt.synthetic.se201065@gmail.com,K20,BIT_IS_K20C,4,2026_Fall,69
SE201066,Trần Quang Huy,ojt.synthetic.se201066@gmail.com,K20,BIT_IS_K20D,4,2026_Fall,63
SE201067,Huỳnh Hải Nam,ojt.synthetic.se201067@gmail.com,K20,BIT_IS_K19D_K20A,4,2026_Fall,63
SE201068,Trần Phương Thảo,ojt.synthetic.se201068@gmail.com,K20,BIT_IS_K20B,4,2026_Fall,63
SE201069,Trần Bảo Ngọc,ojt.synthetic.se201069@gmail.com,K20,BIT_IS_K20C,4,2026_Fall,60
SE201070,Vũ Trung Hiếu,ojt.synthetic.se201070@gmail.com,K20,BIT_IS_K20D,4,2026_Fall,60
SE201071,Đỗ Minh Quân,ojt.synthetic.se201071@gmail.com,K20,BIT_IS_K19D_K20A,4,2026_Fall,69
SE201072,Bùi Trung Hiếu,ojt.synthetic.se201072@gmail.com,K20,BIT_IS_K20B,4,2026_Fall,66
SE201073,Huỳnh Minh Anh,ojt.synthetic.se201073@gmail.com,K20,BIT_IS_K20C,4,2026_Fall,69
SE201074,Phan Phương Thảo,ojt.synthetic.se201074@gmail.com,K20,BIT_IS_K20D,4,2026_Fall,63
SE201075,Lê Trung Hiếu,ojt.synthetic.se201075@gmail.com,K20,BIT_IS_K19D_K20A,4,2026_Fall,66
SE201076,Lê Quang Huy,ojt.synthetic.se201076@gmail.com,K20,BIT_IS_K20B,4,2026_Fall,69
SE201077,Đặng Trung Hiếu,ojt.synthetic.se201077@gmail.com,K20,BIT_IS_K20C,4,2026_Fall,69
SE201078,Nguyễn Anh Tuấn,ojt.synthetic.se201078@gmail.com,K20,BIT_IS_K20D,4,2026_Fall,69
SE201079,Nguyễn Quang Huy,ojt.synthetic.se201079@gmail.com,K20,BIT_IS_K19D_K20A,4,2026_Fall,57
SE201080,Vũ Ngọc Mai,ojt.synthetic.se201080@gmail.com,K20,BIT_IS_K20B,4,2026_Fall,57
SE201081,Đỗ Minh Anh,ojt.synthetic.se201081@gmail.com,K20,BIT_IS_K20C,4,2026_Fall,66
SE201082,Đặng Đức Minh,ojt.synthetic.se201082@gmail.com,K20,BIT_IS_K20D,4,2026_Fall,69
SE201083,Đỗ Minh Anh,ojt.synthetic.se201083@gmail.com,K20,BIT_IS_K19D_K20A,4,2026_Fall,60
SE201084,Lê Anh Tuấn,ojt.synthetic.se201084@gmail.com,K20,BIT_IS_K20B,4,2026_Fall,60
SE201085,Nguyễn Tuấn Kiệt,ojt.synthetic.se201085@gmail.com,K20,BIT_IS_K20C,4,2026_Fall,63
SE201086,Võ Ngọc Mai,ojt.synthetic.se201086@gmail.com,K20,BIT_IS_K20D,4,2026_Fall,57
SE201087,Vũ Tuấn Kiệt,ojt.synthetic.se201087@gmail.com,K20,BIT_IS_K19D_K20A,4,2026_Fall,66
SE201088,Hoàng Quang Huy,ojt.synthetic.se201088@gmail.com,K20,BIT_IS_K20B,4,2026_Fall,69
SE201089,Võ Ngọc Mai,ojt.synthetic.se201089@gmail.com,K20,BIT_IS_K20C,4,2026_Fall,60
SE201090,Phan Quang Huy,ojt.synthetic.se201090@gmail.com,K20,BIT_IS_K20D,4,2026_Fall,60
SE201091,Bùi Phương Thảo,ojt.synthetic.se201091@gmail.com,K20,BIT_IS_K19D_K20A,4,2026_Fall,63
SE201092,Nguyễn Bảo Ngọc,ojt.synthetic.se201092@gmail.com,K20,BIT_IS_K20B,4,2026_Fall,69
SE201093,Đặng Hải Nam,ojt.synthetic.se201093@gmail.com,K20,BIT_IS_K20C,4,2026_Fall,69
SE201094,Đặng Gia Hân,ojt.synthetic.se201094@gmail.com,K20,BIT_IS_K20D,4,2026_Fall,69
SE201095,Đỗ Bảo Ngọc,ojt.synthetic.se201095@gmail.com,K20,BIT_IS_K19D_K20A,4,2026_Fall,69
SE201096,Hoàng Minh Anh,ojt.synthetic.se201096@gmail.com,K20,BIT_IS_K20B,4,2026_Fall,60
SE201097,Bùi Khánh Linh,ojt.synthetic.se201097@gmail.com,K20,BIT_IS_K20C,4,2026_Fall,57
SE201098,Nguyễn Tuấn Kiệt,ojt.synthetic.se201098@gmail.com,K20,BIT_IS_K20D,4,2026_Fall,66
SE201099,Vũ Minh Quân,ojt.synthetic.se201099@gmail.com,K20,BIT_IS_K19D_K20A,4,2026_Fall,69
SE201100,Phan Minh Anh,ojt.synthetic.se201100@gmail.com,K20,BIT_IS_K20B,4,2026_Fall,69
SE201101,Trần Đức Minh,ojt.synthetic.se201101@gmail.com,K20,BIT_IS_K20C,4,2026_Fall,66
SE201102,Trần Khánh Linh,ojt.synthetic.se201102@gmail.com,K20,BIT_IS_K20D,4,2026_Fall,63
SE201103,Vũ Tuấn Kiệt,ojt.synthetic.se201103@gmail.com,K20,BIT_IS_K19D_K20A,4,2026_Fall,69
SE201104,Đỗ Tuấn Kiệt,ojt.synthetic.se201104@gmail.com,K20,BIT_IS_K20B,4,2026_Fall,66
SE201105,Võ Quang Huy,ojt.synthetic.se201105@gmail.com,K20,BIT_IS_K20C,4,2026_Fall,69
SE201106,Đỗ Đức Minh,ojt.synthetic.se201106@gmail.com,K20,BIT_IS_K20D,4,2026_Fall,60
SE201107,Huỳnh Khánh Linh,ojt.synthetic.se201107@gmail.com,K20,BIT_IS_K19D_K20A,4,2026_Fall,63
SE201108,Trần Thanh Tâm,ojt.synthetic.se201108@gmail.com,K20,BIT_IS_K20B,4,2026_Fall,60
SE201109,Huỳnh Quang Huy,ojt.synthetic.se201109@gmail.com,K20,BIT_IS_K20C,4,2026_Fall,60
SE201110,Lê Hải Nam,ojt.synthetic.se201110@gmail.com,K20,BIT_IS_K20D,4,2026_Fall,66
SE201111,Vũ Gia Hân,ojt.synthetic.se201111@gmail.com,K20,BIT_IS_K19D_K20A,4,2026_Fall,63
SE201112,Phạm Thanh Tâm,ojt.synthetic.se201112@gmail.com,K20,BIT_IS_K20B,4,2026_Fall,60
SE201113,Phan Quang Huy,ojt.synthetic.se201113@gmail.com,K20,BIT_IS_K20C,4,2026_Fall,66
SE201114,Vũ Phương Thảo,ojt.synthetic.se201114@gmail.com,K20,BIT_IS_K20D,4,2026_Fall,66
SE201115,Phạm Tuấn Kiệt,ojt.synthetic.se201115@gmail.com,K20,BIT_IS_K19D_K20A,4,2026_Fall,63
SE201116,Phan Khánh Linh,ojt.synthetic.se201116@gmail.com,K20,BIT_IS_K20B,4,2026_Fall,54
SE201117,Lê Thanh Tâm,ojt.synthetic.se201117@gmail.com,K20,BIT_IS_K20C,4,2026_Fall,66
SE201118,Bùi Minh Anh,ojt.synthetic.se201118@gmail.com,K20,BIT_IS_K20D,4,2026_Fall,66
SE201119,Võ Tuấn Kiệt,ojt.synthetic.se201119@gmail.com,K20,BIT_IS_K19D_K20A,4,2026_Fall,57
SE201120,Võ Minh Quân,ojt.synthetic.se201120@gmail.com,K20,BIT_IS_K20B,4,2026_Fall,60
SE201121,Trần Đức Minh,ojt.synthetic.se201121@gmail.com,K20,BIT_IS_K20C,4,2026_Fall,66
SE201122,Phan Khánh Linh,ojt.synthetic.se201122@gmail.com,K20,BIT_IS_K20D,4,2026_Fall,63
SE201123,Đỗ Khánh Linh,ojt.synthetic.se201123@gmail.com,K20,BIT_IS_K19D_K20A,4,2026_Fall,66
SE201124,Bùi Khánh Linh,ojt.synthetic.se201124@gmail.com,K20,BIT_IS_K20B,4,2026_Fall,66
SE201125,Trần Quang Huy,ojt.synthetic.se201125@gmail.com,K20,BIT_IS_K20C,4,2026_Fall,57
SE201126,Đặng Ngọc Mai,ojt.synthetic.se201126@gmail.com,K20,BIT_IS_K20D,4,2026_Fall,63
SE201127,Trần Tuấn Kiệt,ojt.synthetic.se201127@gmail.com,K20,BIT_IS_K19D_K20A,4,2026_Fall,60
SE201128,Võ Tuấn Kiệt,ojt.synthetic.se201128@gmail.com,K20,BIT_IS_K20B,4,2026_Fall,66
SE201129,Võ Anh Tuấn,ojt.synthetic.se201129@gmail.com,K20,BIT_IS_K20C,4,2026_Fall,66
SE201130,Đặng Thanh Tâm,ojt.synthetic.se201130@gmail.com,K20,BIT_IS_K20D,4,2026_Fall,60
SE201131,Nguyễn Quang Huy,ojt.synthetic.se201131@gmail.com,K20,BIT_IS_K19D_K20A,4,2026_Fall,66
SE201132,Võ Hải Nam,ojt.synthetic.se201132@gmail.com,K20,BIT_IS_K20B,4,2026_Fall,69
SE201133,Phan Anh Tuấn,ojt.synthetic.se201133@gmail.com,K20,BIT_IS_K20C,4,2026_Fall,63
SE201134,Vũ Bảo Ngọc,ojt.synthetic.se201134@gmail.com,K20,BIT_IS_K20D,4,2026_Fall,66
SE201135,Đỗ Trung Hiếu,ojt.synthetic.se201135@gmail.com,K20,BIT_IS_K19D_K20A,4,2026_Fall,69
SE201136,Vũ Phương Thảo,ojt.synthetic.se201136@gmail.com,K20,BIT_IS_K20B,4,2026_Fall,66
SE201137,Nguyễn Quang Huy,ojt.synthetic.se201137@gmail.com,K20,BIT_IS_K20C,4,2026_Fall,69
SE201138,Nguyễn Minh Quân,ojt.synthetic.se201138@gmail.com,K20,BIT_IS_K20D,4,2026_Fall,63
SE201139,Đỗ Đức Minh,ojt.synthetic.se201139@gmail.com,K20,BIT_IS_K19D_K20A,4,2026_Fall,66
SE201140,Võ Quang Huy,ojt.synthetic.se201140@gmail.com,K20,BIT_IS_K20B,4,2026_Fall,60
SE201141,Phan Hoàng Duy,ojt.synthetic.se201141@gmail.com,K20,BIT_IS_K20C,4,2026_Fall,63
SE201142,Huỳnh Quang Huy,ojt.synthetic.se201142@gmail.com,K20,BIT_IS_K20D,4,2026_Fall,69
SE201143,Phạm Đức Minh,ojt.synthetic.se201143@gmail.com,K20,BIT_IS_K19D_K20A,4,2026_Fall,63
SE201144,Phạm Trung Hiếu,ojt.synthetic.se201144@gmail.com,K20,BIT_IS_K20B,4,2026_Fall,66
SE201145,Trần Hải Nam,ojt.synthetic.se201145@gmail.com,K20,BIT_IS_K20C,4,2026_Fall,63
SE201146,Phan Phương Thảo,ojt.synthetic.se201146@gmail.com,K20,BIT_IS_K20D,4,2026_Fall,60
SE201147,Phan Minh Anh,ojt.synthetic.se201147@gmail.com,K20,BIT_IS_K19D_K20A,4,2026_Fall,69
SE201148,Đỗ Phương Thảo,ojt.synthetic.se201148@gmail.com,K20,BIT_IS_K20B,4,2026_Fall,66
SE201149,Võ Minh Anh,ojt.synthetic.se201149@gmail.com,K20,BIT_IS_K20C,4,2026_Fall,66
SE201150,Vũ Phương Thảo,ojt.synthetic.se201150@gmail.com,K20,BIT_IS_K20D,4,2026_Fall,57
SE201151,Bùi Phương Thảo,ojt.synthetic.se201151@gmail.com,K20,BIT_IS_K19D_K20A,4,2026_Fall,63
SE201152,Đỗ Minh Anh,ojt.synthetic.se201152@gmail.com,K20,BIT_IS_K20B,4,2026_Fall,63
SE201153,Lê Hải Nam,ojt.synthetic.se201153@gmail.com,K20,BIT_IS_K20C,4,2026_Fall,60
SE201154,Đặng Đức Minh,ojt.synthetic.se201154@gmail.com,K20,BIT_IS_K20D,4,2026_Fall,57
SE201155,Đặng Anh Tuấn,ojt.synthetic.se201155@gmail.com,K20,BIT_IS_K19D_K20A,4,2026_Fall,66
SE201156,Bùi Ngọc Mai,ojt.synthetic.se201156@gmail.com,K20,BIT_IS_K20B,4,2026_Fall,69
SE201157,Lê Khánh Linh,ojt.synthetic.se201157@gmail.com,K20,BIT_IS_K20C,4,2026_Fall,60
SE201158,Đặng Gia Hân,ojt.synthetic.se201158@gmail.com,K20,BIT_IS_K20D,4,2026_Fall,63
SE201159,Vũ Minh Quân,ojt.synthetic.se201159@gmail.com,K20,BIT_IS_K19D_K20A,4,2026_Fall,69
SE201160,Đỗ Phương Thảo,ojt.synthetic.se201160@gmail.com,K20,BIT_IS_K20B,4,2026_Fall,60
SE201161,Lê Thanh Tâm,ojt.synthetic.se201161@gmail.com,K20,BIT_IS_K20C,4,2026_Fall,66
SE201162,Hoàng Đức Minh,ojt.synthetic.se201162@gmail.com,K20,BIT_IS_K20D,4,2026_Fall,57
SE201163,Phạm Quốc Bảo,ojt.synthetic.se201163@gmail.com,K20,BIT_IS_K19D_K20A,4,2026_Fall,60
SE201164,Nguyễn Khánh Linh,ojt.synthetic.se201164@gmail.com,K20,BIT_IS_K20B,4,2026_Fall,60
SE201165,Lê Anh Tuấn,ojt.synthetic.se201165@gmail.com,K20,BIT_IS_K20C,4,2026_Fall,69
SE201166,Vũ Hoàng Duy,ojt.synthetic.se201166@gmail.com,K20,BIT_IS_K20D,4,2026_Fall,57
SE201167,Lê Phương Thảo,ojt.synthetic.se201167@gmail.com,K20,BIT_IS_K19D_K20A,4,2026_Fall,66
SE201168,Lê Đức Minh,ojt.synthetic.se201168@gmail.com,K20,BIT_IS_K20B,4,2026_Fall,63
SE201169,Hoàng Hoàng Duy,ojt.synthetic.se201169@gmail.com,K20,BIT_IS_K20C,4,2026_Fall,69
SE201170,Trần Khánh Linh,ojt.synthetic.se201170@gmail.com,K20,BIT_IS_K20D,4,2026_Fall,66
SE201171,Nguyễn Trung Hiếu,ojt.synthetic.se201171@gmail.com,K20,BIT_IS_K19D_K20A,4,2026_Fall,60
SE201172,Vũ Bảo Ngọc,ojt.synthetic.se201172@gmail.com,K20,BIT_IS_K20B,4,2026_Fall,60
SE201173,Võ Hải Nam,ojt.synthetic.se201173@gmail.com,K20,BIT_IS_K20C,4,2026_Fall,69
SE201174,Trần Minh Quân,ojt.synthetic.se201174@gmail.com,K20,BIT_IS_K20D,4,2026_Fall,69
SE201175,Vũ Hoàng Duy,ojt.synthetic.se201175@gmail.com,K20,BIT_IS_K19D_K20A,4,2026_Fall,63
SE201176,Hoàng Bảo Ngọc,ojt.synthetic.se201176@gmail.com,K20,BIT_IS_K20B,4,2026_Fall,57
SE201177,Trần Minh Anh,ojt.synthetic.se201177@gmail.com,K20,BIT_IS_K20C,4,2026_Fall,69
SE201178,Phạm Phương Thảo,ojt.synthetic.se201178@gmail.com,K20,BIT_IS_K20D,4,2026_Fall,69
SE201179,Vũ Minh Anh,ojt.synthetic.se201179@gmail.com,K20,BIT_IS_K19D_K20A,4,2026_Fall,63
SE201180,Lê Ngọc Mai,ojt.synthetic.se201180@gmail.com,K20,BIT_IS_K20B,4,2026_Fall,66
SE201181,Bùi Gia Hân,ojt.synthetic.se201181@gmail.com,K20,BIT_IS_K20C,4,2026_Fall,63
SE201182,Đỗ Minh Anh,ojt.synthetic.se201182@gmail.com,K20,BIT_IS_K20D,4,2026_Fall,69
SE201183,Vũ Bảo Ngọc,ojt.synthetic.se201183@gmail.com,K20,BIT_IS_K19D_K20A,4,2026_Fall,54
SE201184,Đỗ Ngọc Mai,ojt.synthetic.se201184@gmail.com,K20,BIT_IS_K20B,4,2026_Fall,69
SE201185,Võ Minh Anh,ojt.synthetic.se201185@gmail.com,K20,BIT_IS_K20C,4,2026_Fall,69
SE201186,Hoàng Bảo Ngọc,ojt.synthetic.se201186@gmail.com,K20,BIT_IS_K20D,4,2026_Fall,60
SE201187,Hoàng Minh Anh,ojt.synthetic.se201187@gmail.com,K20,BIT_IS_K19D_K20A,4,2026_Fall,57
SE201188,Trần Tuấn Kiệt,ojt.synthetic.se201188@gmail.com,K20,BIT_IS_K20B,4,2026_Fall,66
SE201189,Nguyễn Thanh Tâm,ojt.synthetic.se201189@gmail.com,K20,BIT_IS_K20C,4,2026_Fall,69
SE201190,Võ Minh Anh,ojt.synthetic.se201190@gmail.com,K20,BIT_IS_K20D,4,2026_Fall,69
SE201191,Huỳnh Hải Nam,ojt.synthetic.se201191@gmail.com,K20,BIT_IS_K19D_K20A,4,2026_Fall,66
SE201192,Trần Trung Hiếu,ojt.synthetic.se201192@gmail.com,K20,BIT_IS_K20B,4,2026_Fall,69
SE201193,Nguyễn Thanh Tâm,ojt.synthetic.se201193@gmail.com,K20,BIT_IS_K20C,4,2026_Fall,66
SE201194,Đỗ Anh Tuấn,ojt.synthetic.se201194@gmail.com,K20,BIT_IS_K20D,4,2026_Fall,66
SE201195,Phạm Gia Hân,ojt.synthetic.se201195@gmail.com,K20,BIT_IS_K19D_K20A,4,2026_Fall,57
SE201196,Võ Thanh Tâm,ojt.synthetic.se201196@gmail.com,K20,BIT_IS_K20B,4,2026_Fall,69
SE201197,Võ Khánh Linh,ojt.synthetic.se201197@gmail.com,K20,BIT_IS_K20C,4,2026_Fall,63
SE201198,Đỗ Ngọc Mai,ojt.synthetic.se201198@gmail.com,K20,BIT_IS_K20D,4,2026_Fall,54
SE201199,Vũ Phương Thảo,ojt.synthetic.se201199@gmail.com,K20,BIT_IS_K19D_K20A,4,2026_Fall,57
SE201200,Phan Tuấn Kiệt,ojt.synthetic.se201200@gmail.com,K20,BIT_IS_K20B,4,2026_Fall,60
SE201201,Phan Ngọc Mai,ojt.synthetic.se201201@gmail.com,K20,BIT_IS_K20C,4,2026_Fall,69
SE201202,Võ Hải Nam,ojt.synthetic.se201202@gmail.com,K20,BIT_IS_K20D,4,2026_Fall,54
SE201203,Lê Bảo Ngọc,ojt.synthetic.se201203@gmail.com,K20,BIT_IS_K19D_K20A,4,2026_Fall,60
SE201204,Bùi Khánh Linh,ojt.synthetic.se201204@gmail.com,K20,BIT_IS_K20B,4,2026_Fall,69
SE201205,Trần Đức Minh,ojt.synthetic.se201205@gmail.com,K20,BIT_IS_K20C,4,2026_Fall,69
SE201206,Vũ Phương Thảo,ojt.synthetic.se201206@gmail.com,K20,BIT_IS_K20D,4,2026_Fall,57
SE201207,Trần Trung Hiếu,ojt.synthetic.se201207@gmail.com,K20,BIT_IS_K19D_K20A,4,2026_Fall,66
SE201208,Đặng Minh Anh,ojt.synthetic.se201208@gmail.com,K20,BIT_IS_K20B,4,2026_Fall,69
SE201209,Đỗ Hải Nam,ojt.synthetic.se201209@gmail.com,K20,BIT_IS_K20C,4,2026_Fall,66
SE201210,Vũ Hải Nam,ojt.synthetic.se201210@gmail.com,K20,BIT_IS_K20D,4,2026_Fall,69
SE201211,Trần Bảo Ngọc,ojt.synthetic.se201211@gmail.com,K20,BIT_IS_K19D_K20A,4,2026_Fall,69
SE201212,Đặng Đức Minh,ojt.synthetic.se201212@gmail.com,K20,BIT_IS_K20B,4,2026_Fall,66
SE201213,Huỳnh Minh Quân,ojt.synthetic.se201213@gmail.com,K20,BIT_IS_K20C,4,2026_Fall,60
SE201214,Đặng Bảo Ngọc,ojt.synthetic.se201214@gmail.com,K20,BIT_IS_K20D,4,2026_Fall,69
SE201215,Đỗ Quang Huy,ojt.synthetic.se201215@gmail.com,K20,BIT_IS_K19D_K20A,4,2026_Fall,57
SE201216,Vũ Quang Huy,ojt.synthetic.se201216@gmail.com,K20,BIT_IS_K20B,4,2026_Fall,69
SE201217,Phan Minh Anh,ojt.synthetic.se201217@gmail.com,K20,BIT_IS_K20C,4,2026_Fall,57
SE201218,Huỳnh Đức Minh,ojt.synthetic.se201218@gmail.com,K20,BIT_IS_K20D,4,2026_Fall,54
SE201219,Phạm Quang Huy,ojt.synthetic.se201219@gmail.com,K20,BIT_IS_K19D_K20A,4,2026_Fall,54
SE201220,Bùi Thanh Tâm,ojt.synthetic.se201220@gmail.com,K20,BIT_IS_K20B,4,2026_Fall,66
SE201221,Đặng Bảo Ngọc,ojt.synthetic.se201221@gmail.com,K20,BIT_IS_K20C,4,2026_Fall,69
SE201222,Phạm Phương Thảo,ojt.synthetic.se201222@gmail.com,K20,BIT_IS_K20D,4,2026_Fall,63
SE201223,Lê Khánh Linh,ojt.synthetic.se201223@gmail.com,K20,BIT_IS_K19D_K20A,4,2026_Fall,66
SE201224,Huỳnh Gia Hân,ojt.synthetic.se201224@gmail.com,K20,BIT_IS_K20B,4,2026_Fall,66
SE201225,Nguyễn Khánh Linh,ojt.synthetic.se201225@gmail.com,K20,BIT_IS_K20C,4,2026_Fall,69
SE201226,Đỗ Phương Thảo,ojt.synthetic.se201226@gmail.com,K20,BIT_IS_K20D,4,2026_Fall,54
SE201227,Võ Đức Minh,ojt.synthetic.se201227@gmail.com,K20,BIT_IS_K19D_K20A,4,2026_Fall,60
SE201228,Trần Quốc Bảo,ojt.synthetic.se201228@gmail.com,K20,BIT_IS_K20B,4,2026_Fall,63
SE201229,Phan Minh Quân,ojt.synthetic.se201229@gmail.com,K20,BIT_IS_K20C,4,2026_Fall,63
SE201230,Đỗ Hải Nam,ojt.synthetic.se201230@gmail.com,K20,BIT_IS_K20D,4,2026_Fall,66
SE201231,Đỗ Bảo Ngọc,ojt.synthetic.se201231@gmail.com,K20,BIT_IS_K19D_K20A,4,2026_Fall,66
SE201232,Đặng Tuấn Kiệt,ojt.synthetic.se201232@gmail.com,K20,BIT_IS_K20B,4,2026_Fall,69
SE201233,Đỗ Thanh Tâm,ojt.synthetic.se201233@gmail.com,K20,BIT_IS_K20C,4,2026_Fall,69
SE201234,Lê Đức Minh,ojt.synthetic.se201234@gmail.com,K20,BIT_IS_K20D,4,2026_Fall,69
SE201235,Phan Minh Anh,ojt.synthetic.se201235@gmail.com,K20,BIT_IS_K19D_K20A,4,2026_Fall,69
SE201236,Đặng Hải Nam,ojt.synthetic.se201236@gmail.com,K20,BIT_IS_K20B,4,2026_Fall,66
SE201237,Đỗ Khánh Linh,ojt.synthetic.se201237@gmail.com,K20,BIT_IS_K20C,4,2026_Fall,66
SE201238,Vũ Gia Hân,ojt.synthetic.se201238@gmail.com,K20,BIT_IS_K20D,4,2026_Fall,69
SE201239,Phạm Thanh Tâm,ojt.synthetic.se201239@gmail.com,K20,BIT_IS_K19D_K20A,4,2026_Fall,69
SE201240,Võ Anh Tuấn,ojt.synthetic.se201240@gmail.com,K20,BIT_IS_K20B,4,2026_Fall,63
SE201241,Võ Trung Hiếu,ojt.synthetic.se201241@gmail.com,K20,BIT_IS_K20C,4,2026_Fall,69
SE201242,Hoàng Hải Nam,ojt.synthetic.se201242@gmail.com,K20,BIT_IS_K20D,4,2026_Fall,69
SE201243,Lê Gia Hân,ojt.synthetic.se201243@gmail.com,K20,BIT_IS_K19D_K20A,4,2026_Fall,69
SE201244,Đặng Tuấn Kiệt,ojt.synthetic.se201244@gmail.com,K20,BIT_IS_K20B,4,2026_Fall,69
SE201245,Trần Bảo Ngọc,ojt.synthetic.se201245@gmail.com,K20,BIT_IS_K20C,4,2026_Fall,60
SE201246,Trần Minh Quân,ojt.synthetic.se201246@gmail.com,K20,BIT_IS_K20D,4,2026_Fall,66
SE201247,Phan Phương Thảo,ojt.synthetic.se201247@gmail.com,K20,BIT_IS_K19D_K20A,4,2026_Fall,69
SE201248,Nguyễn Minh Anh,ojt.synthetic.se201248@gmail.com,K20,BIT_IS_K20B,4,2026_Fall,57
SE201249,Phan Khánh Linh,ojt.synthetic.se201249@gmail.com,K20,BIT_IS_K20C,4,2026_Fall,69
SE201250,Vũ Hải Nam,ojt.synthetic.se201250@gmail.com,K20,BIT_IS_K20D,4,2026_Fall,60
SE201251,Phan Khánh Linh,ojt.synthetic.se201251@gmail.com,K20,BIT_IS_K19D_K20A,4,2026_Fall,60
SE201252,Bùi Hải Nam,ojt.synthetic.se201252@gmail.com,K20,BIT_IS_K20B,4,2026_Fall,60
SE201253,Vũ Hoàng Duy,ojt.synthetic.se201253@gmail.com,K20,BIT_IS_K20C,4,2026_Fall,54
SE201254,Lê Bảo Ngọc,ojt.synthetic.se201254@gmail.com,K20,BIT_IS_K20D,4,2026_Fall,69
SE201255,Võ Hoàng Duy,ojt.synthetic.se201255@gmail.com,K20,BIT_IS_K19D_K20A,4,2026_Fall,69
SE201256,Bùi Bảo Ngọc,ojt.synthetic.se201256@gmail.com,K20,BIT_IS_K20B,4,2026_Fall,69
SE201257,Phạm Gia Hân,ojt.synthetic.se201257@gmail.com,K20,BIT_IS_K20C,4,2026_Fall,66
SE201258,Hoàng Quốc Bảo,ojt.synthetic.se201258@gmail.com,K20,BIT_IS_K20D,4,2026_Fall,69
SE201259,Nguyễn Thanh Tâm,ojt.synthetic.se201259@gmail.com,K20,BIT_IS_K19D_K20A,4,2026_Fall,69
SE201260,Đặng Phương Thảo,ojt.synthetic.se201260@gmail.com,K20,BIT_IS_K20B,4,2026_Fall,57
SE201261,Phạm Minh Quân,ojt.synthetic.se201261@gmail.com,K20,BIT_IS_K20C,4,2026_Fall,57
SE201262,Nguyễn Gia Hân,ojt.synthetic.se201262@gmail.com,K20,BIT_IS_K20D,4,2026_Fall,60
SE201263,Lê Trung Hiếu,ojt.synthetic.se201263@gmail.com,K20,BIT_IS_K19D_K20A,4,2026_Fall,69
SE201264,Bùi Hải Nam,ojt.synthetic.se201264@gmail.com,K20,BIT_IS_K20B,4,2026_Fall,60
SE201265,Phan Đức Minh,ojt.synthetic.se201265@gmail.com,K20,BIT_IS_K20C,4,2026_Fall,66
SE201266,Đỗ Khánh Linh,ojt.synthetic.se201266@gmail.com,K20,BIT_IS_K20D,4,2026_Fall,66
SE201267,Võ Thanh Tâm,ojt.synthetic.se201267@gmail.com,K20,BIT_IS_K19D_K20A,4,2026_Fall,63
SE201268,Vũ Trung Hiếu,ojt.synthetic.se201268@gmail.com,K20,BIT_IS_K20B,4,2026_Fall,69
SE201269,Lê Hoàng Duy,ojt.synthetic.se201269@gmail.com,K20,BIT_IS_K20C,4,2026_Fall,66
SE201270,Đỗ Phương Thảo,ojt.synthetic.se201270@gmail.com,K20,BIT_IS_K20D,4,2026_Fall,66
SE201271,Đỗ Ngọc Mai,ojt.synthetic.se201271@gmail.com,K20,BIT_IS_K19D_K20A,4,2026_Fall,69
SE201272,Hoàng Ngọc Mai,ojt.synthetic.se201272@gmail.com,K20,BIT_IS_K20B,4,2026_Fall,66
SE201273,Huỳnh Thanh Tâm,ojt.synthetic.se201273@gmail.com,K20,BIT_IS_K20C,4,2026_Fall,57
SE201274,Đặng Thanh Tâm,ojt.synthetic.se201274@gmail.com,K20,BIT_IS_K20D,4,2026_Fall,60
SE201275,Vũ Hải Nam,ojt.synthetic.se201275@gmail.com,K20,BIT_IS_K19D_K20A,4,2026_Fall,60
SE201276,Vũ Quang Huy,ojt.synthetic.se201276@gmail.com,K20,BIT_IS_K20B,4,2026_Fall,69
SE201277,Võ Hoàng Duy,ojt.synthetic.se201277@gmail.com,K20,BIT_IS_K20C,4,2026_Fall,66
SE201278,Phạm Quốc Bảo,ojt.synthetic.se201278@gmail.com,K20,BIT_IS_K20D,4,2026_Fall,60
SE201279,Hoàng Thanh Tâm,ojt.synthetic.se201279@gmail.com,K20,BIT_IS_K19D_K20A,4,2026_Fall,63
SE201280,Phan Quang Huy,ojt.synthetic.se201280@gmail.com,K20,BIT_IS_K20B,4,2026_Fall,54
SE201281,Hoàng Trung Hiếu,ojt.synthetic.se201281@gmail.com,K20,BIT_IS_K20C,4,2026_Fall,69
SE201282,Phạm Ngọc Mai,ojt.synthetic.se201282@gmail.com,K20,BIT_IS_K20D,4,2026_Fall,63
SE201283,Trần Quốc Bảo,ojt.synthetic.se201283@gmail.com,K20,BIT_IS_K19D_K20A,4,2026_Fall,69
SE201284,Phạm Hải Nam,ojt.synthetic.se201284@gmail.com,K20,BIT_IS_K20B,4,2026_Fall,66
SE201285,Đỗ Ngọc Mai,ojt.synthetic.se201285@gmail.com,K20,BIT_IS_K20C,4,2026_Fall,69
SE201286,Phan Minh Anh,ojt.synthetic.se201286@gmail.com,K20,BIT_IS_K20D,4,2026_Fall,66
SE201287,Huỳnh Minh Quân,ojt.synthetic.se201287@gmail.com,K20,BIT_IS_K19D_K20A,4,2026_Fall,63
SE201288,Phan Gia Hân,ojt.synthetic.se201288@gmail.com,K20,BIT_IS_K20B,4,2026_Fall,69
SE201289,Hoàng Minh Quân,ojt.synthetic.se201289@gmail.com,K20,BIT_IS_K20C,4,2026_Fall,69
SE201290,Lê Minh Anh,ojt.synthetic.se201290@gmail.com,K20,BIT_IS_K20D,4,2026_Fall,63
SE201291,Vũ Quang Huy,ojt.synthetic.se201291@gmail.com,K20,BIT_IS_K19D_K20A,4,2026_Fall,60
SE201292,Bùi Khánh Linh,ojt.synthetic.se201292@gmail.com,K20,BIT_IS_K20B,4,2026_Fall,63
SE201293,Đặng Khánh Linh,ojt.synthetic.se201293@gmail.com,K20,BIT_IS_K20C,4,2026_Fall,57
SE201294,Trần Hải Nam,ojt.synthetic.se201294@gmail.com,K20,BIT_IS_K20D,4,2026_Fall,63
SE201295,Lê Đức Minh,ojt.synthetic.se201295@gmail.com,K20,BIT_IS_K19D_K20A,4,2026_Fall,60
SE201296,Võ Trung Hiếu,ojt.synthetic.se201296@gmail.com,K20,BIT_IS_K20B,4,2026_Fall,54
SE201297,Trần Phương Thảo,ojt.synthetic.se201297@gmail.com,K20,BIT_IS_K20C,4,2026_Fall,66
SE201298,Huỳnh Minh Anh,ojt.synthetic.se201298@gmail.com,K20,BIT_IS_K20D,4,2026_Fall,57
SE201299,Đặng Ngọc Mai,ojt.synthetic.se201299@gmail.com,K20,BIT_IS_K19D_K20A,4,2026_Fall,69
SE201300,Đặng Quang Huy,ojt.synthetic.se201300@gmail.com,K20,BIT_IS_K20B,4,2026_Fall,57
SE201301,Đặng Ngọc Mai,ojt.synthetic.se201301@gmail.com,K20,BIT_IS_K20C,4,2026_Fall,69
SE201302,Lê Anh Tuấn,ojt.synthetic.se201302@gmail.com,K20,BIT_IS_K20D,4,2026_Fall,60
SE201303,Bùi Hoàng Duy,ojt.synthetic.se201303@gmail.com,K20,BIT_IS_K19D_K20A,4,2026_Fall,69
SE201304,Vũ Quang Huy,ojt.synthetic.se201304@gmail.com,K20,BIT_IS_K20B,4,2026_Fall,63
SE201305,Lê Khánh Linh,ojt.synthetic.se201305@gmail.com,K20,BIT_IS_K20C,4,2026_Fall,60
SE201306,Phan Khánh Linh,ojt.synthetic.se201306@gmail.com,K20,BIT_IS_K20D,4,2026_Fall,60
SE201307,Nguyễn Anh Tuấn,ojt.synthetic.se201307@gmail.com,K20,BIT_IS_K19D_K20A,4,2026_Fall,60
SE201308,Võ Quốc Bảo,ojt.synthetic.se201308@gmail.com,K20,BIT_IS_K20B,4,2026_Fall,60
SE201309,Vũ Hoàng Duy,ojt.synthetic.se201309@gmail.com,K20,BIT_IS_K20C,4,2026_Fall,66
SE201310,Phan Quốc Bảo,ojt.synthetic.se201310@gmail.com,K20,BIT_IS_K20D,4,2026_Fall,63
SE201311,Hoàng Tuấn Kiệt,ojt.synthetic.se201311@gmail.com,K20,BIT_IS_K19D_K20A,4,2026_Fall,63
SE201312,Phạm Đức Minh,ojt.synthetic.se201312@gmail.com,K20,BIT_IS_K20B,4,2026_Fall,57
SE201313,Võ Tuấn Kiệt,ojt.synthetic.se201313@gmail.com,K20,BIT_IS_K20C,4,2026_Fall,69
SE201314,Nguyễn Quang Huy,ojt.synthetic.se201314@gmail.com,K20,BIT_IS_K20D,4,2026_Fall,60
SE201315,Phan Bảo Ngọc,ojt.synthetic.se201315@gmail.com,K20,BIT_IS_K19D_K20A,4,2026_Fall,69
SE201316,Đỗ Gia Hân,ojt.synthetic.se201316@gmail.com,K20,BIT_IS_K20B,4,2026_Fall,57
SE201317,Trần Gia Hân,ojt.synthetic.se201317@gmail.com,K20,BIT_IS_K20C,4,2026_Fall,69
SE201318,Lê Phương Thảo,ojt.synthetic.se201318@gmail.com,K20,BIT_IS_K20D,4,2026_Fall,69
SE201319,Đỗ Quốc Bảo,ojt.synthetic.se201319@gmail.com,K20,BIT_IS_K19D_K20A,4,2026_Fall,60
SE201320,Đặng Minh Quân,ojt.synthetic.se201320@gmail.com,K20,BIT_IS_K20B,4,2026_Fall,69
SE201321,Đặng Trung Hiếu,ojt.synthetic.se201321@gmail.com,K20,BIT_IS_K20C,4,2026_Fall,66
SE201322,Nguyễn Gia Hân,ojt.synthetic.se201322@gmail.com,K20,BIT_IS_K20D,4,2026_Fall,69
SE201323,Trần Tuấn Kiệt,ojt.synthetic.se201323@gmail.com,K20,BIT_IS_K19D_K20A,4,2026_Fall,66
SE201324,Phan Ngọc Mai,ojt.synthetic.se201324@gmail.com,K20,BIT_IS_K20B,4,2026_Fall,66
SE201325,Trần Minh Anh,ojt.synthetic.se201325@gmail.com,K20,BIT_IS_K20C,4,2026_Fall,57
SE201326,Trần Quốc Bảo,ojt.synthetic.se201326@gmail.com,K20,BIT_IS_K20D,4,2026_Fall,57
SE201327,Phạm Anh Tuấn,ojt.synthetic.se201327@gmail.com,K20,BIT_IS_K19D_K20A,4,2026_Fall,66
SE201328,Trần Hải Nam,ojt.synthetic.se201328@gmail.com,K20,BIT_IS_K20B,4,2026_Fall,57
SE201329,Đỗ Quốc Bảo,ojt.synthetic.se201329@gmail.com,K20,BIT_IS_K20C,4,2026_Fall,69
SE201330,Hoàng Khánh Linh,ojt.synthetic.se201330@gmail.com,K20,BIT_IS_K20D,4,2026_Fall,57
SE201331,Võ Quang Huy,ojt.synthetic.se201331@gmail.com,K20,BIT_IS_K19D_K20A,4,2026_Fall,57
SE201332,Trần Gia Hân,ojt.synthetic.se201332@gmail.com,K20,BIT_IS_K20B,4,2026_Fall,60
SE201333,Nguyễn Hải Nam,ojt.synthetic.se201333@gmail.com,K20,BIT_IS_K20C,4,2026_Fall,63
SE211334,Nguyễn Phương Thảo,ojt.synthetic.se211334@gmail.com,K21,BIT_IS_K21A,4,2026_Fall,60
SE211335,Võ Minh Quân,ojt.synthetic.se211335@gmail.com,K21,BIT_IS_K21B,4,2026_Fall,66
SE211336,Trần Hoàng Duy,ojt.synthetic.se211336@gmail.com,K21,BIT_IS_K21C,4,2026_Fall,66
SE211337,Phạm Phương Thảo,ojt.synthetic.se211337@gmail.com,K21,BIT_IS_K21D-22A,4,2026_Fall,57
SE211338,Phạm Hải Nam,ojt.synthetic.se211338@gmail.com,K21,BIT_IS_K21A,4,2026_Fall,66
SE211339,Vũ Anh Tuấn,ojt.synthetic.se211339@gmail.com,K21,BIT_IS_K21B,4,2026_Fall,60
SE211340,Lê Hoàng Duy,ojt.synthetic.se211340@gmail.com,K21,BIT_IS_K21C,4,2026_Fall,63
SE211341,Võ Phương Thảo,ojt.synthetic.se211341@gmail.com,K21,BIT_IS_K21D-22A,4,2026_Fall,66
SE211342,Võ Phương Thảo,ojt.synthetic.se211342@gmail.com,K21,BIT_IS_K21A,4,2026_Fall,54
SE211343,Nguyễn Tuấn Kiệt,ojt.synthetic.se211343@gmail.com,K21,BIT_IS_K21B,4,2026_Fall,60
SE211344,Phạm Quốc Bảo,ojt.synthetic.se211344@gmail.com,K21,BIT_IS_K21C,4,2026_Fall,66
SE211345,Phạm Trung Hiếu,ojt.synthetic.se211345@gmail.com,K21,BIT_IS_K21D-22A,4,2026_Fall,63
SE211346,Vũ Khánh Linh,ojt.synthetic.se211346@gmail.com,K21,BIT_IS_K21A,4,2026_Fall,57
SE211347,Phan Phương Thảo,ojt.synthetic.se211347@gmail.com,K21,BIT_IS_K21B,4,2026_Fall,66
SE211348,Huỳnh Quốc Bảo,ojt.synthetic.se211348@gmail.com,K21,BIT_IS_K21C,4,2026_Fall,57
SE211349,Phạm Hải Nam,ojt.synthetic.se211349@gmail.com,K21,BIT_IS_K21D-22A,4,2026_Fall,66
SE211350,Huỳnh Hải Nam,ojt.synthetic.se211350@gmail.com,K21,BIT_IS_K21A,4,2026_Fall,66
SE211351,Đặng Quang Huy,ojt.synthetic.se211351@gmail.com,K21,BIT_IS_K21B,4,2026_Fall,66
SE211352,Lê Khánh Linh,ojt.synthetic.se211352@gmail.com,K21,BIT_IS_K21C,4,2026_Fall,66
SE211353,Võ Minh Anh,ojt.synthetic.se211353@gmail.com,K21,BIT_IS_K21D-22A,4,2026_Fall,69
SE211354,Phạm Quốc Bảo,ojt.synthetic.se211354@gmail.com,K21,BIT_IS_K21A,4,2026_Fall,57
SE211355,Đỗ Minh Anh,ojt.synthetic.se211355@gmail.com,K21,BIT_IS_K21B,4,2026_Fall,63
SE211356,Hoàng Minh Anh,ojt.synthetic.se211356@gmail.com,K21,BIT_IS_K21C,4,2026_Fall,54
SE211357,Đỗ Minh Anh,ojt.synthetic.se211357@gmail.com,K21,BIT_IS_K21D-22A,4,2026_Fall,63
SE211358,Đỗ Thanh Tâm,ojt.synthetic.se211358@gmail.com,K21,BIT_IS_K21A,4,2026_Fall,66
SE211359,Trần Trung Hiếu,ojt.synthetic.se211359@gmail.com,K21,BIT_IS_K21B,4,2026_Fall,63
SE211360,Trần Đức Minh,ojt.synthetic.se211360@gmail.com,K21,BIT_IS_K21C,4,2026_Fall,57
SE211361,Vũ Minh Quân,ojt.synthetic.se211361@gmail.com,K21,BIT_IS_K21D-22A,4,2026_Fall,69
SE211362,Phạm Bảo Ngọc,ojt.synthetic.se211362@gmail.com,K21,BIT_IS_K21A,4,2026_Fall,66
SE211363,Phạm Minh Anh,ojt.synthetic.se211363@gmail.com,K21,BIT_IS_K21B,4,2026_Fall,66
SE211364,Bùi Tuấn Kiệt,ojt.synthetic.se211364@gmail.com,K21,BIT_IS_K21C,4,2026_Fall,60
SE211365,Trần Gia Hân,ojt.synthetic.se211365@gmail.com,K21,BIT_IS_K21D-22A,4,2026_Fall,66
SE211366,Bùi Hải Nam,ojt.synthetic.se211366@gmail.com,K21,BIT_IS_K21A,4,2026_Fall,66
SE211367,Đặng Ngọc Mai,ojt.synthetic.se211367@gmail.com,K21,BIT_IS_K21B,4,2026_Fall,54
SE211368,Trần Hải Nam,ojt.synthetic.se211368@gmail.com,K21,BIT_IS_K21C,4,2026_Fall,60
SE211369,Lê Phương Thảo,ojt.synthetic.se211369@gmail.com,K21,BIT_IS_K21D-22A,4,2026_Fall,66
SE211370,Nguyễn Quốc Bảo,ojt.synthetic.se211370@gmail.com,K21,BIT_IS_K21A,4,2026_Fall,66
SE211371,Phạm Minh Quân,ojt.synthetic.se211371@gmail.com,K21,BIT_IS_K21B,4,2026_Fall,60
SE211372,Huỳnh Thanh Tâm,ojt.synthetic.se211372@gmail.com,K21,BIT_IS_K21C,4,2026_Fall,57
SE211373,Vũ Thanh Tâm,ojt.synthetic.se211373@gmail.com,K21,BIT_IS_K21D-22A,4,2026_Fall,63
SE211374,Huỳnh Quốc Bảo,ojt.synthetic.se211374@gmail.com,K21,BIT_IS_K21A,4,2026_Fall,66
SE211375,Phạm Quốc Bảo,ojt.synthetic.se211375@gmail.com,K21,BIT_IS_K21B,4,2026_Fall,57
SE211376,Nguyễn Quang Huy,ojt.synthetic.se211376@gmail.com,K21,BIT_IS_K21C,4,2026_Fall,63
SE211377,Vũ Trung Hiếu,ojt.synthetic.se211377@gmail.com,K21,BIT_IS_K21D-22A,4,2026_Fall,57
SE211378,Vũ Trung Hiếu,ojt.synthetic.se211378@gmail.com,K21,BIT_IS_K21A,4,2026_Fall,66
SE211379,Đặng Hải Nam,ojt.synthetic.se211379@gmail.com,K21,BIT_IS_K21B,4,2026_Fall,60
SE211380,Nguyễn Quốc Bảo,ojt.synthetic.se211380@gmail.com,K21,BIT_IS_K21C,4,2026_Fall,60
SE211381,Nguyễn Gia Hân,ojt.synthetic.se211381@gmail.com,K21,BIT_IS_K21D-22A,4,2026_Fall,63
SE211382,Đặng Minh Quân,ojt.synthetic.se211382@gmail.com,K21,BIT_IS_K21A,4,2026_Fall,57
SE211383,Vũ Thanh Tâm,ojt.synthetic.se211383@gmail.com,K21,BIT_IS_K21B,4,2026_Fall,66
SE211384,Lê Gia Hân,ojt.synthetic.se211384@gmail.com,K21,BIT_IS_K21C,4,2026_Fall,57
SE211385,Phan Khánh Linh,ojt.synthetic.se211385@gmail.com,K21,BIT_IS_K21D-22A,4,2026_Fall,69
SE211386,Phan Quang Huy,ojt.synthetic.se211386@gmail.com,K21,BIT_IS_K21A,4,2026_Fall,63
SE211387,Hoàng Hoàng Duy,ojt.synthetic.se211387@gmail.com,K21,BIT_IS_K21B,4,2026_Fall,63
SE211388,Đặng Đức Minh,ojt.synthetic.se211388@gmail.com,K21,BIT_IS_K21C,4,2026_Fall,57
SE211389,Phạm Thanh Tâm,ojt.synthetic.se211389@gmail.com,K21,BIT_IS_K21D-22A,4,2026_Fall,60
SE211390,Lê Thanh Tâm,ojt.synthetic.se211390@gmail.com,K21,BIT_IS_K21A,4,2026_Fall,66
SE211391,Hoàng Bảo Ngọc,ojt.synthetic.se211391@gmail.com,K21,BIT_IS_K21B,4,2026_Fall,63
SE211392,Đặng Hải Nam,ojt.synthetic.se211392@gmail.com,K21,BIT_IS_K21C,4,2026_Fall,66
SE211393,Đỗ Bảo Ngọc,ojt.synthetic.se211393@gmail.com,K21,BIT_IS_K21D-22A,4,2026_Fall,66
SE211394,Võ Đức Minh,ojt.synthetic.se211394@gmail.com,K21,BIT_IS_K21A,4,2026_Fall,57
SE211395,Bùi Hải Nam,ojt.synthetic.se211395@gmail.com,K21,BIT_IS_K21B,4,2026_Fall,60
SE211396,Nguyễn Hoàng Duy,ojt.synthetic.se211396@gmail.com,K21,BIT_IS_K21C,4,2026_Fall,66
SE211397,Vũ Trung Hiếu,ojt.synthetic.se211397@gmail.com,K21,BIT_IS_K21D-22A,4,2026_Fall,69
SE211398,Đặng Anh Tuấn,ojt.synthetic.se211398@gmail.com,K21,BIT_IS_K21A,4,2026_Fall,54
SE211399,Võ Gia Hân,ojt.synthetic.se211399@gmail.com,K21,BIT_IS_K21B,4,2026_Fall,66
SE211400,Lê Hải Nam,ojt.synthetic.se211400@gmail.com,K21,BIT_IS_K21C,4,2026_Fall,63
SE211401,Nguyễn Đức Minh,ojt.synthetic.se211401@gmail.com,K21,BIT_IS_K21D-22A,4,2026_Fall,66
SE211402,Hoàng Quang Huy,ojt.synthetic.se211402@gmail.com,K21,BIT_IS_K21A,4,2026_Fall,57
SE211403,Lê Anh Tuấn,ojt.synthetic.se211403@gmail.com,K21,BIT_IS_K21B,4,2026_Fall,63
SE211404,Bùi Bảo Ngọc,ojt.synthetic.se211404@gmail.com,K21,BIT_IS_K21C,4,2026_Fall,63
SE211405,Đặng Thanh Tâm,ojt.synthetic.se211405@gmail.com,K21,BIT_IS_K21D-22A,4,2026_Fall,66
SE211406,Đặng Tuấn Kiệt,ojt.synthetic.se211406@gmail.com,K21,BIT_IS_K21A,4,2026_Fall,66
SE211407,Võ Trung Hiếu,ojt.synthetic.se211407@gmail.com,K21,BIT_IS_K21B,4,2026_Fall,60
SE211408,Hoàng Bảo Ngọc,ojt.synthetic.se211408@gmail.com,K21,BIT_IS_K21C,4,2026_Fall,51
SE211409,Phan Bảo Ngọc,ojt.synthetic.se211409@gmail.com,K21,BIT_IS_K21D-22A,4,2026_Fall,66
SE211410,Võ Quốc Bảo,ojt.synthetic.se211410@gmail.com,K21,BIT_IS_K21A,4,2026_Fall,63
SE211411,Nguyễn Phương Thảo,ojt.synthetic.se211411@gmail.com,K21,BIT_IS_K21B,4,2026_Fall,60
SE211412,Vũ Thanh Tâm,ojt.synthetic.se211412@gmail.com,K21,BIT_IS_K21C,4,2026_Fall,60
SE211413,Lê Đức Minh,ojt.synthetic.se211413@gmail.com,K21,BIT_IS_K21D-22A,4,2026_Fall,54
SE211414,Hoàng Quang Huy,ojt.synthetic.se211414@gmail.com,K21,BIT_IS_K21A,4,2026_Fall,60
SE211415,Nguyễn Phương Thảo,ojt.synthetic.se211415@gmail.com,K21,BIT_IS_K21B,4,2026_Fall,66
SE211416,Hoàng Minh Anh,ojt.synthetic.se211416@gmail.com,K21,BIT_IS_K21C,4,2026_Fall,54
SE211417,Trần Tuấn Kiệt,ojt.synthetic.se211417@gmail.com,K21,BIT_IS_K21D-22A,4,2026_Fall,69
SE211418,Bùi Hải Nam,ojt.synthetic.se211418@gmail.com,K21,BIT_IS_K21A,4,2026_Fall,60
SE211419,Hoàng Thanh Tâm,ojt.synthetic.se211419@gmail.com,K21,BIT_IS_K21B,4,2026_Fall,60
SE211420,Vũ Quang Huy,ojt.synthetic.se211420@gmail.com,K21,BIT_IS_K21C,4,2026_Fall,54
SE211421,Đặng Hải Nam,ojt.synthetic.se211421@gmail.com,K21,BIT_IS_K21D-22A,4,2026_Fall,63
SE211422,Võ Quang Huy,ojt.synthetic.se211422@gmail.com,K21,BIT_IS_K21A,4,2026_Fall,66
SE211423,Lê Hoàng Duy,ojt.synthetic.se211423@gmail.com,K21,BIT_IS_K21B,4,2026_Fall,57
SE211424,Đặng Bảo Ngọc,ojt.synthetic.se211424@gmail.com,K21,BIT_IS_K21C,4,2026_Fall,63
SE211425,Hoàng Khánh Linh,ojt.synthetic.se211425@gmail.com,K21,BIT_IS_K21D-22A,4,2026_Fall,60
SE211426,Trần Đức Minh,ojt.synthetic.se211426@gmail.com,K21,BIT_IS_K21A,4,2026_Fall,63
SE211427,Vũ Hoàng Duy,ojt.synthetic.se211427@gmail.com,K21,BIT_IS_K21B,4,2026_Fall,51
SE211428,Đặng Bảo Ngọc,ojt.synthetic.se211428@gmail.com,K21,BIT_IS_K21C,4,2026_Fall,60
SE211429,Đỗ Hoàng Duy,ojt.synthetic.se211429@gmail.com,K21,BIT_IS_K21D-22A,4,2026_Fall,63
SE211430,Bùi Gia Hân,ojt.synthetic.se211430@gmail.com,K21,BIT_IS_K21A,4,2026_Fall,60
SE211431,Nguyễn Bảo Ngọc,ojt.synthetic.se211431@gmail.com,K21,BIT_IS_K21B,4,2026_Fall,60
SE211432,Phạm Minh Quân,ojt.synthetic.se211432@gmail.com,K21,BIT_IS_K21C,4,2026_Fall,57
SE211433,Đặng Trung Hiếu,ojt.synthetic.se211433@gmail.com,K21,BIT_IS_K21D-22A,4,2026_Fall,69
SE211434,Đỗ Hoàng Duy,ojt.synthetic.se211434@gmail.com,K21,BIT_IS_K21A,4,2026_Fall,63
SE211435,Nguyễn Khánh Linh,ojt.synthetic.se211435@gmail.com,K21,BIT_IS_K21B,4,2026_Fall,51
SE211436,Đặng Bảo Ngọc,ojt.synthetic.se211436@gmail.com,K21,BIT_IS_K21C,4,2026_Fall,66
SE211437,Đặng Trung Hiếu,ojt.synthetic.se211437@gmail.com,K21,BIT_IS_K21D-22A,4,2026_Fall,60
SE211438,Trần Minh Anh,ojt.synthetic.se211438@gmail.com,K21,BIT_IS_K21A,4,2026_Fall,66
SE211439,Võ Tuấn Kiệt,ojt.synthetic.se211439@gmail.com,K21,BIT_IS_K21B,4,2026_Fall,60
SE211440,Phan Phương Thảo,ojt.synthetic.se211440@gmail.com,K21,BIT_IS_K21C,4,2026_Fall,60
SE211441,Huỳnh Khánh Linh,ojt.synthetic.se211441@gmail.com,K21,BIT_IS_K21D-22A,4,2026_Fall,69
SE211442,Nguyễn Anh Tuấn,ojt.synthetic.se211442@gmail.com,K21,BIT_IS_K21A,4,2026_Fall,54
SE211443,Đỗ Minh Anh,ojt.synthetic.se211443@gmail.com,K21,BIT_IS_K21B,4,2026_Fall,66
SE211444,Nguyễn Khánh Linh,ojt.synthetic.se211444@gmail.com,K21,BIT_IS_K21C,4,2026_Fall,63
SE211445,Bùi Thanh Tâm,ojt.synthetic.se211445@gmail.com,K21,BIT_IS_K21D-22A,4,2026_Fall,63
SE211446,Võ Phương Thảo,ojt.synthetic.se211446@gmail.com,K21,BIT_IS_K21A,4,2026_Fall,60
SE211447,Võ Hoàng Duy,ojt.synthetic.se211447@gmail.com,K21,BIT_IS_K21B,4,2026_Fall,60
SE211448,Lê Quốc Bảo,ojt.synthetic.se211448@gmail.com,K21,BIT_IS_K21C,4,2026_Fall,66
SE211449,Đặng Tuấn Kiệt,ojt.synthetic.se211449@gmail.com,K21,BIT_IS_K21D-22A,4,2026_Fall,69
SE211450,Bùi Minh Quân,ojt.synthetic.se211450@gmail.com,K21,BIT_IS_K21A,4,2026_Fall,57
SE211451,Hoàng Gia Hân,ojt.synthetic.se211451@gmail.com,K21,BIT_IS_K21B,4,2026_Fall,63
SE211452,Lê Bảo Ngọc,ojt.synthetic.se211452@gmail.com,K21,BIT_IS_K21C,4,2026_Fall,60
SE211453,Bùi Minh Anh,ojt.synthetic.se211453@gmail.com,K21,BIT_IS_K21D-22A,4,2026_Fall,60
SE211454,Huỳnh Phương Thảo,ojt.synthetic.se211454@gmail.com,K21,BIT_IS_K21A,4,2026_Fall,57
SE211455,Hoàng Anh Tuấn,ojt.synthetic.se211455@gmail.com,K21,BIT_IS_K21B,4,2026_Fall,60
SE211456,Trần Gia Hân,ojt.synthetic.se211456@gmail.com,K21,BIT_IS_K21C,4,2026_Fall,51
SE211457,Võ Minh Anh,ojt.synthetic.se211457@gmail.com,K21,BIT_IS_K21D-22A,4,2026_Fall,69
SE211458,Võ Quang Huy,ojt.synthetic.se211458@gmail.com,K21,BIT_IS_K21A,4,2026_Fall,51
SE211459,Nguyễn Hoàng Duy,ojt.synthetic.se211459@gmail.com,K21,BIT_IS_K21B,4,2026_Fall,57
SE211460,Nguyễn Gia Hân,ojt.synthetic.se211460@gmail.com,K21,BIT_IS_K21C,4,2026_Fall,63
SE211461,Huỳnh Quốc Bảo,ojt.synthetic.se211461@gmail.com,K21,BIT_IS_K21D-22A,4,2026_Fall,63
SE211462,Trần Thanh Tâm,ojt.synthetic.se211462@gmail.com,K21,BIT_IS_K21A,4,2026_Fall,63
SE211463,Vũ Anh Tuấn,ojt.synthetic.se211463@gmail.com,K21,BIT_IS_K21B,4,2026_Fall,60
SE211464,Lê Quang Huy,ojt.synthetic.se211464@gmail.com,K21,BIT_IS_K21C,4,2026_Fall,63
SE211465,Vũ Gia Hân,ojt.synthetic.se211465@gmail.com,K21,BIT_IS_K21D-22A,4,2026_Fall,69
SE211466,Trần Ngọc Mai,ojt.synthetic.se211466@gmail.com,K21,BIT_IS_K21A,4,2026_Fall,57
SE211467,Nguyễn Thanh Tâm,ojt.synthetic.se211467@gmail.com,K21,BIT_IS_K21B,4,2026_Fall,54
SE211468,Lê Gia Hân,ojt.synthetic.se211468@gmail.com,K21,BIT_IS_K21C,4,2026_Fall,60
SE211469,Hoàng Thanh Tâm,ojt.synthetic.se211469@gmail.com,K21,BIT_IS_K21D-22A,4,2026_Fall,69
SE211470,Bùi Hoàng Duy,ojt.synthetic.se211470@gmail.com,K21,BIT_IS_K21A,4,2026_Fall,60
SE211471,Phan Quang Huy,ojt.synthetic.se211471@gmail.com,K21,BIT_IS_K21B,4,2026_Fall,66
SE211472,Đặng Tuấn Kiệt,ojt.synthetic.se211472@gmail.com,K21,BIT_IS_K21C,4,2026_Fall,66
SE211473,Nguyễn Gia Hân,ojt.synthetic.se211473@gmail.com,K21,BIT_IS_K21D-22A,4,2026_Fall,60
SE211474,Đặng Bảo Ngọc,ojt.synthetic.se211474@gmail.com,K21,BIT_IS_K21A,4,2026_Fall,66
SE211475,Phạm Hải Nam,ojt.synthetic.se211475@gmail.com,K21,BIT_IS_K21B,4,2026_Fall,57
SE211476,Hoàng Hoàng Duy,ojt.synthetic.se211476@gmail.com,K21,BIT_IS_K21C,4,2026_Fall,63
SE211477,Phạm Tuấn Kiệt,ojt.synthetic.se211477@gmail.com,K21,BIT_IS_K21D-22A,4,2026_Fall,69
SE211478,Bùi Tuấn Kiệt,ojt.synthetic.se211478@gmail.com,K21,BIT_IS_K21A,4,2026_Fall,60
SE211479,Nguyễn Trung Hiếu,ojt.synthetic.se211479@gmail.com,K21,BIT_IS_K21B,4,2026_Fall,60
SE211480,Bùi Anh Tuấn,ojt.synthetic.se211480@gmail.com,K21,BIT_IS_K21C,4,2026_Fall,51
SE211481,Võ Thanh Tâm,ojt.synthetic.se211481@gmail.com,K21,BIT_IS_K21D-22A,4,2026_Fall,60
SE211482,Võ Thanh Tâm,ojt.synthetic.se211482@gmail.com,K21,BIT_IS_K21A,4,2026_Fall,60
SE211483,Đỗ Phương Thảo,ojt.synthetic.se211483@gmail.com,K21,BIT_IS_K21B,4,2026_Fall,66
SE211484,Vũ Minh Anh,ojt.synthetic.se211484@gmail.com,K21,BIT_IS_K21C,4,2026_Fall,54
SE211485,Phạm Hoàng Duy,ojt.synthetic.se211485@gmail.com,K21,BIT_IS_K21D-22A,4,2026_Fall,57
SE211486,Lê Ngọc Mai,ojt.synthetic.se211486@gmail.com,K21,BIT_IS_K21A,4,2026_Fall,57
SE211487,Hoàng Minh Anh,ojt.synthetic.se211487@gmail.com,K21,BIT_IS_K21B,4,2026_Fall,57
SE211488,Võ Thanh Tâm,ojt.synthetic.se211488@gmail.com,K21,BIT_IS_K21C,4,2026_Fall,63
SE211489,Nguyễn Thanh Tâm,ojt.synthetic.se211489@gmail.com,K21,BIT_IS_K21D-22A,4,2026_Fall,66
SE211490,Lê Phương Thảo,ojt.synthetic.se211490@gmail.com,K21,BIT_IS_K21A,4,2026_Fall,66
SE211491,Bùi Hoàng Duy,ojt.synthetic.se211491@gmail.com,K21,BIT_IS_K21B,4,2026_Fall,60
SE211492,Trần Quốc Bảo,ojt.synthetic.se211492@gmail.com,K21,BIT_IS_K21C,4,2026_Fall,60
SE211493,Đỗ Bảo Ngọc,ojt.synthetic.se211493@gmail.com,K21,BIT_IS_K21D-22A,4,2026_Fall,69
SE211494,Lê Đức Minh,ojt.synthetic.se211494@gmail.com,K21,BIT_IS_K21A,4,2026_Fall,54
SE211495,Hoàng Thanh Tâm,ojt.synthetic.se211495@gmail.com,K21,BIT_IS_K21B,4,2026_Fall,66
SE211496,Vũ Minh Quân,ojt.synthetic.se211496@gmail.com,K21,BIT_IS_K21C,4,2026_Fall,60
SE211497,Huỳnh Phương Thảo,ojt.synthetic.se211497@gmail.com,K21,BIT_IS_K21D-22A,4,2026_Fall,69
SE211498,Trần Bảo Ngọc,ojt.synthetic.se211498@gmail.com,K21,BIT_IS_K21A,4,2026_Fall,60
SE211499,Huỳnh Tuấn Kiệt,ojt.synthetic.se211499@gmail.com,K21,BIT_IS_K21B,4,2026_Fall,66
SE211500,Hoàng Thanh Tâm,ojt.synthetic.se211500@gmail.com,K21,BIT_IS_K21C,4,2026_Fall,66
SE211501,Trần Phương Thảo,ojt.synthetic.se211501@gmail.com,K21,BIT_IS_K21D-22A,4,2026_Fall,60
SE211502,Phan Anh Tuấn,ojt.synthetic.se211502@gmail.com,K21,BIT_IS_K21A,4,2026_Fall,60
SE211503,Lê Hoàng Duy,ojt.synthetic.se211503@gmail.com,K21,BIT_IS_K21B,4,2026_Fall,63
SE211504,Phạm Trung Hiếu,ojt.synthetic.se211504@gmail.com,K21,BIT_IS_K21C,4,2026_Fall,66
SE211505,Đỗ Hoàng Duy,ojt.synthetic.se211505@gmail.com,K21,BIT_IS_K21D-22A,4,2026_Fall,69
SE211506,Lê Khánh Linh,ojt.synthetic.se211506@gmail.com,K21,BIT_IS_K21A,4,2026_Fall,66
SE211507,Lê Hải Nam,ojt.synthetic.se211507@gmail.com,K21,BIT_IS_K21B,4,2026_Fall,63
SE211508,Nguyễn Phương Thảo,ojt.synthetic.se211508@gmail.com,K21,BIT_IS_K21C,4,2026_Fall,66
SE211509,Hoàng Phương Thảo,ojt.synthetic.se211509@gmail.com,K21,BIT_IS_K21D-22A,4,2026_Fall,60
SE211510,Võ Thanh Tâm,ojt.synthetic.se211510@gmail.com,K21,BIT_IS_K21A,4,2026_Fall,60
SE211511,Đặng Bảo Ngọc,ojt.synthetic.se211511@gmail.com,K21,BIT_IS_K21B,4,2026_Fall,54
SE211512,Võ Hoàng Duy,ojt.synthetic.se211512@gmail.com,K21,BIT_IS_K21C,4,2026_Fall,54
SE211513,Phạm Quang Huy,ojt.synthetic.se211513@gmail.com,K21,BIT_IS_K21D-22A,4,2026_Fall,60
SE211514,Nguyễn Đức Minh,ojt.synthetic.se211514@gmail.com,K21,BIT_IS_K21A,4,2026_Fall,54
SE211515,Võ Hoàng Duy,ojt.synthetic.se211515@gmail.com,K21,BIT_IS_K21B,4,2026_Fall,57
SE211516,Đỗ Quốc Bảo,ojt.synthetic.se211516@gmail.com,K21,BIT_IS_K21C,4,2026_Fall,66
SE211517,Trần Trung Hiếu,ojt.synthetic.se211517@gmail.com,K21,BIT_IS_K21D-22A,4,2026_Fall,57
SE211518,Nguyễn Hoàng Duy,ojt.synthetic.se211518@gmail.com,K21,BIT_IS_K21A,4,2026_Fall,66
SE211519,Nguyễn Minh Anh,ojt.synthetic.se211519@gmail.com,K21,BIT_IS_K21B,4,2026_Fall,66
SE211520,Nguyễn Hoàng Duy,ojt.synthetic.se211520@gmail.com,K21,BIT_IS_K21C,4,2026_Fall,66
SE211521,Phạm Hải Nam,ojt.synthetic.se211521@gmail.com,K21,BIT_IS_K21D-22A,4,2026_Fall,69
SE211522,Đỗ Hải Nam,ojt.synthetic.se211522@gmail.com,K21,BIT_IS_K21A,4,2026_Fall,51
SE211523,Phan Trung Hiếu,ojt.synthetic.se211523@gmail.com,K21,BIT_IS_K21B,4,2026_Fall,66
SE211524,Nguyễn Ngọc Mai,ojt.synthetic.se211524@gmail.com,K21,BIT_IS_K21C,4,2026_Fall,51
SE211525,Trần Gia Hân,ojt.synthetic.se211525@gmail.com,K21,BIT_IS_K21D-22A,4,2026_Fall,69
SE211526,Phan Khánh Linh,ojt.synthetic.se211526@gmail.com,K21,BIT_IS_K21A,4,2026_Fall,60
SE211527,Huỳnh Đức Minh,ojt.synthetic.se211527@gmail.com,K21,BIT_IS_K21B,4,2026_Fall,66
SE211528,Lê Thanh Tâm,ojt.synthetic.se211528@gmail.com,K21,BIT_IS_K21C,4,2026_Fall,57
SE211529,Huỳnh Phương Thảo,ojt.synthetic.se211529@gmail.com,K21,BIT_IS_K21D-22A,4,2026_Fall,69
SE211530,Võ Anh Tuấn,ojt.synthetic.se211530@gmail.com,K21,BIT_IS_K21A,4,2026_Fall,57
SE211531,Vũ Trung Hiếu,ojt.synthetic.se211531@gmail.com,K21,BIT_IS_K21B,4,2026_Fall,60
SE211532,Đỗ Phương Thảo,ojt.synthetic.se211532@gmail.com,K21,BIT_IS_K21C,4,2026_Fall,66
SE211533,Bùi Anh Tuấn,ojt.synthetic.se211533@gmail.com,K21,BIT_IS_K21D-22A,4,2026_Fall,63
SE211534,Đặng Đức Minh,ojt.synthetic.se211534@gmail.com,K21,BIT_IS_K21A,4,2026_Fall,66
SE211535,Hoàng Quốc Bảo,ojt.synthetic.se211535@gmail.com,K21,BIT_IS_K21B,4,2026_Fall,60
SE211536,Trần Ngọc Mai,ojt.synthetic.se211536@gmail.com,K21,BIT_IS_K21C,4,2026_Fall,66
SE211537,Nguyễn Đức Minh,ojt.synthetic.se211537@gmail.com,K21,BIT_IS_K21D-22A,4,2026_Fall,63
SE211538,Huỳnh Minh Quân,ojt.synthetic.se211538@gmail.com,K21,BIT_IS_K21A,4,2026_Fall,66
SE211539,Phạm Minh Anh,ojt.synthetic.se211539@gmail.com,K21,BIT_IS_K21B,4,2026_Fall,57
SE211540,Trần Bảo Ngọc,ojt.synthetic.se211540@gmail.com,K21,BIT_IS_K21C,4,2026_Fall,57
SE211541,Phạm Quang Huy,ojt.synthetic.se211541@gmail.com,K21,BIT_IS_K21D-22A,4,2026_Fall,57
SE211542,Bùi Đức Minh,ojt.synthetic.se211542@gmail.com,K21,BIT_IS_K21A,4,2026_Fall,66
SE211543,Bùi Hoàng Duy,ojt.synthetic.se211543@gmail.com,K21,BIT_IS_K21B,4,2026_Fall,57
SE211544,Lê Thanh Tâm,ojt.synthetic.se211544@gmail.com,K21,BIT_IS_K21C,4,2026_Fall,57
SE211545,Bùi Thanh Tâm,ojt.synthetic.se211545@gmail.com,K21,BIT_IS_K21D-22A,4,2026_Fall,63
SE211546,Đặng Quang Huy,ojt.synthetic.se211546@gmail.com,K21,BIT_IS_K21A,4,2026_Fall,54
SE211547,Nguyễn Khánh Linh,ojt.synthetic.se211547@gmail.com,K21,BIT_IS_K21B,4,2026_Fall,60
SE211548,Huỳnh Minh Quân,ojt.synthetic.se211548@gmail.com,K21,BIT_IS_K21C,4,2026_Fall,54
SE211549,Huỳnh Hoàng Duy,ojt.synthetic.se211549@gmail.com,K21,BIT_IS_K21D-22A,4,2026_Fall,57
SE211550,Bùi Thanh Tâm,ojt.synthetic.se211550@gmail.com,K21,BIT_IS_K21A,4,2026_Fall,66
SE211551,Trần Phương Thảo,ojt.synthetic.se211551@gmail.com,K21,BIT_IS_K21B,4,2026_Fall,57
SE211552,Nguyễn Hải Nam,ojt.synthetic.se211552@gmail.com,K21,BIT_IS_K21C,4,2026_Fall,66
SE211553,Phạm Hải Nam,ojt.synthetic.se211553@gmail.com,K21,BIT_IS_K21D-22A,4,2026_Fall,69
SE211554,Đặng Trung Hiếu,ojt.synthetic.se211554@gmail.com,K21,BIT_IS_K21A,4,2026_Fall,66
SE211555,Phan Ngọc Mai,ojt.synthetic.se211555@gmail.com,K21,BIT_IS_K21B,4,2026_Fall,63
SE211556,Đỗ Minh Quân,ojt.synthetic.se211556@gmail.com,K21,BIT_IS_K21C,4,2026_Fall,57
SE211557,Bùi Hải Nam,ojt.synthetic.se211557@gmail.com,K21,BIT_IS_K21D-22A,4,2026_Fall,69
SE211558,Phạm Hoàng Duy,ojt.synthetic.se211558@gmail.com,K21,BIT_IS_K21A,4,2026_Fall,60
SE211559,Đặng Quang Huy,ojt.synthetic.se211559@gmail.com,K21,BIT_IS_K21B,4,2026_Fall,54
SE211560,Phạm Đức Minh,ojt.synthetic.se211560@gmail.com,K21,BIT_IS_K21C,4,2026_Fall,60
SE211561,Bùi Tuấn Kiệt,ojt.synthetic.se211561@gmail.com,K21,BIT_IS_K21D-22A,4,2026_Fall,63
SE211562,Vũ Quốc Bảo,ojt.synthetic.se211562@gmail.com,K21,BIT_IS_K21A,4,2026_Fall,60
SE211563,Huỳnh Phương Thảo,ojt.synthetic.se211563@gmail.com,K21,BIT_IS_K21B,4,2026_Fall,51
SE211564,Hoàng Bảo Ngọc,ojt.synthetic.se211564@gmail.com,K21,BIT_IS_K21C,4,2026_Fall,66
SE211565,Bùi Gia Hân,ojt.synthetic.se211565@gmail.com,K21,BIT_IS_K21D-22A,4,2026_Fall,63
SE211566,Nguyễn Tuấn Kiệt,ojt.synthetic.se211566@gmail.com,K21,BIT_IS_K21A,4,2026_Fall,57
SE211567,Phan Bảo Ngọc,ojt.synthetic.se211567@gmail.com,K21,BIT_IS_K21B,4,2026_Fall,57
SE211568,Đặng Minh Anh,ojt.synthetic.se211568@gmail.com,K21,BIT_IS_K21C,4,2026_Fall,54
SE211569,Vũ Quang Huy,ojt.synthetic.se211569@gmail.com,K21,BIT_IS_K21D-22A,4,2026_Fall,69
SE211570,Nguyễn Trung Hiếu,ojt.synthetic.se211570@gmail.com,K21,BIT_IS_K21A,4,2026_Fall,63
SE211571,Hoàng Minh Anh,ojt.synthetic.se211571@gmail.com,K21,BIT_IS_K21B,4,2026_Fall,57
SE211572,Huỳnh Ngọc Mai,ojt.synthetic.se211572@gmail.com,K21,BIT_IS_K21C,4,2026_Fall,66
SE211573,Phạm Ngọc Mai,ojt.synthetic.se211573@gmail.com,K21,BIT_IS_K21D-22A,4,2026_Fall,63
SE211574,Bùi Bảo Ngọc,ojt.synthetic.se211574@gmail.com,K21,BIT_IS_K21A,4,2026_Fall,60
SE211575,Võ Hải Nam,ojt.synthetic.se211575@gmail.com,K21,BIT_IS_K21B,4,2026_Fall,57
SE211576,Đặng Khánh Linh,ojt.synthetic.se211576@gmail.com,K21,BIT_IS_K21C,4,2026_Fall,54
SE211577,Trần Anh Tuấn,ojt.synthetic.se211577@gmail.com,K21,BIT_IS_K21D-22A,4,2026_Fall,60
SE211578,Phan Phương Thảo,ojt.synthetic.se211578@gmail.com,K21,BIT_IS_K21A,4,2026_Fall,66
SE211579,Vũ Quốc Bảo,ojt.synthetic.se211579@gmail.com,K21,BIT_IS_K21B,4,2026_Fall,54
SE211580,Phạm Tuấn Kiệt,ojt.synthetic.se211580@gmail.com,K21,BIT_IS_K21C,4,2026_Fall,66
SE211581,Lê Hải Nam,ojt.synthetic.se211581@gmail.com,K21,BIT_IS_K21D-22A,4,2026_Fall,63
SE211582,Phan Minh Anh,ojt.synthetic.se211582@gmail.com,K21,BIT_IS_K21A,4,2026_Fall,66
SE211583,Phạm Hải Nam,ojt.synthetic.se211583@gmail.com,K21,BIT_IS_K21B,4,2026_Fall,66
SE211584,Đặng Anh Tuấn,ojt.synthetic.se211584@gmail.com,K21,BIT_IS_K21C,4,2026_Fall,63
SE211585,Bùi Thanh Tâm,ojt.synthetic.se211585@gmail.com,K21,BIT_IS_K21D-22A,4,2026_Fall,69
SE211586,Đặng Quốc Bảo,ojt.synthetic.se211586@gmail.com,K21,BIT_IS_K21A,4,2026_Fall,57
SE211587,Phạm Ngọc Mai,ojt.synthetic.se211587@gmail.com,K21,BIT_IS_K21B,4,2026_Fall,63
SE211588,Võ Ngọc Mai,ojt.synthetic.se211588@gmail.com,K21,BIT_IS_K21C,4,2026_Fall,54
SE211589,Võ Phương Thảo,ojt.synthetic.se211589@gmail.com,K21,BIT_IS_K21D-22A,4,2026_Fall,63
SE211590,Lê Phương Thảo,ojt.synthetic.se211590@gmail.com,K21,BIT_IS_K21A,4,2026_Fall,60
SE211591,Phạm Quốc Bảo,ojt.synthetic.se211591@gmail.com,K21,BIT_IS_K21B,4,2026_Fall,60
SE211592,Phan Thanh Tâm,ojt.synthetic.se211592@gmail.com,K21,BIT_IS_K21C,4,2026_Fall,60
SE211593,Lê Hoàng Duy,ojt.synthetic.se211593@gmail.com,K21,BIT_IS_K21D-22A,4,2026_Fall,66
SE211594,Huỳnh Hải Nam,ojt.synthetic.se211594@gmail.com,K21,BIT_IS_K21A,4,2026_Fall,60
SE211595,Phan Trung Hiếu,ojt.synthetic.se211595@gmail.com,K21,BIT_IS_K21B,4,2026_Fall,60
SE211596,Đặng Thanh Tâm,ojt.synthetic.se211596@gmail.com,K21,BIT_IS_K21C,4,2026_Fall,66
SE211597,Bùi Quang Huy,ojt.synthetic.se211597@gmail.com,K21,BIT_IS_K21D-22A,4,2026_Fall,69
SE211598,Huỳnh Tuấn Kiệt,ojt.synthetic.se211598@gmail.com,K21,BIT_IS_K21A,4,2026_Fall,60
SE211599,Đặng Bảo Ngọc,ojt.synthetic.se211599@gmail.com,K21,BIT_IS_K21B,4,2026_Fall,57
SE211600,Đỗ Quang Huy,ojt.synthetic.se211600@gmail.com,K21,BIT_IS_K21C,4,2026_Fall,66
SE211601,Phạm Quốc Bảo,ojt.synthetic.se211601@gmail.com,K21,BIT_IS_K21D-22A,4,2026_Fall,69
SE211602,Phan Hải Nam,ojt.synthetic.se211602@gmail.com,K21,BIT_IS_K21A,4,2026_Fall,66
SE211603,Lê Khánh Linh,ojt.synthetic.se211603@gmail.com,K21,BIT_IS_K21B,4,2026_Fall,63
SE211604,Đỗ Minh Quân,ojt.synthetic.se211604@gmail.com,K21,BIT_IS_K21C,4,2026_Fall,66
SE211605,Nguyễn Quang Huy,ojt.synthetic.se211605@gmail.com,K21,BIT_IS_K21D-22A,4,2026_Fall,60
SE211606,Phan Hoàng Duy,ojt.synthetic.se211606@gmail.com,K21,BIT_IS_K21A,4,2026_Fall,51
SE211607,Vũ Ngọc Mai,ojt.synthetic.se211607@gmail.com,K21,BIT_IS_K21B,4,2026_Fall,66
SE211608,Trần Trung Hiếu,ojt.synthetic.se211608@gmail.com,K21,BIT_IS_K21C,4,2026_Fall,63
SE211609,Đặng Ngọc Mai,ojt.synthetic.se211609@gmail.com,K21,BIT_IS_K21D-22A,4,2026_Fall,54
SE211610,Đặng Phương Thảo,ojt.synthetic.se211610@gmail.com,K21,BIT_IS_K21A,4,2026_Fall,63
SE211611,Phan Trung Hiếu,ojt.synthetic.se211611@gmail.com,K21,BIT_IS_K21B,4,2026_Fall,51
SE211612,Lê Hoàng Duy,ojt.synthetic.se211612@gmail.com,K21,BIT_IS_K21C,4,2026_Fall,63
SE211613,Lê Minh Anh,ojt.synthetic.se211613@gmail.com,K21,BIT_IS_K21D-22A,4,2026_Fall,54
SE211614,Phạm Minh Quân,ojt.synthetic.se211614@gmail.com,K21,BIT_IS_K21A,4,2026_Fall,63
SE211615,Trần Tuấn Kiệt,ojt.synthetic.se211615@gmail.com,K21,BIT_IS_K21B,4,2026_Fall,66
SE211616,Nguyễn Khánh Linh,ojt.synthetic.se211616@gmail.com,K21,BIT_IS_K21C,4,2026_Fall,60
SE211617,Võ Gia Hân,ojt.synthetic.se211617@gmail.com,K21,BIT_IS_K21D-22A,4,2026_Fall,60
SE211618,Bùi Khánh Linh,ojt.synthetic.se211618@gmail.com,K21,BIT_IS_K21A,4,2026_Fall,63
SE211619,Trần Hoàng Duy,ojt.synthetic.se211619@gmail.com,K21,BIT_IS_K21B,4,2026_Fall,66
SE211620,Võ Anh Tuấn,ojt.synthetic.se211620@gmail.com,K21,BIT_IS_K21C,4,2026_Fall,66
SE211621,Phan Hải Nam,ojt.synthetic.se211621@gmail.com,K21,BIT_IS_K21D-22A,4,2026_Fall,69
SE211622,Bùi Đức Minh,ojt.synthetic.se211622@gmail.com,K21,BIT_IS_K21A,4,2026_Fall,60
SE211623,Vũ Ngọc Mai,ojt.synthetic.se211623@gmail.com,K21,BIT_IS_K21B,4,2026_Fall,60
SE211624,Nguyễn Khánh Linh,ojt.synthetic.se211624@gmail.com,K21,BIT_IS_K21C,4,2026_Fall,63
SE211625,Đặng Trung Hiếu,ojt.synthetic.se211625@gmail.com,K21,BIT_IS_K21D-22A,4,2026_Fall,60
SE211626,Đặng Minh Anh,ojt.synthetic.se211626@gmail.com,K21,BIT_IS_K21A,4,2026_Fall,54
SE211627,Võ Phương Thảo,ojt.synthetic.se211627@gmail.com,K21,BIT_IS_K21B,4,2026_Fall,60
SE211628,Đỗ Quốc Bảo,ojt.synthetic.se211628@gmail.com,K21,BIT_IS_K21C,4,2026_Fall,66
SE211629,Đặng Thanh Tâm,ojt.synthetic.se211629@gmail.com,K21,BIT_IS_K21D-22A,4,2026_Fall,63
SE211630,Huỳnh Quốc Bảo,ojt.synthetic.se211630@gmail.com,K21,BIT_IS_K21A,4,2026_Fall,66
SE211631,Phan Hải Nam,ojt.synthetic.se211631@gmail.com,K21,BIT_IS_K21B,4,2026_Fall,57
SE211632,Lê Anh Tuấn,ojt.synthetic.se211632@gmail.com,K21,BIT_IS_K21C,4,2026_Fall,57
SE211633,Võ Gia Hân,ojt.synthetic.se211633@gmail.com,K21,BIT_IS_K21D-22A,4,2026_Fall,66
SE211634,Đỗ Đức Minh,ojt.synthetic.se211634@gmail.com,K21,BIT_IS_K21A,4,2026_Fall,66
SE211635,Huỳnh Thanh Tâm,ojt.synthetic.se211635@gmail.com,K21,BIT_IS_K21B,4,2026_Fall,60
SE211636,Lê Quốc Bảo,ojt.synthetic.se211636@gmail.com,K21,BIT_IS_K21C,4,2026_Fall,51
SE211637,Phan Trung Hiếu,ojt.synthetic.se211637@gmail.com,K21,BIT_IS_K21D-22A,4,2026_Fall,63
SE211638,Huỳnh Tuấn Kiệt,ojt.synthetic.se211638@gmail.com,K21,BIT_IS_K21A,4,2026_Fall,60
SE211639,Nguyễn Minh Quân,ojt.synthetic.se211639@gmail.com,K21,BIT_IS_K21B,4,2026_Fall,54
SE211640,Nguyễn Hoàng Duy,ojt.synthetic.se211640@gmail.com,K21,BIT_IS_K21C,4,2026_Fall,66
SE211641,Hoàng Gia Hân,ojt.synthetic.se211641@gmail.com,K21,BIT_IS_K21D-22A,4,2026_Fall,66
SE211642,Vũ Hải Nam,ojt.synthetic.se211642@gmail.com,K21,BIT_IS_K21A,4,2026_Fall,57
SE211643,Bùi Bảo Ngọc,ojt.synthetic.se211643@gmail.com,K21,BIT_IS_K21B,4,2026_Fall,57
SE211644,Trần Quốc Bảo,ojt.synthetic.se211644@gmail.com,K21,BIT_IS_K21C,4,2026_Fall,60
SE211645,Võ Phương Thảo,ojt.synthetic.se211645@gmail.com,K21,BIT_IS_K21D-22A,4,2026_Fall,66
SE211646,Nguyễn Minh Quân,ojt.synthetic.se211646@gmail.com,K21,BIT_IS_K21A,4,2026_Fall,66
SE211647,Vũ Bảo Ngọc,ojt.synthetic.se211647@gmail.com,K21,BIT_IS_K21B,4,2026_Fall,66
SE211648,Đặng Quang Huy,ojt.synthetic.se211648@gmail.com,K21,BIT_IS_K21C,4,2026_Fall,66
SE211649,Bùi Quốc Bảo,ojt.synthetic.se211649@gmail.com,K21,BIT_IS_K21D-22A,4,2026_Fall,63
SE211650,Phạm Hoàng Duy,ojt.synthetic.se211650@gmail.com,K21,BIT_IS_K21A,4,2026_Fall,63
SE211651,Đặng Thanh Tâm,ojt.synthetic.se211651@gmail.com,K21,BIT_IS_K21B,4,2026_Fall,66
SE211652,Bùi Bảo Ngọc,ojt.synthetic.se211652@gmail.com,K21,BIT_IS_K21C,4,2026_Fall,66
SE211653,Võ Phương Thảo,ojt.synthetic.se211653@gmail.com,K21,BIT_IS_K21D-22A,4,2026_Fall,69
SE211654,Nguyễn Đức Minh,ojt.synthetic.se211654@gmail.com,K21,BIT_IS_K21A,4,2026_Fall,60
SE211655,Phan Đức Minh,ojt.synthetic.se211655@gmail.com,K21,BIT_IS_K21B,4,2026_Fall,60
SE211656,Phạm Anh Tuấn,ojt.synthetic.se211656@gmail.com,K21,BIT_IS_K21C,4,2026_Fall,63
SE211657,Vũ Minh Anh,ojt.synthetic.se211657@gmail.com,K21,BIT_IS_K21D-22A,4,2026_Fall,69
SE211658,Đỗ Hải Nam,ojt.synthetic.se211658@gmail.com,K21,BIT_IS_K21A,4,2026_Fall,63
SE211659,Lê Bảo Ngọc,ojt.synthetic.se211659@gmail.com,K21,BIT_IS_K21B,4,2026_Fall,60
SE211660,Đỗ Anh Tuấn,ojt.synthetic.se211660@gmail.com,K21,BIT_IS_K21C,4,2026_Fall,60
SE211661,Hoàng Bảo Ngọc,ojt.synthetic.se211661@gmail.com,K21,BIT_IS_K21D-22A,4,2026_Fall,54
SE211662,Hoàng Khánh Linh,ojt.synthetic.se211662@gmail.com,K21,BIT_IS_K21A,4,2026_Fall,57
SE211663,Võ Ngọc Mai,ojt.synthetic.se211663@gmail.com,K21,BIT_IS_K21B,4,2026_Fall,63
SE211664,Lê Khánh Linh,ojt.synthetic.se211664@gmail.com,K21,BIT_IS_K21C,4,2026_Fall,60
SE211665,Lê Minh Quân,ojt.synthetic.se211665@gmail.com,K21,BIT_IS_K21D-22A,4,2026_Fall,69
SE211666,Đỗ Trung Hiếu,ojt.synthetic.se211666@gmail.com,K21,BIT_IS_K21A,4,2026_Fall,63
SE211667,Vũ Minh Quân,ojt.synthetic.se211667@gmail.com,K21,BIT_IS_K21B,4,2026_Fall,60
SE211668,Phạm Thanh Tâm,ojt.synthetic.se211668@gmail.com,K21,BIT_IS_K21C,4,2026_Fall,66
SE211669,Lê Quang Huy,ojt.synthetic.se211669@gmail.com,K21,BIT_IS_K21D-22A,4,2026_Fall,69
SE211670,Huỳnh Thanh Tâm,ojt.synthetic.se211670@gmail.com,K21,BIT_IS_K21A,4,2026_Fall,51
SE211671,Đặng Anh Tuấn,ojt.synthetic.se211671@gmail.com,K21,BIT_IS_K21B,4,2026_Fall,66
SE211672,Đặng Anh Tuấn,ojt.synthetic.se211672@gmail.com,K21,BIT_IS_K21C,4,2026_Fall,60
SE211673,Lê Gia Hân,ojt.synthetic.se211673@gmail.com,K21,BIT_IS_K21D-22A,4,2026_Fall,63
SE211674,Võ Minh Quân,ojt.synthetic.se211674@gmail.com,K21,BIT_IS_K21A,4,2026_Fall,66
SE211675,Đỗ Hải Nam,ojt.synthetic.se211675@gmail.com,K21,BIT_IS_K21B,4,2026_Fall,63
SE211676,Lê Anh Tuấn,ojt.synthetic.se211676@gmail.com,K21,BIT_IS_K21C,4,2026_Fall,54
SE211677,Huỳnh Gia Hân,ojt.synthetic.se211677@gmail.com,K21,BIT_IS_K21D-22A,4,2026_Fall,63
SE211678,Đỗ Trung Hiếu,ojt.synthetic.se211678@gmail.com,K21,BIT_IS_K21A,4,2026_Fall,54
SE211679,Nguyễn Minh Anh,ojt.synthetic.se211679@gmail.com,K21,BIT_IS_K21B,4,2026_Fall,66
SE211680,Lê Hoàng Duy,ojt.synthetic.se211680@gmail.com,K21,BIT_IS_K21C,4,2026_Fall,60
SE211681,Phạm Gia Hân,ojt.synthetic.se211681@gmail.com,K21,BIT_IS_K21D-22A,4,2026_Fall,63
SE211682,Lê Khánh Linh,ojt.synthetic.se211682@gmail.com,K21,BIT_IS_K21A,4,2026_Fall,60
SE211683,Đặng Hải Nam,ojt.synthetic.se211683@gmail.com,K21,BIT_IS_K21B,4,2026_Fall,66
SE211684,Phạm Quang Huy,ojt.synthetic.se211684@gmail.com,K21,BIT_IS_K21C,4,2026_Fall,66
SE211685,Hoàng Tuấn Kiệt,ojt.synthetic.se211685@gmail.com,K21,BIT_IS_K21D-22A,4,2026_Fall,66
SE211686,Phan Trung Hiếu,ojt.synthetic.se211686@gmail.com,K21,BIT_IS_K21A,4,2026_Fall,66
SE211687,Huỳnh Tuấn Kiệt,ojt.synthetic.se211687@gmail.com,K21,BIT_IS_K21B,4,2026_Fall,57
SE211688,Phạm Minh Anh,ojt.synthetic.se211688@gmail.com,K21,BIT_IS_K21C,4,2026_Fall,54
SE211689,Võ Ngọc Mai,ojt.synthetic.se211689@gmail.com,K21,BIT_IS_K21D-22A,4,2026_Fall,54
SE211690,Bùi Phương Thảo,ojt.synthetic.se211690@gmail.com,K21,BIT_IS_K21A,4,2026_Fall,60
SE211691,Đỗ Tuấn Kiệt,ojt.synthetic.se211691@gmail.com,K21,BIT_IS_K21B,4,2026_Fall,60
SE211692,Phan Đức Minh,ojt.synthetic.se211692@gmail.com,K21,BIT_IS_K21C,4,2026_Fall,57
SE211693,Vũ Phương Thảo,ojt.synthetic.se211693@gmail.com,K21,BIT_IS_K21D-22A,4,2026_Fall,69
SE211694,Nguyễn Đức Minh,ojt.synthetic.se211694@gmail.com,K21,BIT_IS_K21A,4,2026_Fall,60
SE211695,Nguyễn Hoàng Duy,ojt.synthetic.se211695@gmail.com,K21,BIT_IS_K21B,4,2026_Fall,63
SE211696,Lê Minh Quân,ojt.synthetic.se211696@gmail.com,K21,BIT_IS_K21C,4,2026_Fall,66
SE211697,Lê Hải Nam,ojt.synthetic.se211697@gmail.com,K21,BIT_IS_K21D-22A,4,2026_Fall,69
SE211698,Vũ Anh Tuấn,ojt.synthetic.se211698@gmail.com,K21,BIT_IS_K21A,4,2026_Fall,63
SE211699,Hoàng Tuấn Kiệt,ojt.synthetic.se211699@gmail.com,K21,BIT_IS_K21B,4,2026_Fall,66
SE211700,Đặng Bảo Ngọc,ojt.synthetic.se211700@gmail.com,K21,BIT_IS_K21C,4,2026_Fall,57
SE211701,Trần Ngọc Mai,ojt.synthetic.se211701@gmail.com,K21,BIT_IS_K21D-22A,4,2026_Fall,57
SE211702,Trần Khánh Linh,ojt.synthetic.se211702@gmail.com,K21,BIT_IS_K21A,4,2026_Fall,66
SE211703,Nguyễn Phương Thảo,ojt.synthetic.se211703@gmail.com,K21,BIT_IS_K21B,4,2026_Fall,66
SE211704,Vũ Ngọc Mai,ojt.synthetic.se211704@gmail.com,K21,BIT_IS_K21C,4,2026_Fall,63
SE211705,Trần Đức Minh,ojt.synthetic.se211705@gmail.com,K21,BIT_IS_K21D-22A,4,2026_Fall,69
SE211706,Bùi Trung Hiếu,ojt.synthetic.se211706@gmail.com,K21,BIT_IS_K21A,4,2026_Fall,66
SE211707,Nguyễn Hải Nam,ojt.synthetic.se211707@gmail.com,K21,BIT_IS_K21B,4,2026_Fall,66
SE211708,Trần Anh Tuấn,ojt.synthetic.se211708@gmail.com,K21,BIT_IS_K21C,4,2026_Fall,60
SE211709,Đỗ Khánh Linh,ojt.synthetic.se211709@gmail.com,K21,BIT_IS_K21D-22A,4,2026_Fall,69
SE211710,Bùi Gia Hân,ojt.synthetic.se211710@gmail.com,K21,BIT_IS_K21A,4,2026_Fall,63
SE211711,Trần Phương Thảo,ojt.synthetic.se211711@gmail.com,K21,BIT_IS_K21B,4,2026_Fall,63
SE211712,Vũ Ngọc Mai,ojt.synthetic.se211712@gmail.com,K21,BIT_IS_K21C,4,2026_Fall,57
SE211713,Vũ Ngọc Mai,ojt.synthetic.se211713@gmail.com,K21,BIT_IS_K21D-22A,4,2026_Fall,69
SE211714,Phan Hoàng Duy,ojt.synthetic.se211714@gmail.com,K21,BIT_IS_K21A,4,2026_Fall,63
SE211715,Đặng Minh Quân,ojt.synthetic.se211715@gmail.com,K21,BIT_IS_K21B,4,2026_Fall,63
SE211716,Lê Hải Nam,ojt.synthetic.se211716@gmail.com,K21,BIT_IS_K21C,4,2026_Fall,63
SE211717,Vũ Hải Nam,ojt.synthetic.se211717@gmail.com,K21,BIT_IS_K21D-22A,4,2026_Fall,66
SE211718,Hoàng Phương Thảo,ojt.synthetic.se211718@gmail.com,K21,BIT_IS_K21A,4,2026_Fall,57
SE211719,Lê Minh Anh,ojt.synthetic.se211719@gmail.com,K21,BIT_IS_K21B,4,2026_Fall,66
SE211720,Hoàng Gia Hân,ojt.synthetic.se211720@gmail.com,K21,BIT_IS_K21C,4,2026_Fall,57
SE211721,Vũ Gia Hân,ojt.synthetic.se211721@gmail.com,K21,BIT_IS_K21D-22A,4,2026_Fall,66
SE211722,Trần Hải Nam,ojt.synthetic.se211722@gmail.com,K21,BIT_IS_K21A,4,2026_Fall,66
SE211723,Hoàng Minh Quân,ojt.synthetic.se211723@gmail.com,K21,BIT_IS_K21B,4,2026_Fall,60
SE211724,Nguyễn Trung Hiếu,ojt.synthetic.se211724@gmail.com,K21,BIT_IS_K21C,4,2026_Fall,51
SE211725,Nguyễn Bảo Ngọc,ojt.synthetic.se211725@gmail.com,K21,BIT_IS_K21D-22A,4,2026_Fall,69
SE211726,Huỳnh Khánh Linh,ojt.synthetic.se211726@gmail.com,K21,BIT_IS_K21A,4,2026_Fall,66
SE211727,Đặng Phương Thảo,ojt.synthetic.se211727@gmail.com,K21,BIT_IS_K21B,4,2026_Fall,60
SE211728,Đỗ Gia Hân,ojt.synthetic.se211728@gmail.com,K21,BIT_IS_K21C,4,2026_Fall,66
SE211729,Võ Phương Thảo,ojt.synthetic.se211729@gmail.com,K21,BIT_IS_K21D-22A,4,2026_Fall,69
SE211730,Lê Đức Minh,ojt.synthetic.se211730@gmail.com,K21,BIT_IS_K21A,4,2026_Fall,54
SE211731,Hoàng Trung Hiếu,ojt.synthetic.se211731@gmail.com,K21,BIT_IS_K21B,4,2026_Fall,60
SE211732,Đặng Ngọc Mai,ojt.synthetic.se211732@gmail.com,K21,BIT_IS_K21C,4,2026_Fall,63
SE211733,Lê Minh Quân,ojt.synthetic.se211733@gmail.com,K21,BIT_IS_K21D-22A,4,2026_Fall,69
SE211734,Hoàng Quang Huy,ojt.synthetic.se211734@gmail.com,K21,BIT_IS_K21A,4,2026_Fall,51
SE211735,Đặng Minh Quân,ojt.synthetic.se211735@gmail.com,K21,BIT_IS_K21B,4,2026_Fall,57
SE211736,Phạm Trung Hiếu,ojt.synthetic.se211736@gmail.com,K21,BIT_IS_K21C,4,2026_Fall,57
SE211737,Võ Anh Tuấn,ojt.synthetic.se211737@gmail.com,K21,BIT_IS_K21D-22A,4,2026_Fall,63
SE211738,Nguyễn Minh Quân,ojt.synthetic.se211738@gmail.com,K21,BIT_IS_K21A,4,2026_Fall,63
SE211739,Trần Thanh Tâm,ojt.synthetic.se211739@gmail.com,K21,BIT_IS_K21B,4,2026_Fall,57
SE211740,Bùi Đức Minh,ojt.synthetic.se211740@gmail.com,K21,BIT_IS_K21C,4,2026_Fall,66
SE211741,Trần Hoàng Duy,ojt.synthetic.se211741@gmail.com,K21,BIT_IS_K21D-22A,4,2026_Fall,57
SE211742,Vũ Thanh Tâm,ojt.synthetic.se211742@gmail.com,K21,BIT_IS_K21A,4,2026_Fall,57
SE211743,Võ Gia Hân,ojt.synthetic.se211743@gmail.com,K21,BIT_IS_K21B,4,2026_Fall,60
SE211744,Hoàng Gia Hân,ojt.synthetic.se211744@gmail.com,K21,BIT_IS_K21C,4,2026_Fall,66
SE211745,Nguyễn Khánh Linh,ojt.synthetic.se211745@gmail.com,K21,BIT_IS_K21D-22A,4,2026_Fall,63
SE211746,Nguyễn Quốc Bảo,ojt.synthetic.se211746@gmail.com,K21,BIT_IS_K21A,4,2026_Fall,57
SE211747,Huỳnh Đức Minh,ojt.synthetic.se211747@gmail.com,K21,BIT_IS_K21B,4,2026_Fall,63
SE211748,Đặng Hải Nam,ojt.synthetic.se211748@gmail.com,K21,BIT_IS_K21C,4,2026_Fall,54
SE211749,Lê Khánh Linh,ojt.synthetic.se211749@gmail.com,K21,BIT_IS_K21D-22A,4,2026_Fall,66
SE211750,Lê Anh Tuấn,ojt.synthetic.se211750@gmail.com,K21,BIT_IS_K21A,4,2026_Fall,57
SE211751,Đỗ Khánh Linh,ojt.synthetic.se211751@gmail.com,K21,BIT_IS_K21B,4,2026_Fall,63
SE211752,Huỳnh Trung Hiếu,ojt.synthetic.se211752@gmail.com,K21,BIT_IS_K21C,4,2026_Fall,66
SE211753,Võ Gia Hân,ojt.synthetic.se211753@gmail.com,K21,BIT_IS_K21D-22A,4,2026_Fall,54
SE211754,Lê Minh Quân,ojt.synthetic.se211754@gmail.com,K21,BIT_IS_K21A,4,2026_Fall,66
SE211755,Phan Khánh Linh,ojt.synthetic.se211755@gmail.com,K21,BIT_IS_K21B,4,2026_Fall,66
SE211756,Đỗ Minh Anh,ojt.synthetic.se211756@gmail.com,K21,BIT_IS_K21C,4,2026_Fall,63
SE211757,Huỳnh Quốc Bảo,ojt.synthetic.se211757@gmail.com,K21,BIT_IS_K21D-22A,4,2026_Fall,54
SE211758,Phạm Đức Minh,ojt.synthetic.se211758@gmail.com,K21,BIT_IS_K21A,4,2026_Fall,66
SE211759,Lê Khánh Linh,ojt.synthetic.se211759@gmail.com,K21,BIT_IS_K21B,4,2026_Fall,63
SE211760,Phan Hải Nam,ojt.synthetic.se211760@gmail.com,K21,BIT_IS_K21C,4,2026_Fall,66
SE211761,Phạm Hải Nam,ojt.synthetic.se211761@gmail.com,K21,BIT_IS_K21D-22A,4,2026_Fall,63
SE211762,Hoàng Đức Minh,ojt.synthetic.se211762@gmail.com,K21,BIT_IS_K21A,4,2026_Fall,57
SE211763,Phan Minh Quân,ojt.synthetic.se211763@gmail.com,K21,BIT_IS_K21B,4,2026_Fall,66
SE211764,Lê Khánh Linh,ojt.synthetic.se211764@gmail.com,K21,BIT_IS_K21C,4,2026_Fall,63
SE211765,Võ Trung Hiếu,ojt.synthetic.se211765@gmail.com,K21,BIT_IS_K21D-22A,4,2026_Fall,69
SE211766,Huỳnh Trung Hiếu,ojt.synthetic.se211766@gmail.com,K21,BIT_IS_K21A,4,2026_Fall,60
SE211767,Trần Gia Hân,ojt.synthetic.se211767@gmail.com,K21,BIT_IS_K21B,4,2026_Fall,66
SE211768,Huỳnh Anh Tuấn,ojt.synthetic.se211768@gmail.com,K21,BIT_IS_K21C,4,2026_Fall,66
SE211769,Vũ Thanh Tâm,ojt.synthetic.se211769@gmail.com,K21,BIT_IS_K21D-22A,4,2026_Fall,63
SE211770,Lê Trung Hiếu,ojt.synthetic.se211770@gmail.com,K21,BIT_IS_K21A,4,2026_Fall,66
SE211771,Nguyễn Hoàng Duy,ojt.synthetic.se211771@gmail.com,K21,BIT_IS_K21B,4,2026_Fall,63
SE211772,Vũ Ngọc Mai,ojt.synthetic.se211772@gmail.com,K21,BIT_IS_K21C,4,2026_Fall,51
SE211773,Phan Hoàng Duy,ojt.synthetic.se211773@gmail.com,K21,BIT_IS_K21D-22A,4,2026_Fall,60
SE211774,Vũ Hải Nam,ojt.synthetic.se211774@gmail.com,K21,BIT_IS_K21A,4,2026_Fall,66
SE211775,Trần Gia Hân,ojt.synthetic.se211775@gmail.com,K21,BIT_IS_K21B,4,2026_Fall,63
SE211776,Võ Minh Quân,ojt.synthetic.se211776@gmail.com,K21,BIT_IS_K21C,4,2026_Fall,60
SE211777,Lê Anh Tuấn,ojt.synthetic.se211777@gmail.com,K21,BIT_IS_K21D-22A,4,2026_Fall,54
SE211778,Huỳnh Đức Minh,ojt.synthetic.se211778@gmail.com,K21,BIT_IS_K21A,4,2026_Fall,60
SE211779,Nguyễn Ngọc Mai,ojt.synthetic.se211779@gmail.com,K21,BIT_IS_K21B,4,2026_Fall,66
SE211780,Bùi Phương Thảo,ojt.synthetic.se211780@gmail.com,K21,BIT_IS_K21C,4,2026_Fall,63
SE211781,Bùi Khánh Linh,ojt.synthetic.se211781@gmail.com,K21,BIT_IS_K21D-22A,4,2026_Fall,69
SE211782,Lê Gia Hân,ojt.synthetic.se211782@gmail.com,K21,BIT_IS_K21A,4,2026_Fall,66
SE211783,Trần Hoàng Duy,ojt.synthetic.se211783@gmail.com,K21,BIT_IS_K21B,4,2026_Fall,57
SE211784,Đặng Tuấn Kiệt,ojt.synthetic.se211784@gmail.com,K21,BIT_IS_K21C,4,2026_Fall,63
SE211785,Phạm Hải Nam,ojt.synthetic.se211785@gmail.com,K21,BIT_IS_K21D-22A,4,2026_Fall,66
SE211786,Bùi Khánh Linh,ojt.synthetic.se211786@gmail.com,K21,BIT_IS_K21A,4,2026_Fall,57
SE211787,Bùi Tuấn Kiệt,ojt.synthetic.se211787@gmail.com,K21,BIT_IS_K21B,4,2026_Fall,60
SE211788,Bùi Minh Anh,ojt.synthetic.se211788@gmail.com,K21,BIT_IS_K21C,4,2026_Fall,54
SE211789,Bùi Minh Quân,ojt.synthetic.se211789@gmail.com,K21,BIT_IS_K21D-22A,4,2026_Fall,69
SE211790,Phan Minh Quân,ojt.synthetic.se211790@gmail.com,K21,BIT_IS_K21A,4,2026_Fall,63
SE211791,Phạm Thanh Tâm,ojt.synthetic.se211791@gmail.com,K21,BIT_IS_K21B,4,2026_Fall,60
SE211792,Lê Phương Thảo,ojt.synthetic.se211792@gmail.com,K21,BIT_IS_K21C,4,2026_Fall,63
SE211793,Trần Tuấn Kiệt,ojt.synthetic.se211793@gmail.com,K21,BIT_IS_K21D-22A,4,2026_Fall,57
SE211794,Phan Minh Quân,ojt.synthetic.se211794@gmail.com,K21,BIT_IS_K21A,4,2026_Fall,60
SE211795,Võ Đức Minh,ojt.synthetic.se211795@gmail.com,K21,BIT_IS_K21B,4,2026_Fall,60
SE211796,Đỗ Gia Hân,ojt.synthetic.se211796@gmail.com,K21,BIT_IS_K21C,4,2026_Fall,66
SE211797,Huỳnh Hoàng Duy,ojt.synthetic.se211797@gmail.com,K21,BIT_IS_K21D-22A,4,2026_Fall,63
SE211798,Phạm Tuấn Kiệt,ojt.synthetic.se211798@gmail.com,K21,BIT_IS_K21A,4,2026_Fall,54
SE211799,Vũ Tuấn Kiệt,ojt.synthetic.se211799@gmail.com,K21,BIT_IS_K21B,4,2026_Fall,60
SE211800,Võ Trung Hiếu,ojt.synthetic.se211800@gmail.com,K21,BIT_IS_K21C,4,2026_Fall,54
SE211801,Huỳnh Minh Quân,ojt.synthetic.se211801@gmail.com,K21,BIT_IS_K21D-22A,4,2026_Fall,69
SE211802,Hoàng Đức Minh,ojt.synthetic.se211802@gmail.com,K21,BIT_IS_K21A,4,2026_Fall,57
SE211803,Võ Quốc Bảo,ojt.synthetic.se211803@gmail.com,K21,BIT_IS_K21B,4,2026_Fall,60
SE211804,Vũ Anh Tuấn,ojt.synthetic.se211804@gmail.com,K21,BIT_IS_K21C,4,2026_Fall,60
SE211805,Huỳnh Khánh Linh,ojt.synthetic.se211805@gmail.com,K21,BIT_IS_K21D-22A,4,2026_Fall,69
SE211806,Võ Gia Hân,ojt.synthetic.se211806@gmail.com,K21,BIT_IS_K21A,4,2026_Fall,57
SE211807,Đặng Ngọc Mai,ojt.synthetic.se211807@gmail.com,K21,BIT_IS_K21B,4,2026_Fall,51
SE211808,Đặng Minh Anh,ojt.synthetic.se211808@gmail.com,K21,BIT_IS_K21C,4,2026_Fall,63
SE211809,Huỳnh Minh Anh,ojt.synthetic.se211809@gmail.com,K21,BIT_IS_K21D-22A,4,2026_Fall,60
SE211810,Vũ Minh Quân,ojt.synthetic.se211810@gmail.com,K21,BIT_IS_K21A,4,2026_Fall,51
SE211811,Đặng Đức Minh,ojt.synthetic.se211811@gmail.com,K21,BIT_IS_K21B,4,2026_Fall,51
SE211812,Huỳnh Quốc Bảo,ojt.synthetic.se211812@gmail.com,K21,BIT_IS_K21C,4,2026_Fall,60
SE211813,Bùi Trung Hiếu,ojt.synthetic.se211813@gmail.com,K21,BIT_IS_K21D-22A,4,2026_Fall,57
SE211814,Huỳnh Gia Hân,ojt.synthetic.se211814@gmail.com,K21,BIT_IS_K21A,4,2026_Fall,66
SE211815,Phạm Quang Huy,ojt.synthetic.se211815@gmail.com,K21,BIT_IS_K21B,4,2026_Fall,66
SE211816,Trần Quang Huy,ojt.synthetic.se211816@gmail.com,K21,BIT_IS_K21C,4,2026_Fall,66
SE211817,Hoàng Tuấn Kiệt,ojt.synthetic.se211817@gmail.com,K21,BIT_IS_K21D-22A,4,2026_Fall,57
SE211818,Võ Ngọc Mai,ojt.synthetic.se211818@gmail.com,K21,BIT_IS_K21A,4,2026_Fall,60
SE211819,Phạm Anh Tuấn,ojt.synthetic.se211819@gmail.com,K21,BIT_IS_K21B,4,2026_Fall,63
SE211820,Trần Tuấn Kiệt,ojt.synthetic.se211820@gmail.com,K21,BIT_IS_K21C,4,2026_Fall,57
SE211821,Vũ Quốc Bảo,ojt.synthetic.se211821@gmail.com,K21,BIT_IS_K21D-22A,4,2026_Fall,66
SE211822,Bùi Quang Huy,ojt.synthetic.se211822@gmail.com,K21,BIT_IS_K21A,4,2026_Fall,66
SE211823,Võ Minh Anh,ojt.synthetic.se211823@gmail.com,K21,BIT_IS_K21B,4,2026_Fall,66
SE211824,Huỳnh Phương Thảo,ojt.synthetic.se211824@gmail.com,K21,BIT_IS_K21C,4,2026_Fall,57
SE211825,Vũ Đức Minh,ojt.synthetic.se211825@gmail.com,K21,BIT_IS_K21D-22A,4,2026_Fall,69
SE211826,Lê Bảo Ngọc,ojt.synthetic.se211826@gmail.com,K21,BIT_IS_K21A,4,2026_Fall,51
SE211827,Đỗ Trung Hiếu,ojt.synthetic.se211827@gmail.com,K21,BIT_IS_K21B,4,2026_Fall,66
SE211828,Nguyễn Trung Hiếu,ojt.synthetic.se211828@gmail.com,K21,BIT_IS_K21C,4,2026_Fall,63
SE211829,Nguyễn Hoàng Duy,ojt.synthetic.se211829@gmail.com,K21,BIT_IS_K21D-22A,4,2026_Fall,63
SE211830,Lê Hoàng Duy,ojt.synthetic.se211830@gmail.com,K21,BIT_IS_K21A,4,2026_Fall,57
SE211831,Huỳnh Phương Thảo,ojt.synthetic.se211831@gmail.com,K21,BIT_IS_K21B,4,2026_Fall,63
SE211832,Vũ Phương Thảo,ojt.synthetic.se211832@gmail.com,K21,BIT_IS_K21C,4,2026_Fall,54
SE211833,Vũ Đức Minh,ojt.synthetic.se211833@gmail.com,K21,BIT_IS_K21D-22A,4,2026_Fall,60
SE211834,Lê Đức Minh,ojt.synthetic.se211834@gmail.com,K21,BIT_IS_K21A,4,2026_Fall,54
SE211835,Hoàng Ngọc Mai,ojt.synthetic.se211835@gmail.com,K21,BIT_IS_K21B,4,2026_Fall,60
SE211836,Bùi Minh Anh,ojt.synthetic.se211836@gmail.com,K21,BIT_IS_K21C,4,2026_Fall,51
SE211837,Võ Minh Anh,ojt.synthetic.se211837@gmail.com,K21,BIT_IS_K21D-22A,4,2026_Fall,57
SE211838,Phạm Hoàng Duy,ojt.synthetic.se211838@gmail.com,K21,BIT_IS_K21A,4,2026_Fall,66
SE211839,Lê Minh Quân,ojt.synthetic.se211839@gmail.com,K21,BIT_IS_K21B,4,2026_Fall,57
SE211840,Bùi Phương Thảo,ojt.synthetic.se211840@gmail.com,K21,BIT_IS_K21C,4,2026_Fall,54
SE211841,Võ Bảo Ngọc,ojt.synthetic.se211841@gmail.com,K21,BIT_IS_K21D-22A,4,2026_Fall,69
SE211842,Bùi Tuấn Kiệt,ojt.synthetic.se211842@gmail.com,K21,BIT_IS_K21A,4,2026_Fall,54
SE211843,Phan Minh Anh,ojt.synthetic.se211843@gmail.com,K21,BIT_IS_K21B,4,2026_Fall,63
SE211844,Phan Bảo Ngọc,ojt.synthetic.se211844@gmail.com,K21,BIT_IS_K21C,4,2026_Fall,66
SE211845,Lê Phương Thảo,ojt.synthetic.se211845@gmail.com,K21,BIT_IS_K21D-22A,4,2026_Fall,63
SE211846,Hoàng Thanh Tâm,ojt.synthetic.se211846@gmail.com,K21,BIT_IS_K21A,4,2026_Fall,54
SE211847,Huỳnh Gia Hân,ojt.synthetic.se211847@gmail.com,K21,BIT_IS_K21B,4,2026_Fall,60
SE211848,Nguyễn Hải Nam,ojt.synthetic.se211848@gmail.com,K21,BIT_IS_K21C,4,2026_Fall,66
SE211849,Lê Hoàng Duy,ojt.synthetic.se211849@gmail.com,K21,BIT_IS_K21D-22A,4,2026_Fall,69
SE211850,Võ Đức Minh,ojt.synthetic.se211850@gmail.com,K21,BIT_IS_K21A,4,2026_Fall,66
SE211851,Phạm Phương Thảo,ojt.synthetic.se211851@gmail.com,K21,BIT_IS_K21B,4,2026_Fall,66
SE211852,Hoàng Hải Nam,ojt.synthetic.se211852@gmail.com,K21,BIT_IS_K21C,4,2026_Fall,63
SE211853,Nguyễn Hải Nam,ojt.synthetic.se211853@gmail.com,K21,BIT_IS_K21D-22A,4,2026_Fall,63
SE211854,Lê Trung Hiếu,ojt.synthetic.se211854@gmail.com,K21,BIT_IS_K21A,4,2026_Fall,63
SE211855,Đỗ Gia Hân,ojt.synthetic.se211855@gmail.com,K21,BIT_IS_K21B,4,2026_Fall,60
SE211856,Nguyễn Quốc Bảo,ojt.synthetic.se211856@gmail.com,K21,BIT_IS_K21C,4,2026_Fall,51
SE211857,Đặng Phương Thảo,ojt.synthetic.se211857@gmail.com,K21,BIT_IS_K21D-22A,4,2026_Fall,69
SE211858,Phan Đức Minh,ojt.synthetic.se211858@gmail.com,K21,BIT_IS_K21A,4,2026_Fall,66
SE211859,Phan Anh Tuấn,ojt.synthetic.se211859@gmail.com,K21,BIT_IS_K21B,4,2026_Fall,66
SE211860,Võ Thanh Tâm,ojt.synthetic.se211860@gmail.com,K21,BIT_IS_K21C,4,2026_Fall,60
SE211861,Phạm Quang Huy,ojt.synthetic.se211861@gmail.com,K21,BIT_IS_K21D-22A,4,2026_Fall,69
SE211862,Hoàng Gia Hân,ojt.synthetic.se211862@gmail.com,K21,BIT_IS_K21A,4,2026_Fall,57
SE211863,Phan Quang Huy,ojt.synthetic.se211863@gmail.com,K21,BIT_IS_K21B,4,2026_Fall,57
SE211864,Đỗ Đức Minh,ojt.synthetic.se211864@gmail.com,K21,BIT_IS_K21C,4,2026_Fall,63
SE211865,Hoàng Trung Hiếu,ojt.synthetic.se211865@gmail.com,K21,BIT_IS_K21D-22A,4,2026_Fall,63
SE211866,Trần Quốc Bảo,ojt.synthetic.se211866@gmail.com,K21,BIT_IS_K21A,4,2026_Fall,63
SE211867,Vũ Hoàng Duy,ojt.synthetic.se211867@gmail.com,K21,BIT_IS_K21B,4,2026_Fall,51
SE211868,Phạm Tuấn Kiệt,ojt.synthetic.se211868@gmail.com,K21,BIT_IS_K21C,4,2026_Fall,57
SE211869,Lê Phương Thảo,ojt.synthetic.se211869@gmail.com,K21,BIT_IS_K21D-22A,4,2026_Fall,69
SE211870,Đỗ Phương Thảo,ojt.synthetic.se211870@gmail.com,K21,BIT_IS_K21A,4,2026_Fall,60
SE211871,Bùi Trung Hiếu,ojt.synthetic.se211871@gmail.com,K21,BIT_IS_K21B,4,2026_Fall,51
SE211872,Trần Ngọc Mai,ojt.synthetic.se211872@gmail.com,K21,BIT_IS_K21C,4,2026_Fall,66
SE211873,Hoàng Bảo Ngọc,ojt.synthetic.se211873@gmail.com,K21,BIT_IS_K21D-22A,4,2026_Fall,66
SE211874,Võ Hải Nam,ojt.synthetic.se211874@gmail.com,K21,BIT_IS_K21A,4,2026_Fall,66
SE211875,Trần Phương Thảo,ojt.synthetic.se211875@gmail.com,K21,BIT_IS_K21B,4,2026_Fall,66
SE211876,Đặng Hoàng Duy,ojt.synthetic.se211876@gmail.com,K21,BIT_IS_K21C,4,2026_Fall,60
SE211877,Võ Hải Nam,ojt.synthetic.se211877@gmail.com,K21,BIT_IS_K21D-22A,4,2026_Fall,69
SE211878,Đặng Minh Anh,ojt.synthetic.se211878@gmail.com,K21,BIT_IS_K21A,4,2026_Fall,57
SE211879,Đặng Minh Anh,ojt.synthetic.se211879@gmail.com,K21,BIT_IS_K21B,4,2026_Fall,57
SE211880,Đỗ Gia Hân,ojt.synthetic.se211880@gmail.com,K21,BIT_IS_K21C,4,2026_Fall,54
SE211881,Hoàng Minh Quân,ojt.synthetic.se211881@gmail.com,K21,BIT_IS_K21D-22A,4,2026_Fall,57
SE211882,Phan Quốc Bảo,ojt.synthetic.se211882@gmail.com,K21,BIT_IS_K21A,4,2026_Fall,66
SE211883,Hoàng Gia Hân,ojt.synthetic.se211883@gmail.com,K21,BIT_IS_K21B,4,2026_Fall,66
SE211884,Huỳnh Anh Tuấn,ojt.synthetic.se211884@gmail.com,K21,BIT_IS_K21C,4,2026_Fall,63
SE211885,Lê Ngọc Mai,ojt.synthetic.se211885@gmail.com,K21,BIT_IS_K21D-22A,4,2026_Fall,63
SE211886,Võ Gia Hân,ojt.synthetic.se211886@gmail.com,K21,BIT_IS_K21A,4,2026_Fall,66
SE211887,Lê Đức Minh,ojt.synthetic.se211887@gmail.com,K21,BIT_IS_K21B,4,2026_Fall,63
SE211888,Phạm Gia Hân,ojt.synthetic.se211888@gmail.com,K21,BIT_IS_K21C,4,2026_Fall,66
SE211889,Trần Quốc Bảo,ojt.synthetic.se211889@gmail.com,K21,BIT_IS_K21D-22A,4,2026_Fall,63
SE211890,Phạm Khánh Linh,ojt.synthetic.se211890@gmail.com,K21,BIT_IS_K21A,4,2026_Fall,60
SE211891,Phan Hải Nam,ojt.synthetic.se211891@gmail.com,K21,BIT_IS_K21B,4,2026_Fall,63
SE211892,Phan Đức Minh,ojt.synthetic.se211892@gmail.com,K21,BIT_IS_K21C,4,2026_Fall,63
SE211893,Phạm Minh Quân,ojt.synthetic.se211893@gmail.com,K21,BIT_IS_K21D-22A,4,2026_Fall,57
SE211894,Hoàng Đức Minh,ojt.synthetic.se211894@gmail.com,K21,BIT_IS_K21A,4,2026_Fall,57
SE211895,Võ Trung Hiếu,ojt.synthetic.se211895@gmail.com,K21,BIT_IS_K21B,4,2026_Fall,66
SE211896,Nguyễn Bảo Ngọc,ojt.synthetic.se211896@gmail.com,K21,BIT_IS_K21C,4,2026_Fall,66
SE211897,Đặng Quốc Bảo,ojt.synthetic.se211897@gmail.com,K21,BIT_IS_K21D-22A,4,2026_Fall,57
SE211898,Võ Anh Tuấn,ojt.synthetic.se211898@gmail.com,K21,BIT_IS_K21A,4,2026_Fall,51
SE211899,Bùi Minh Anh,ojt.synthetic.se211899@gmail.com,K21,BIT_IS_K21B,4,2026_Fall,66
SE211900,Vũ Khánh Linh,ojt.synthetic.se211900@gmail.com,K21,BIT_IS_K21C,4,2026_Fall,60
SE211901,Đặng Quốc Bảo,ojt.synthetic.se211901@gmail.com,K21,BIT_IS_K21D-22A,4,2026_Fall,63
SE211902,Phan Quang Huy,ojt.synthetic.se211902@gmail.com,K21,BIT_IS_K21A,4,2026_Fall,51
SE211903,Lê Anh Tuấn,ojt.synthetic.se211903@gmail.com,K21,BIT_IS_K21B,4,2026_Fall,63
SE211904,Đặng Hải Nam,ojt.synthetic.se211904@gmail.com,K21,BIT_IS_K21C,4,2026_Fall,54
SE211905,Phan Ngọc Mai,ojt.synthetic.se211905@gmail.com,K21,BIT_IS_K21D-22A,4,2026_Fall,66
SE211906,Vũ Bảo Ngọc,ojt.synthetic.se211906@gmail.com,K21,BIT_IS_K21A,4,2026_Fall,57
SE211907,Vũ Quốc Bảo,ojt.synthetic.se211907@gmail.com,K21,BIT_IS_K21B,4,2026_Fall,66
SE211908,Nguyễn Hải Nam,ojt.synthetic.se211908@gmail.com,K21,BIT_IS_K21C,4,2026_Fall,63
SE211909,Nguyễn Quang Huy,ojt.synthetic.se211909@gmail.com,K21,BIT_IS_K21D-22A,4,2026_Fall,57
SE211910,Phan Anh Tuấn,ojt.synthetic.se211910@gmail.com,K21,BIT_IS_K21A,4,2026_Fall,60
SE211911,Vũ Minh Quân,ojt.synthetic.se211911@gmail.com,K21,BIT_IS_K21B,4,2026_Fall,63
SE211912,Vũ Bảo Ngọc,ojt.synthetic.se211912@gmail.com,K21,BIT_IS_K21C,4,2026_Fall,60
SE211913,Trần Gia Hân,ojt.synthetic.se211913@gmail.com,K21,BIT_IS_K21D-22A,4,2026_Fall,69
SE211914,Phan Quang Huy,ojt.synthetic.se211914@gmail.com,K21,BIT_IS_K21A,4,2026_Fall,66
SE211915,Vũ Minh Anh,ojt.synthetic.se211915@gmail.com,K21,BIT_IS_K21B,4,2026_Fall,66
SE211916,Lê Hoàng Duy,ojt.synthetic.se211916@gmail.com,K21,BIT_IS_K21C,4,2026_Fall,66
SE211917,Võ Gia Hân,ojt.synthetic.se211917@gmail.com,K21,BIT_IS_K21D-22A,4,2026_Fall,57
SE211918,Hoàng Minh Anh,ojt.synthetic.se211918@gmail.com,K21,BIT_IS_K21A,4,2026_Fall,60
SE211919,Hoàng Anh Tuấn,ojt.synthetic.se211919@gmail.com,K21,BIT_IS_K21B,4,2026_Fall,66
SE211920,Vũ Hải Nam,ojt.synthetic.se211920@gmail.com,K21,BIT_IS_K21C,4,2026_Fall,60
SE211921,Phan Thanh Tâm,ojt.synthetic.se211921@gmail.com,K21,BIT_IS_K21D-22A,4,2026_Fall,69
SE211922,Trần Gia Hân,ojt.synthetic.se211922@gmail.com,K21,BIT_IS_K21A,4,2026_Fall,66
SE211923,Hoàng Ngọc Mai,ojt.synthetic.se211923@gmail.com,K21,BIT_IS_K21B,4,2026_Fall,63
SE211924,Đặng Bảo Ngọc,ojt.synthetic.se211924@gmail.com,K21,BIT_IS_K21C,4,2026_Fall,66
SE211925,Phan Quốc Bảo,ojt.synthetic.se211925@gmail.com,K21,BIT_IS_K21D-22A,4,2026_Fall,57
SE211926,Đặng Đức Minh,ojt.synthetic.se211926@gmail.com,K21,BIT_IS_K21A,4,2026_Fall,54
SE211927,Vũ Quang Huy,ojt.synthetic.se211927@gmail.com,K21,BIT_IS_K21B,4,2026_Fall,63
SE211928,Đặng Quang Huy,ojt.synthetic.se211928@gmail.com,K21,BIT_IS_K21C,4,2026_Fall,66
SE211929,Bùi Gia Hân,ojt.synthetic.se211929@gmail.com,K21,BIT_IS_K21D-22A,4,2026_Fall,63
SE211930,Nguyễn Gia Hân,ojt.synthetic.se211930@gmail.com,K21,BIT_IS_K21A,4,2026_Fall,66
SE211931,Vũ Hải Nam,ojt.synthetic.se211931@gmail.com,K21,BIT_IS_K21B,4,2026_Fall,60
SE211932,Hoàng Tuấn Kiệt,ojt.synthetic.se211932@gmail.com,K21,BIT_IS_K21C,4,2026_Fall,57
SE211933,Đặng Bảo Ngọc,ojt.synthetic.se211933@gmail.com,K21,BIT_IS_K21D-22A,4,2026_Fall,69
SE211934,Đặng Quang Huy,ojt.synthetic.se211934@gmail.com,K21,BIT_IS_K21A,4,2026_Fall,54
SE211935,Huỳnh Tuấn Kiệt,ojt.synthetic.se211935@gmail.com,K21,BIT_IS_K21B,4,2026_Fall,66
SE211936,Lê Quang Huy,ojt.synthetic.se211936@gmail.com,K21,BIT_IS_K21C,4,2026_Fall,54
SE211937,Đỗ Minh Quân,ojt.synthetic.se211937@gmail.com,K21,BIT_IS_K21D-22A,4,2026_Fall,66
SE211938,Lê Tuấn Kiệt,ojt.synthetic.se211938@gmail.com,K21,BIT_IS_K21A,4,2026_Fall,54
SE211939,Phạm Anh Tuấn,ojt.synthetic.se211939@gmail.com,K21,BIT_IS_K21B,4,2026_Fall,63
SE211940,Phan Trung Hiếu,ojt.synthetic.se211940@gmail.com,K21,BIT_IS_K21C,4,2026_Fall,60
SE211941,Phạm Khánh Linh,ojt.synthetic.se211941@gmail.com,K21,BIT_IS_K21D-22A,4,2026_Fall,69
SE211942,Vũ Quốc Bảo,ojt.synthetic.se211942@gmail.com,K21,BIT_IS_K21A,4,2026_Fall,54
SE211943,Phan Quốc Bảo,ojt.synthetic.se211943@gmail.com,K21,BIT_IS_K21B,4,2026_Fall,60
SE211944,Trần Tuấn Kiệt,ojt.synthetic.se211944@gmail.com,K21,BIT_IS_K21C,4,2026_Fall,57
SE211945,Vũ Quang Huy,ojt.synthetic.se211945@gmail.com,K21,BIT_IS_K21D-22A,4,2026_Fall,69
SE211946,Huỳnh Khánh Linh,ojt.synthetic.se211946@gmail.com,K21,BIT_IS_K21A,4,2026_Fall,57
SE211947,Võ Thanh Tâm,ojt.synthetic.se211947@gmail.com,K21,BIT_IS_K21B,4,2026_Fall,63
SE211948,Vũ Minh Anh,ojt.synthetic.se211948@gmail.com,K21,BIT_IS_K21C,4,2026_Fall,57
SE211949,Huỳnh Hải Nam,ojt.synthetic.se211949@gmail.com,K21,BIT_IS_K21D-22A,4,2026_Fall,66
SE211950,Lê Quốc Bảo,ojt.synthetic.se211950@gmail.com,K21,BIT_IS_K21A,4,2026_Fall,63
SE211951,Hoàng Trung Hiếu,ojt.synthetic.se211951@gmail.com,K21,BIT_IS_K21B,4,2026_Fall,51
SE211952,Đặng Bảo Ngọc,ojt.synthetic.se211952@gmail.com,K21,BIT_IS_K21C,4,2026_Fall,60
SE211953,Phan Ngọc Mai,ojt.synthetic.se211953@gmail.com,K21,BIT_IS_K21D-22A,4,2026_Fall,57
SE211954,Võ Thanh Tâm,ojt.synthetic.se211954@gmail.com,K21,BIT_IS_K21A,4,2026_Fall,54
SE211955,Bùi Quang Huy,ojt.synthetic.se211955@gmail.com,K21,BIT_IS_K21B,4,2026_Fall,57
SE211956,Huỳnh Minh Quân,ojt.synthetic.se211956@gmail.com,K21,BIT_IS_K21C,4,2026_Fall,63
SE211957,Vũ Quang Huy,ojt.synthetic.se211957@gmail.com,K21,BIT_IS_K21D-22A,4,2026_Fall,57
SE211958,Bùi Quang Huy,ojt.synthetic.se211958@gmail.com,K21,BIT_IS_K21A,4,2026_Fall,60
SE211959,Võ Thanh Tâm,ojt.synthetic.se211959@gmail.com,K21,BIT_IS_K21B,4,2026_Fall,66
SE211960,Nguyễn Hoàng Duy,ojt.synthetic.se211960@gmail.com,K21,BIT_IS_K21C,4,2026_Fall,57
SE211961,Huỳnh Khánh Linh,ojt.synthetic.se211961@gmail.com,K21,BIT_IS_K21D-22A,4,2026_Fall,63
SE211962,Bùi Phương Thảo,ojt.synthetic.se211962@gmail.com,K21,BIT_IS_K21A,4,2026_Fall,54
SE211963,Vũ Phương Thảo,ojt.synthetic.se211963@gmail.com,K21,BIT_IS_K21B,4,2026_Fall,66
SE211964,Huỳnh Tuấn Kiệt,ojt.synthetic.se211964@gmail.com,K21,BIT_IS_K21C,4,2026_Fall,66
SE211965,Nguyễn Tuấn Kiệt,ojt.synthetic.se211965@gmail.com,K21,BIT_IS_K21D-22A,4,2026_Fall,69
SE211966,Phan Anh Tuấn,ojt.synthetic.se211966@gmail.com,K21,BIT_IS_K21A,4,2026_Fall,57
SE211967,Đỗ Tuấn Kiệt,ojt.synthetic.se211967@gmail.com,K21,BIT_IS_K21B,4,2026_Fall,60
SE211968,Hoàng Minh Quân,ojt.synthetic.se211968@gmail.com,K21,BIT_IS_K21C,4,2026_Fall,60
SE211969,Bùi Hải Nam,ojt.synthetic.se211969@gmail.com,K21,BIT_IS_K21D-22A,4,2026_Fall,63
SE211970,Võ Hoàng Duy,ojt.synthetic.se211970@gmail.com,K21,BIT_IS_K21A,4,2026_Fall,66
SE211971,Lê Hải Nam,ojt.synthetic.se211971@gmail.com,K21,BIT_IS_K21B,4,2026_Fall,66
SE211972,Lê Gia Hân,ojt.synthetic.se211972@gmail.com,K21,BIT_IS_K21C,4,2026_Fall,63
SE211973,Võ Minh Anh,ojt.synthetic.se211973@gmail.com,K21,BIT_IS_K21D-22A,4,2026_Fall,69
SE211974,Đỗ Quang Huy,ojt.synthetic.se211974@gmail.com,K21,BIT_IS_K21A,4,2026_Fall,63
SE211975,Bùi Quốc Bảo,ojt.synthetic.se211975@gmail.com,K21,BIT_IS_K21B,4,2026_Fall,60
SE211976,Đỗ Quang Huy,ojt.synthetic.se211976@gmail.com,K21,BIT_IS_K21C,4,2026_Fall,66
SE211977,Phan Quốc Bảo,ojt.synthetic.se211977@gmail.com,K21,BIT_IS_K21D-22A,4,2026_Fall,69
SE211978,Nguyễn Quốc Bảo,ojt.synthetic.se211978@gmail.com,K21,BIT_IS_K21A,4,2026_Fall,51
SE211979,Võ Quốc Bảo,ojt.synthetic.se211979@gmail.com,K21,BIT_IS_K21B,4,2026_Fall,57
SE211980,Đặng Tuấn Kiệt,ojt.synthetic.se211980@gmail.com,K21,BIT_IS_K21C,4,2026_Fall,66
SE211981,Phạm Ngọc Mai,ojt.synthetic.se211981@gmail.com,K21,BIT_IS_K21D-22A,4,2026_Fall,66
SE211982,Hoàng Trung Hiếu,ojt.synthetic.se211982@gmail.com,K21,BIT_IS_K21A,4,2026_Fall,54
SE211983,Võ Quang Huy,ojt.synthetic.se211983@gmail.com,K21,BIT_IS_K21B,4,2026_Fall,66
SE211984,Võ Quang Huy,ojt.synthetic.se211984@gmail.com,K21,BIT_IS_K21C,4,2026_Fall,66
SE211985,Lê Minh Anh,ojt.synthetic.se211985@gmail.com,K21,BIT_IS_K21D-22A,4,2026_Fall,63
SE211986,Trần Bảo Ngọc,ojt.synthetic.se211986@gmail.com,K21,BIT_IS_K21A,4,2026_Fall,60
SE211987,Hoàng Tuấn Kiệt,ojt.synthetic.se211987@gmail.com,K21,BIT_IS_K21B,4,2026_Fall,51
SE211988,Phan Quốc Bảo,ojt.synthetic.se211988@gmail.com,K21,BIT_IS_K21C,4,2026_Fall,60
SE211989,Đỗ Hoàng Duy,ojt.synthetic.se211989@gmail.com,K21,BIT_IS_K21D-22A,4,2026_Fall,69
SE211990,Phan Hải Nam,ojt.synthetic.se211990@gmail.com,K21,BIT_IS_K21A,4,2026_Fall,63
SE211991,Phan Tuấn Kiệt,ojt.synthetic.se211991@gmail.com,K21,BIT_IS_K21B,4,2026_Fall,63
SE211992,Đặng Minh Quân,ojt.synthetic.se211992@gmail.com,K21,BIT_IS_K21C,4,2026_Fall,66
SE211993,Trần Hải Nam,ojt.synthetic.se211993@gmail.com,K21,BIT_IS_K21D-22A,4,2026_Fall,63
SE211994,Hoàng Gia Hân,ojt.synthetic.se211994@gmail.com,K21,BIT_IS_K21A,4,2026_Fall,63
SE211995,Nguyễn Ngọc Mai,ojt.synthetic.se211995@gmail.com,K21,BIT_IS_K21B,4,2026_Fall,66
SE211996,Lê Quang Huy,ojt.synthetic.se211996@gmail.com,K21,BIT_IS_K21C,4,2026_Fall,60
SE211997,Nguyễn Minh Quân,ojt.synthetic.se211997@gmail.com,K21,BIT_IS_K21D-22A,4,2026_Fall,60
SE211998,Phạm Đức Minh,ojt.synthetic.se211998@gmail.com,K21,BIT_IS_K21A,4,2026_Fall,60
SE211999,Vũ Phương Thảo,ojt.synthetic.se211999@gmail.com,K21,BIT_IS_K21B,4,2026_Fall,66
