student_id,academic_term,semester_number,course_id,credits_to_gain,plan_source
SE190000,2027_Spring,5,IS_COM*1,3,CURRICULUM_ASSUMPTION
SE190000,2027_Spring,5,ISM302,3,CURRICULUM_ASSUMPTION
SE190000,2027_Spring,5,ISP392,3,CURRICULUM_ASSUMPTION
SE190000,2027_Spring,5,ITA301,3,CURRICULUM_ASSUMPTION
SE190000,2027_Spring,5,ITE302c,3,CURRICULUM_ASSUMPTION
SE190001,2027_Spring,5,IS_COM*1,3,CURRICULUM_ASSUMPTION
SE190001,2027_Spring,5,ISM302,3,CURRICULUM_ASSUMPTION
SE190001,2027_Spring,5,ISP392,3,CURRICULUM_ASSUMPTION
SE190001,2027_Spring,5,ITA301,3,CURRICULUM_ASSUMPTION
SE190001,2027_Spring,5,ITE302c,3,CURRICULUM_ASSUMPTION
SE190002,2027_Spring,5,IS_COM*1,3,CURRICULUM_ASSUMPTION
SE190002,2027_Spring,5,ISM302,3,CURRICULUM_ASSUMPTION
SE190002,2027_Spring,5,ISP392,3,CURRICULUM_ASSUMPTION
SE190002,2027_Spring,5,ITA301,3,CURRICULUM_ASSUMPTION
SE190002,2027_Spring,5,ITE302c,3,CURRICULUM_ASSUMPTION
SE190003,2027_Spring,5,IS_COM*1,3,CURRICULUM_ASSUMPTION
SE190003,2027_Spring,5,ISM302,3,CURRICULUM_ASSUMPTION
SE190003,2027_Spring,5,ISP392,3,CURRICULUM_ASSUMPTION
SE190003,2027_Spring,5,ITA301,3,CURRICULUM_ASSUMPTION
SE190003,2027_Spring,5,ITE302c,3,CURRICULUM_ASSUMPTION
SE190004,2027_Spring,5,IS_COM*1,3,CURRICULUM_ASSUMPTION
SE190004,2027_Spring,5,ISM302,3,CURRICULUM_ASSUMPTION
SE190004,2027_Spring,5,ISP392,3,CURRICULUM_ASSUMPTION
SE190004,2027_Spring,5,ITA301,3,CURRICULUM_ASSUMPTION
SE190004,2027_Spring,5,ITE302c,3,CURRICULUM_ASSUMPTION
SE190005,2027_Spring,5,IS_COM*1,3,CURRICULUM_ASSUMPTION
SE190005,2027_Spring,5,ISM302,3,CURRICULUM_ASSUMPTION
SE190005,2027_Spring,5,ISP392,3,CURRICULUM_ASSUMPTION
SE190005,2027_Spring,5,ITA301,3,CURRICULUM_ASSUMPTION
SE190005,2027_Spring,5,ITE302c,3,CURRICULUM_ASSUMPTION
SE190006,2027_Spring,5,IS_COM*1,3,CURRICULUM_ASSUMPTION
SE190006,2027_Spring,5,ISM302,3,CURRICULUM_ASSUMPTION
SE190006,2027_Spring,5,ISP392,3,CURRICULUM_ASSUMPTION
SE190006,2027_Spring,5,ITA301,3,CURRICULUM_ASSUMPTION
SE190006,2027_Spring,5,ITE302c,3,CURRICULUM_ASSUMPTION
SE190007,2027_Spring,5,IS_COM*1,3,CURRICULUM_ASSUMPTION
SE190007,2027_Spring,5,ISM302,3,CURRICULUM_ASSUMPTION
SE190007,2027_Spring,5,ISP392,3,CURRICULUM_ASSUMPTION
SE190007,2027_Spring,5,ITA301,3,CURRICULUM_ASSUMPTION
SE190007,2027_Spring,5,ITE302c,3,CURRICULUM_ASSUMPTION
SE190008,2027_Spring,5,IS_COM*1,3,CURRICULUM_ASSUMPTION
SE190008,2027_Spring,5,ISM302,3,CURRICULUM_ASSUMPTION
SE190008,2027_Spring,5,ISP392,3,CURRICULUM_ASSUMPTION
SE190008,2027_Spring,5,ITA301,3,CURRICULUM_ASSUMPTION
SE190008,2027_Spring,5,ITE302c,3,CURRICULUM_ASSUMPTION
SE190009,2027_Spring,5,IS_COM*1,3,CURRICULUM_ASSUMPTION
SE190009,2027_Spring,5,ISM302,3,CURRICULUM_ASSUMPTION
SE190009,2027_Spring,5,ISP392,3,CURRICULUM_ASSUMPTION
SE190009,2027_Spring,5,ITA301,3,CURRICULUM_ASSUMPTION
SE190009,2027_Spring,5,ITE302c,3,CURRICULUM_ASSUMPTION
SE190010,2027_Spring,5,IS_COM*1,3,CURRICULUM_ASSUMPTION
SE190010,2027_Spring,5,ISM302,3,CURRICULUM_ASSUMPTION
SE190010,2027_Spring,5,ISP392,3,CURRICULUM_ASSUMPTION
SE190010,2027_Spring,5,ITA301,3,CURRICULUM_ASSUMPTION
SE190010,2027_Spring,5,ITE302c,3,CURRICULUM_ASSUMPTION
SE190011,2027_Spring,5,IS_COM*1,3,CURRICULUM_ASSUMPTION
SE190011,2027_Spring,5,ISM302,3,CURRICULUM_ASSUMPTION
SE190011,2027_Spring,5,ISP392,3,CURRICULUM_ASSUMPTION
SE190011,2027_Spring,5,ITA301,3,CURRICULUM_ASSUMPTION
SE190011,2027_Spring,5,ITE302c,3,CURRICULUM_ASSUMPTION
SE190012,2027_Spring,5,IS_COM*1,3,CURRICULUM_ASSUMPTION
SE190012,2027_Spring,5,ISM302,3,CURRICULUM_ASSUMPTION
SE190012,2027_Spring,5,ISP392,3,CURRICULUM_ASSUMPTION
SE190012,2027_Spring,5,ITA301,3,CURRICULUM_ASSUMPTION
SE190012,2027_Spring,5,ITE302c,3,CURRICULUM_ASSUMPTION
SE190013,2027_Spring,5,IS_COM*1,3,CURRICULUM_ASSUMPTION
SE190013,2027_Spring,5,ISM302,3,CURRICULUM_ASSUMPTION
SE190013,2027_Spring,5,ISP392,3,CURRICULUM_ASSUMPTION
SE190013,2027_Spring,5,ITA301,3,CURRICULUM_ASSUMPTION
SE190013,2027_Spring,5,ITE302c,3,CURRICULUM_ASSUMPTION
SE190014,2027_Spring,5,IS_COM*1,3,CURRICULUM_ASSUMPTION
SE190014,2027_Spring,5,ISM302,3,CURRICULUM_ASSUMPTION
SE190014,2027_Spring,5,ISP392,3,CURRICULUM_ASSUMPTION
SE190014,2027_Spring,5,ITA301,3,CURRICULUM_ASSUMPTION
SE190014,2027_Spring,5,ITE302c,3,CURRICULUM_ASSUMPTION
SE190015,2027_Spring,5,IS_COM*1,3,CURRICULUM_ASSUMPTION
SE190015,2027_Spring,5,ISM302,3,CURRICULUM_ASSUMPTION
SE190015,2027_Spring,5,ISP392,3,CURRICULUM_ASSUMPTION
SE190015,2027_Spring,5,ITA301,3,CURRICULUM_ASSUMPTION
SE190015,2027_Spring,5,ITE302c,3,CURRICULUM_ASSUMPTION
SE190016,2027_Spring,5,IS_COM*1,3,CURRICULUM_ASSUMPTION
SE190016,2027_Spring,5,ISM302,3,CURRICULUM_ASSUMPTION
SE190016,2027_Spring,5,ISP392,3,CURRICULUM_ASSUMPTION
SE190016,2027_Spring,5,ITA301,3,CURRICULUM_ASSUMPTION
SE190016,2027_Spring,5,ITE302c,3,CURRICULUM_ASSUMPTION
SE190017,2027_Spring,5,IS_COM*1,3,CURRICULUM_ASSUMPTION
SE190017,2027_Spring,5,ISM302,3,CURRICULUM_ASSUMPTION
SE190017,2027_Spring,5,ISP392,3,CURRICULUM_ASSUMPTION
SE190017,2027_Spring,5,ITA301,3,CURRICULUM_ASSUMPTION
SE190017,2027_Spring,5,ITE302c,3,CURRICULUM_ASSUMPTION
SE190018,2027_Spring,5,IS_COM*1,3,CURRICULUM_ASSUMPTION
SE190018,2027_Spring,5,ISM302,3,CURRICULUM_ASSUMPTION
SE190018,2027_Spring,5,ISP392,3,CURRICULUM_ASSUMPTION
SE190018,2027_Spring,5,ITA301,3,CURRICULUM_ASSUMPTION
SE190018,2027_Spring,5,ITE302c,3,CURRICULUM_ASSUMPTION
SE190019,2027_Spring,5,IS_COM*1,3,CURRICULUM_ASSUMPTION
SE190019,2027_Spring,5,ISM302,3,CURRICULUM_ASSUMPTION
SE190019,2027_Spring,5,ISP392,3,CURRICULUM_ASSUMPTION
SE190019,2027_Spring,5,ITA301,3,CURRICULUM_ASSUMPTION
SE190019,2027_Spring,5,ITE302c,3,CURRICULUM_ASSUMPTION
SE190020,2027_Spring,5,IS_COM*1,3,CURRICULUM_ASSUMPTION
SE190020,2027_Spring,5,ISM302,3,CURRICULUM_ASSUMPTION
SE190020,2027_Spring,5,ISP392,3,CURRICULUM_ASSUMPTION
SE190020,2027_Spring,5,ITA301,3,CURRICULUM_ASSUMPTION
SE190020,2027_Spring,5,ITE302c,3,CURRICULUM_ASSUMPTION
SE190021,2027_Spring,5,IS_COM*1,3,CURRICULUM_ASSUMPTION
SE190021,2027_Spring,5,ISM302,3,CURRICULUM_ASSUMPTION
SE190021,2027_Spring,5,ISP392,3,CURRICULUM_ASSUMPTION
SE190021,2027_Spring,5,ITA301,3,CURRICULUM_ASSUMPTION
SE190021,2027_Spring,5,ITE302c,3,CURRICULUM_ASSUMPTION
SE190022,2027_Spring,5,IS_COM*1,3,CURRICULUM_ASSUMPTION
SE190022,2027_Spring,5,ISM302,3,CURRICULUM_ASSUMPTION
SE190022,2027_Spring,5,ISP392,3,CURRICULUM_ASSUMPTION
SE190022,2027_Spring,5,ITA301,3,CURRICULUM_ASSUMPTION
SE190022,2027_Spring,5,ITE302c,3,CURRICULUM_ASSUMPTION
SE190023,2027_Spring,5,IS_COM*1,3,CURRICULUM_ASSUMPTION
SE190023,2027_Spring,5,ISM302,3,CURRICULUM_ASSUMPTION
SE190023,2027_Spring,5,ISP392,3,CURRICULUM_ASSUMPTION
SE190023,2027_Spring,5,ITA301,3,CURRICULUM_ASSUMPTION
SE190023,2027_Spring,5,ITE302c,3,CURRICULUM_ASSUMPTION
SE190024,2027_Spring,5,IS_COM*1,3,CURRICULUM_ASSUMPTION
SE190024,2027_Spring,5,ISM302,3,CURRICULUM_ASSUMPTION
SE190024,2027_Spring,5,ISP392,3,CURRICULUM_ASSUMPTION
SE190024,2027_Spring,5,ITA301,3,CURRICULUM_ASSUMPTION
SE190024,2027_Spring,5,ITE302c,3,CURRICULUM_ASSUMPTION
SE190025,2027_Spring,5,IS_COM*1,3,CURRICULUM_ASSUMPTION
SE190025,2027_Spring,5,ISM302,3,CURRICULUM_ASSUMPTION
SE190025,2027_Spring,5,ISP392,3,CURRICULUM_ASSUMPTION
SE190025,2027_Spring,5,ITA301,3,CURRICULUM_ASSUMPTION
SE190025,2027_Spring,5,ITE302c,3,CURRICULUM_ASSUMPTION
SE190026,2027_Spring,5,IS_COM*1,3,CURRICULUM_ASSUMPTION
SE190026,2027_Spring,5,ISM302,3,CURRICULUM_ASSUMPTION
SE190026,2027_Spring,5,ISP392,3,CURRICULUM_ASSUMPTION
SE190026,2027_Spring,5,ITA301,3,CURRICULUM_ASSUMPTION
SE190026,2027_Spring,5,ITE302c,3,CURRICULUM_ASSUMPTION
SE190027,2027_Spring,5,IS_COM*1,3,CURRICULUM_ASSUMPTION
SE190027,2027_Spring,5,ISM302,3,CURRICULUM_ASSUMPTION
SE190027,2027_Spring,5,ISP392,3,CURRICULUM_ASSUMPTION
SE190027,2027_Spring,5,ITA301,3,CURRICULUM_ASSUMPTION
SE190027,2027_Spring,5,ITE302c,3,CURRICULUM_ASSUMPTION
SE190028,2027_Spring,5,IS_COM*1,3,CURRICULUM_ASSUMPTION
SE190028,2027_Spring,5,ISM302,3,CURRICULUM_ASSUMPTION
SE190028,2027_Spring,5,ISP392,3,CURRICULUM_ASSUMPTION
SE190028,2027_Spring,5,ITA301,3,CURRICULUM_ASSUMPTION
SE190028,2027_Spring,5,ITE302c,3,CURRICULUM_ASSUMPTION
SE190029,2027_Spring,5,IS_COM*1,3,CURRICULUM_ASSUMPTION
SE190029,2027_Spring,5,ISM302,3,CURRICULUM_ASSUMPTION
SE190029,2027_Spring,5,ISP392,3,CURRICULUM_ASSUMPTION
SE190029,2027_Spring,5,ITA301,3,CURRICULUM_ASSUMPTION
SE190029,2027_Spring,5,ITE302c,3,CURRICULUM_ASSUMPTION
SE190030,2027_Spring,5,IS_COM*1,3,CURRICULUM_ASSUMPTION
SE190030,2027_Spring,5,ISM302,3,CURRICULUM_ASSUMPTION
SE190030,2027_Spring,5,ISP392,3,CURRICULUM_ASSUMPTION
SE190030,2027_Spring,5,ITA301,3,CURRICULUM_ASSUMPTION
SE190030,2027_Spring,5,ITE302c,3,CURRICULUM_ASSUMPTION
SE190031,2027_Spring,5,IS_COM*1,3,CURRICULUM_ASSUMPTION
SE190031,2027_Spring,5,ISM302,3,CURRICULUM_ASSUMPTION
SE190031,2027_Spring,5,ISP392,3,CURRICULUM_ASSUMPTION
SE190031,2027_Spring,5,ITA301,3,CURRICULUM_ASSUMPTION
SE190031,2027_Spring,5,ITE302c,3,CURRICULUM_ASSUMPTION
SE190032,2027_Spring,5,IS_COM*1,3,CURRICULUM_ASSUMPTION
SE190032,2027_Spring,5,ISM302,3,CURRICULUM_ASSUMPTION
SE190032,2027_Spring,5,ISP392,3,CURRICULUM_ASSUMPTION
SE190032,2027_Spring,5,ITA301,3,CURRICULUM_ASSUMPTION
SE190032,2027_Spring,5,ITE302c,3,CURRICULUM_ASSUMPTION
SE190033,2027_Spring,5,IS_COM*1,3,CURRICULUM_ASSUMPTION
SE190033,2027_Spring,5,ISM302,3,CURRICULUM_ASSUMPTION
SE190033,2027_Spring,5,ISP392,3,CURRICULUM_ASSUMPTION
SE190033,2027_Spring,5,ITA301,3,CURRICULUM_ASSUMPTION
SE190033,2027_Spring,5,ITE302c,3,CURRICULUM_ASSUMPTION
SE190034,2027_Spring,5,IS_COM*1,3,CURRICULUM_ASSUMPTION
SE190034,2027_Spring,5,ISM302,3,CURRICULUM_ASSUMPTION
SE190034,2027_Spring,5,ISP392,3,CURRICULUM_ASSUMPTION
SE190034,2027_Spring,5,ITA301,3,CURRICULUM_ASSUMPTION
SE190034,2027_Spring,5,ITE302c,3,CURRICULUM_ASSUMPTION
SE190035,2027_Spring,5,IS_COM*1,3,CURRICULUM_ASSUMPTION
SE190035,2027_Spring,5,ISM302,3,CURRICULUM_ASSUMPTION
SE190035,2027_Spring,5,ISP392,3,CURRICULUM_ASSUMPTION
SE190035,2027_Spring,5,ITA301,3,CURRICULUM_ASSUMPTION
SE190035,2027_Spring,5,ITE302c,3,CURRICULUM_ASSUMPTION
SE190036,2027_Spring,5,IS_COM*1,3,CURRICULUM_ASSUMPTION
SE190036,2027_Spring,5,ISM302,3,CURRICULUM_ASSUMPTION
SE190036,2027_Spring,5,ISP392,3,CURRICULUM_ASSUMPTION
SE190036,2027_Spring,5,ITA301,3,CURRICULUM_ASSUMPTION
SE190036,2027_Spring,5,ITE302c,3,CURRICULUM_ASSUMPTION
SE190037,2027_Spring,5,IS_COM*1,3,CURRICULUM_ASSUMPTION
SE190037,2027_Spring,5,ISM302,3,CURRICULUM_ASSUMPTION
SE190037,2027_Spring,5,ISP392,3,CURRICULUM_ASSUMPTION
SE190037,2027_Spring,5,ITA301,3,CURRICULUM_ASSUMPTION
SE190037,2027_Spring,5,ITE302c,3,CURRICULUM_ASSUMPTION
SE190038,2027_Spring,5,IS_COM*1,3,CURRICULUM_ASSUMPTION
SE190038,2027_Spring,5,ISM302,3,CURRICULUM_ASSUMPTION
SE190038,2027_Spring,5,ISP392,3,CURRICULUM_ASSUMPTION
SE190038,2027_Spring,5,ITA301,3,CURRICULUM_ASSUMPTION
SE190038,2027_Spring,5,ITE302c,3,CURRICULUM_ASSUMPTION
SE190039,2027_Spring,5,IS_COM*1,3,CURRICULUM_ASSUMPTION
SE190039,2027_Spring,5,ISM302,3,CURRICULUM_ASSUMPTION
SE190039,2027_Spring,5,ISP392,3,CURRICULUM_ASSUMPTION
SE190039,2027_Spring,5,ITA301,3,CURRICULUM_ASSUMPTION
SE190039,2027_Spring,5,ITE302c,3,CURRICULUM_ASSUMPTION
SE190040,2027_Spring,5,IS_COM*1,3,CURRICULUM_ASSUMPTION
SE190040,2027_Spring,5,ISM302,3,CURRICULUM_ASSUMPTION
SE190040,2027_Spring,5,ISP392,3,CURRICULUM_ASSUMPTION
SE190040,2027_Spring,5,ITA301,3,CURRICULUM_ASSUMPTION
SE190040,2027_Spring,5,ITE302c,3,CURRICULUM_ASSUMPTION
SE190041,2027_Spring,5,IS_COM*1,3,CURRICULUM_ASSUMPTION
SE190041,2027_Spring,5,ISM302,3,CURRICULUM_ASSUMPTION
SE190041,2027_Spring,5,ISP392,3,CURRICULUM_ASSUMPTION
SE190041,2027_Spring,5,ITA301,3,CURRICULUM_ASSUMPTION
SE190041,2027_Spring,5,ITE302c,3,CURRICULUM_ASSUMPTION
SE190042,2027_Spring,5,IS_COM*1,3,CURRICULUM_ASSUMPTION
SE190042,2027_Spring,5,ISM302,3,CURRICULUM_ASSUMPTION
SE190042,2027_Spring,5,ISP392,3,CURRICULUM_ASSUMPTION
SE190042,2027_Spring,5,ITA301,3,CURRICULUM_ASSUMPTION
SE190042,2027_Spring,5,ITE302c,3,CURRICULUM_ASSUMPTION
SE190043,2027_Spring,5,IS_COM*1,3,CURRICULUM_ASSUMPTION
SE190043,2027_Spring,5,ISM302,3,CURRICULUM_ASSUMPTION
SE190043,2027_Spring,5,ISP392,3,CURRICULUM_ASSUMPTION
SE190043,2027_Spring,5,ITA301,3,CURRICULUM_ASSUMPTION
SE190043,2027_Spring,5,ITE302c,3,CURRICULUM_ASSUMPTION
SE190044,2027_Spring,5,IS_COM*1,3,CURRICULUM_ASSUMPTION
SE190044,2027_Spring,5,ISM302,3,CURRICULUM_ASSUMPTION
SE190044,2027_Spring,5,ISP392,3,CURRICULUM_ASSUMPTION
SE190044,2027_Spring,5,ITA301,3,CURRICULUM_ASSUMPTION
SE190044,2027_Spring,5,ITE302c,3,CURRICULUM_ASSUMPTION
SE190045,2027_Spring,5,IS_COM*1,3,CURRICULUM_ASSUMPTION
SE190045,2027_Spring,5,ISM302,3,CURRICULUM_ASSUMPTION
SE190045,2027_Spring,5,ISP392,3,CURRICULUM_ASSUMPTION
SE190045,2027_Spring,5,ITA301,3,CURRICULUM_ASSUMPTION
SE190045,2027_Spring,5,ITE302c,3,CURRICULUM_ASSUMPTION
SE190046,2027_Spring,5,IS_COM*1,3,CURRICULUM_ASSUMPTION
SE190046,2027_Spring,5,ISM302,3,CURRICULUM_ASSUMPTION
SE190046,2027_Spring,5,ISP392,3,CURRICULUM_ASSUMPTION
SE190046,2027_Spring,5,ITA301,3,CURRICULUM_ASSUMPTION
SE190046,2027_Spring,5,ITE302c,3,CURRICULUM_ASSUMPTION
SE190047,2027_Spring,5,IS_COM*1,3,CURRICULUM_ASSUMPTION
SE190047,2027_Spring,5,ISM302,3,CURRICULUM_ASSUMPTION
SE190047,2027_Spring,5,ISP392,3,CURRICULUM_ASSUMPTION
SE190047,2027_Spring,5,ITA301,3,CURRICULUM_ASSUMPTION
SE190047,2027_Spring,5,ITE302c,3,CURRICULUM_ASSUMPTION
SE190048,2027_Spring,5,IS_COM*1,3,CURRICULUM_ASSUMPTION
SE190048,2027_Spring,5,ISM302,3,CURRICULUM_ASSUMPTION
SE190048,2027_Spring,5,ISP392,3,CURRICULUM_ASSUMPTION
SE190048,2027_Spring,5,ITA301,3,CURRICULUM_ASSUMPTION
SE190048,2027_Spring,5,ITE302c,3,CURRICULUM_ASSUMPTION
SE190049,2027_Spring,5,IS_COM*1,3,CURRICULUM_ASSUMPTION
SE190049,2027_Spring,5,ISM302,3,CURRICULUM_ASSUMPTION
SE190049,2027_Spring,5,ISP392,3,CURRICULUM_ASSUMPTION
SE190049,2027_Spring,5,ITA301,3,CURRICULUM_ASSUMPTION
SE190049,2027_Spring,5,ITE302c,3,CURRICULUM_ASSUMPTION
SE190050,2027_Spring,5,IS_COM*1,3,CURRICULUM_ASSUMPTION
SE190050,2027_Spring,5,ISM302,3,CURRICULUM_ASSUMPTION
SE190050,2027_Spring,5,ISP392,3,CURRICULUM_ASSUMPTION
SE190050,2027_Spring,5,ITA301,3,CURRICULUM_ASSUMPTION
SE190050,2027_Spring,5,ITE302c,3,CURRICULUM_ASSUMPTION
SE190051,2027_Spring,5,IS_COM*1,3,CURRICULUM_ASSUMPTION
SE190051,2027_Spring,5,ISM302,3,CURRICULUM_ASSUMPTION
SE190051,2027_Spring,5,ISP392,3,CURRICULUM_ASSUMPTION
SE190051,2027_Spring,5,ITA301,3,CURRICULUM_ASSUMPTION
SE190051,2027_Spring,5,ITE302c,3,CURRICULUM_ASSUMPTION
SE190052,2027_Spring,5,IS_COM*1,3,CURRICULUM_ASSUMPTION
SE190052,2027_Spring,5,ISM302,3,CURRICULUM_ASSUMPTION
SE190052,2027_Spring,5,ISP392,3,CURRICULUM_ASSUMPTION
SE190052,2027_Spring,5,ITA301,3,CURRICULUM_ASSUMPTION
SE190052,2027_Spring,5,ITE302c,3,CURRICULUM_ASSUMPTION
SE190053,2027_Spring,5,IS_COM*1,3,CURRICULUM_ASSUMPTION
SE190053,2027_Spring,5,ISM302,3,CURRICULUM_ASSUMPTION
SE190053,2027_Spring,5,ISP392,3,CURRICULUM_ASSUMPTION
SE190053,2027_Spring,5,ITA301,3,CURRICULUM_ASSUMPTION
SE190053,2027_Spring,5,ITE302c,3,CURRICULUM_ASSUMPTION
SE190054,2027_Spring,5,IS_COM*1,3,CURRICULUM_ASSUMPTION
SE190054,2027_Spring,5,ISM302,3,CURRICULUM_ASSUMPTION
SE190054,2027_Spring,5,ISP392,3,CURRICULUM_ASSUMPTION
SE190054,2027_Spring,5,ITA301,3,CURRICULUM_ASSUMPTION
SE190054,2027_Spring,5,ITE302c,3,CURRICULUM_ASSUMPTION
SE190055,2027_Spring,5,IS_COM*1,3,CURRICULUM_ASSUMPTION
SE190055,2027_Spring,5,ISM302,3,CURRICULUM_ASSUMPTION
SE190055,2027_Spring,5,ISP392,3,CURRICULUM_ASSUMPTION
SE190055,2027_Spring,5,ITA301,3,CURRICULUM_ASSUMPTION
SE190055,2027_Spring,5,ITE302c,3,CURRICULUM_ASSUMPTION
SE190056,2027_Spring,5,IS_COM*1,3,CURRICULUM_ASSUMPTION
SE190056,2027_Spring,5,ISM302,3,CURRICULUM_ASSUMPTION
SE190056,2027_Spring,5,ISP392,3,CURRICULUM_ASSUMPTION
SE190056,2027_Spring,5,ITA301,3,CURRICULUM_ASSUMPTION
SE190056,2027_Spring,5,ITE302c,3,CURRICULUM_ASSUMPTION
SE190057,2027_Spring,5,IS_COM*1,3,CURRICULUM_ASSUMPTION
SE190057,2027_Spring,5,ISM302,3,CURRICULUM_ASSUMPTION
SE190057,2027_Spring,5,ISP392,3,CURRICULUM_ASSUMPTION
SE190057,2027_Spring,5,ITA301,3,CURRICULUM_ASSUMPTION
SE190057,2027_Spring,5,ITE302c,3,CURRICULUM_ASSUMPTION
SE190058,2027_Spring,5,IS_COM*1,3,CURRICULUM_ASSUMPTION
SE190058,2027_Spring,5,ISM302,3,CURRICULUM_ASSUMPTION
SE190058,2027_Spring,5,ISP392,3,CURRICULUM_ASSUMPTION
SE190058,2027_Spring,5,ITA301,3,CURRICULUM_ASSUMPTION
SE190058,2027_Spring,5,ITE302c,3,CURRICULUM_ASSUMPTION
SE190059,2027_Spring,5,IS_COM*1,3,CURRICULUM_ASSUMPTION
SE190059,2027_Spring,5,ISM302,3,CURRICULUM_ASSUMPTION
SE190059,2027_Spring,5,ISP392,3,CURRICULUM_ASSUMPTION
SE190059,2027_Spring,5,ITA301,3,CURRICULUM_ASSUMPTION
SE190059,2027_Spring,5,ITE302c,3,CURRICULUM_ASSUMPTION
SE190060,2027_Spring,5,IS_COM*1,3,CURRICULUM_ASSUMPTION
SE190060,2027_Spring,5,ISM302,3,CURRICULUM_ASSUMPTION
SE190060,2027_Spring,5,ISP392,3,CURRICULUM_ASSUMPTION
SE190060,2027_Spring,5,ITA301,3,CURRICULUM_ASSUMPTION
SE190060,2027_Spring,5,ITE302c,3,CURRICULUM_ASSUMPTION
SE190061,2027_Spring,5,IS_COM*1,3,CURRICULUM_ASSUMPTION
SE190061,2027_Spring,5,ISM302,3,CURRICULUM_ASSUMPTION
SE190061,2027_Spring,5,ISP392,3,CURRICULUM_ASSUMPTION
SE190061,2027_Spring,5,ITA301,3,CURRICULUM_ASSUMPTION
SE190061,2027_Spring,5,ITE302c,3,CURRICULUM_ASSUMPTION
SE190062,2027_Spring,5,IS_COM*1,3,CURRICULUM_ASSUMPTION
SE190062,2027_Spring,5,ISM302,3,CURRICULUM_ASSUMPTION
SE190062,2027_Spring,5,ISP392,3,CURRICULUM_ASSUMPTION
SE190062,2027_Spring,5,ITA301,3,CURRICULUM_ASSUMPTION
SE190062,2027_Spring,5,ITE302c,3,CURRICULUM_ASSUMPTION
SE190063,2027_Spring,5,IS_COM*1,3,CURRICULUM_ASSUMPTION
SE190063,2027_Spring,5,ISM302,3,CURRICULUM_ASSUMPTION
SE190063,2027_Spring,5,ISP392,3,CURRICULUM_ASSUMPTION
SE190063,2027_Spring,5,ITA301,3,CURRICULUM_ASSUMPTION
SE190063,2027_Spring,5,ITE302c,3,CURRICULUM_ASSUMPTION
SE190064,2027_Spring,5,IS_COM*1,3,CURRICULUM_ASSUMPTION
SE190064,2027_Spring,5,ISM302,3,CURRICULUM_ASSUMPTION
SE190064,2027_Spring,5,ISP392,3,CURRICULUM_ASSUMPTION
SE190064,2027_Spring,5,ITA301,3,CURRICULUM_ASSUMPTION
SE190064,2027_Spring,5,ITE302c,3,CURRICULUM_ASSUMPTION
SE190065,2027_Spring,5,IS_COM*1,3,CURRICULUM_ASSUMPTION
SE190065,2027_Spring,5,ISM302,3,CURRICULUM_ASSUMPTION
SE190065,2027_Spring,5,ISP392,3,CURRICULUM_ASSUMPTION
SE190065,2027_Spring,5,ITA301,3,CURRICULUM_ASSUMPTION
SE190065,2027_Spring,5,ITE302c,3,CURRICULUM_ASSUMPTION
SE190066,2027_Spring,5,IS_COM*1,3,CURRICULUM_ASSUMPTION
SE190066,2027_Spring,5,ISM302,3,CURRICULUM_ASSUMPTION
SE190066,2027_Spring,5,ISP392,3,CURRICULUM_ASSUMPTION
SE190066,2027_Spring,5,ITA301,3,CURRICULUM_ASSUMPTION
SE190066,2027_Spring,5,ITE302c,3,CURRICULUM_ASSUMPTION
SE190067,2027_Spring,5,IS_COM*1,3,CURRICULUM_ASSUMPTION
SE190067,2027_Spring,5,ISM302,3,CURRICULUM_ASSUMPTION
SE190067,2027_Spring,5,ISP392,3,CURRICULUM_ASSUMPTION
SE190067,2027_Spring,5,ITA301,3,CURRICULUM_ASSUMPTION
SE190067,2027_Spring,5,ITE302c,3,CURRICULUM_ASSUMPTION
SE190068,2027_Spring,5,IS_COM*1,3,CURRICULUM_ASSUMPTION
SE190068,2027_Spring,5,ISM302,3,CURRICULUM_ASSUMPTION
SE190068,2027_Spring,5,ISP392,3,CURRICULUM_ASSUMPTION
SE190068,2027_Spring,5,ITA301,3,CURRICULUM_ASSUMPTION
SE190068,2027_Spring,5,ITE302c,3,CURRICULUM_ASSUMPTION
SE190069,2027_Spring,5,IS_COM*1,3,CURRICULUM_ASSUMPTION
SE190069,2027_Spring,5,ISM302,3,CURRICULUM_ASSUMPTION
SE190069,2027_Spring,5,ISP392,3,CURRICULUM_ASSUMPTION
SE190069,2027_Spring,5,ITA301,3,CURRICULUM_ASSUMPTION
SE190069,2027_Spring,5,ITE302c,3,CURRICULUM_ASSUMPTION
SE190070,2027_Spring,5,IS_COM*1,3,CURRICULUM_ASSUMPTION
SE190070,2027_Spring,5,ISM302,3,CURRICULUM_ASSUMPTION
SE190070,2027_Spring,5,ISP392,3,CURRICULUM_ASSUMPTION
SE190070,2027_Spring,5,ITA301,3,CURRICULUM_ASSUMPTION
SE190070,2027_Spring,5,ITE302c,3,CURRICULUM_ASSUMPTION
SE190071,2027_Spring,5,IS_COM*1,3,CURRICULUM_ASSUMPTION
SE190071,2027_Spring,5,ISM302,3,CURRICULUM_ASSUMPTION
SE190071,2027_Spring,5,ISP392,3,CURRICULUM_ASSUMPTION
SE190071,2027_Spring,5,ITA301,3,CURRICULUM_ASSUMPTION
SE190071,2027_Spring,5,ITE302c,3,CURRICULUM_ASSUMPTION
SE190072,2027_Spring,5,IS_COM*1,3,CURRICULUM_ASSUMPTION
SE190072,2027_Spring,5,ISM302,3,CURRICULUM_ASSUMPTION
SE190072,2027_Spring,5,ISP392,3,CURRICULUM_ASSUMPTION
SE190072,2027_Spring,5,ITA301,3,CURRICULUM_ASSUMPTION
SE190072,2027_Spring,5,ITE302c,3,CURRICULUM_ASSUMPTION
SE190073,2027_Spring,5,IS_COM*1,3,CURRICULUM_ASSUMPTION
SE190073,2027_Spring,5,ISM302,3,CURRICULUM_ASSUMPTION
SE190073,2027_Spring,5,ISP392,3,CURRICULUM_ASSUMPTION
SE190073,2027_Spring,5,ITA301,3,CURRICULUM_ASSUMPTION
SE190073,2027_Spring,5,ITE302c,3,CURRICULUM_ASSUMPTION
SE190074,2027_Spring,5,IS_COM*1,3,CURRICULUM_ASSUMPTION
SE190074,2027_Spring,5,ISM302,3,CURRICULUM_ASSUMPTION
SE190074,2027_Spring,5,ISP392,3,CURRICULUM_ASSUMPTION
SE190074,2027_Spring,5,ITA301,3,CURRICULUM_ASSUMPTION
SE190074,2027_Spring,5,ITE302c,3,CURRICULUM_ASSUMPTION
SE190075,2027_Spring,5,IS_COM*1,3,CURRICULUM_ASSUMPTION
SE190075,2027_Spring,5,ISM302,3,CURRICULUM_ASSUMPTION
SE190075,2027_Spring,5,ISP392,3,CURRICULUM_ASSUMPTION
SE190075,2027_Spring,5,ITA301,3,CURRICULUM_ASSUMPTION
SE190075,2027_Spring,5,ITE302c,3,CURRICULUM_ASSUMPTION
SE190076,2027_Spring,5,IS_COM*1,3,CURRICULUM_ASSUMPTION
SE190076,2027_Spring,5,ISM302,3,CURRICULUM_ASSUMPTION
SE190076,2027_Spring,5,ISP392,3,CURRICULUM_ASSUMPTION
SE190076,2027_Spring,5,ITA301,3,CURRICULUM_ASSUMPTION
SE190076,2027_Spring,5,ITE302c,3,CURRICULUM_ASSUMPTION
SE190077,2027_Spring,5,IS_COM*1,3,CURRICULUM_ASSUMPTION
SE190077,2027_Spring,5,ISM302,3,CURRICULUM_ASSUMPTION
SE190077,2027_Spring,5,ISP392,3,CURRICULUM_ASSUMPTION
SE190077,2027_Spring,5,ITA301,3,CURRICULUM_ASSUMPTION
SE190077,2027_Spring,5,ITE302c,3,CURRICULUM_ASSUMPTION
SE190078,2027_Spring,5,IS_COM*1,3,CURRICULUM_ASSUMPTION
SE190078,2027_Spring,5,ISM302,3,CURRICULUM_ASSUMPTION
SE190078,2027_Spring,5,ISP392,3,CURRICULUM_ASSUMPTION
SE190078,2027_Spring,5,ITA301,3,CURRICULUM_ASSUMPTION
SE190078,2027_Spring,5,ITE302c,3,CURRICULUM_ASSUMPTION
SE190079,2027_Spring,5,IS_COM*1,3,CURRICULUM_ASSUMPTION
SE190079,2027_Spring,5,ISM302,3,CURRICULUM_ASSUMPTION
SE190079,2027_Spring,5,ISP392,3,CURRICULUM_ASSUMPTION
SE190079,2027_Spring,5,ITA301,3,CURRICULUM_ASSUMPTION
SE190079,2027_Spring,5,ITE302c,3,CURRICULUM_ASSUMPTION
SE190080,2027_Spring,5,IS_COM*1,3,CURRICULUM_ASSUMPTION
SE190080,2027_Spring,5,ISM302,3,CURRICULUM_ASSUMPTION
SE190080,2027_Spring,5,ISP392,3,CURRICULUM_ASSUMPTION
SE190080,2027_Spring,5,ITA301,3,CURRICULUM_ASSUMPTION
SE190080,2027_Spring,5,ITE302c,3,CURRICULUM_ASSUMPTION
SE190081,2027_Spring,5,IS_COM*1,3,CURRICULUM_ASSUMPTION
SE190081,2027_Spring,5,ISM302,3,CURRICULUM_ASSUMPTION
SE190081,2027_Spring,5,ISP392,3,CURRICULUM_ASSUMPTION
SE190081,2027_Spring,5,ITA301,3,CURRICULUM_ASSUMPTION
SE190081,2027_Spring,5,ITE302c,3,CURRICULUM_ASSUMPTION
SE190082,2027_Spring,5,IS_COM*1,3,CURRICULUM_ASSUMPTION
SE190082,2027_Spring,5,ISM302,3,CURRICULUM_ASSUMPTION
SE190082,2027_Spring,5,ISP392,3,CURRICULUM_ASSUMPTION
SE190082,2027_Spring,5,ITA301,3,CURRICULUM_ASSUMPTION
SE190082,2027_Spring,5,ITE302c,3,CURRICULUM_ASSUMPTION
SE190083,2027_Spring,5,IS_COM*1,3,CURRICULUM_ASSUMPTION
SE190083,2027_Spring,5,ISM302,3,CURRICULUM_ASSUMPTION
SE190083,2027_Spring,5,ISP392,3,CURRICULUM_ASSUMPTION
SE190083,2027_Spring,5,ITA301,3,CURRICULUM_ASSUMPTION
SE190083,2027_Spring,5,ITE302c,3,CURRICULUM_ASSUMPTION
SE190084,2027_Spring,5,IS_COM*1,3,CURRICULUM_ASSUMPTION
SE190084,2027_Spring,5,ISM302,3,CURRICULUM_ASSUMPTION
SE190084,2027_Spring,5,ISP392,3,CURRICULUM_ASSUMPTION
SE190084,2027_Spring,5,ITA301,3,CURRICULUM_ASSUMPTION
SE190084,2027_Spring,5,ITE302c,3,CURRICULUM_ASSUMPTION
SE190085,2027_Spring,5,IS_COM*1,3,CURRICULUM_ASSUMPTION
SE190085,2027_Spring,5,ISM302,3,CURRICULUM_ASSUMPTION
SE190085,2027_Spring,5,ISP392,3,CURRICULUM_ASSUMPTION
SE190085,2027_Spring,5,ITA301,3,CURRICULUM_ASSUMPTION
SE190085,2027_Spring,5,ITE302c,3,CURRICULUM_ASSUMPTION
SE190086,2027_Spring,5,IS_COM*1,3,CURRICULUM_ASSUMPTION
SE190086,2027_Spring,5,ISM302,3,CURRICULUM_ASSUMPTION
SE190086,2027_Spring,5,ISP392,3,CURRICULUM_ASSUMPTION
SE190086,2027_Spring,5,ITA301,3,CURRICULUM_ASSUMPTION
SE190086,2027_Spring,5,ITE302c,3,CURRICULUM_ASSUMPTION
SE190087,2027_Spring,5,IS_COM*1,3,CURRICULUM_ASSUMPTION
SE190087,2027_Spring,5,ISM302,3,CURRICULUM_ASSUMPTION
SE190087,2027_Spring,5,ISP392,3,CURRICULUM_ASSUMPTION
SE190087,2027_Spring,5,ITA301,3,CURRICULUM_ASSUMPTION
SE190087,2027_Spring,5,ITE302c,3,CURRICULUM_ASSUMPTION
SE190088,2027_Spring,5,IS_COM*1,3,CURRICULUM_ASSUMPTION
SE190088,2027_Spring,5,ISM302,3,CURRICULUM_ASSUMPTION
SE190088,2027_Spring,5,ISP392,3,CURRICULUM_ASSUMPTION
SE190088,2027_Spring,5,ITA301,3,CURRICULUM_ASSUMPTION
SE190088,2027_Spring,5,ITE302c,3,CURRICULUM_ASSUMPTION
SE190089,2027_Spring,5,IS_COM*1,3,CURRICULUM_ASSUMPTION
SE190089,2027_Spring,5,ISM302,3,CURRICULUM_ASSUMPTION
SE190089,2027_Spring,5,ISP392,3,CURRICULUM_ASSUMPTION
SE190089,2027_Spring,5,ITA301,3,CURRICULUM_ASSUMPTION
SE190089,2027_Spring,5,ITE302c,3,CURRICULUM_ASSUMPTION
SE190090,2027_Spring,5,IS_COM*1,3,CURRICULUM_ASSUMPTION
SE190090,2027_Spring,5,ISM302,3,CURRICULUM_ASSUMPTION
SE190090,2027_Spring,5,ISP392,3,CURRICULUM_ASSUMPTION
SE190090,2027_Spring,5,ITA301,3,CURRICULUM_ASSUMPTION
SE190090,2027_Spring,5,ITE302c,3,CURRICULUM_ASSUMPTION
SE190091,2027_Spring,5,IS_COM*1,3,CURRICULUM_ASSUMPTION
SE190091,2027_Spring,5,ISM302,3,CURRICULUM_ASSUMPTION
SE190091,2027_Spring,5,ISP392,3,CURRICULUM_ASSUMPTION
SE190091,2027_Spring,5,ITA301,3,CURRICULUM_ASSUMPTION
SE190091,2027_Spring,5,ITE302c,3,CURRICULUM_ASSUMPTION
SE190092,2027_Spring,5,IS_COM*1,3,CURRICULUM_ASSUMPTION
SE190092,2027_Spring,5,ISM302,3,CURRICULUM_ASSUMPTION
SE190092,2027_Spring,5,ISP392,3,CURRICULUM_ASSUMPTION
SE190092,2027_Spring,5,ITA301,3,CURRICULUM_ASSUMPTION
SE190092,2027_Spring,5,ITE302c,3,CURRICULUM_ASSUMPTION
SE190093,2027_Spring,5,IS_COM*1,3,CURRICULUM_ASSUMPTION
SE190093,2027_Spring,5,ISM302,3,CURRICULUM_ASSUMPTION
SE190093,2027_Spring,5,ISP392,3,CURRICULUM_ASSUMPTION
SE190093,2027_Spring,5,ITA301,3,CURRICULUM_ASSUMPTION
SE190093,2027_Spring,5,ITE302c,3,CURRICULUM_ASSUMPTION
SE190094,2027_Spring,5,IS_COM*1,3,CURRICULUM_ASSUMPTION
SE190094,2027_Spring,5,ISM302,3,CURRICULUM_ASSUMPTION
SE190094,2027_Spring,5,ISP392,3,CURRICULUM_ASSUMPTION
SE190094,2027_Spring,5,ITA301,3,CURRICULUM_ASSUMPTION
SE190094,2027_Spring,5,ITE302c,3,CURRICULUM_ASSUMPTION
SE190095,2027_Spring,5,IS_COM*1,3,CURRICULUM_ASSUMPTION
SE190095,2027_Spring,5,ISM302,3,CURRICULUM_ASSUMPTION
SE190095,2027_Spring,5,ISP392,3,CURRICULUM_ASSUMPTION
SE190095,2027_Spring,5,ITA301,3,CURRICULUM_ASSUMPTION
SE190095,2027_Spring,5,ITE302c,3,CURRICULUM_ASSUMPTION
SE190096,2027_Spring,5,IS_COM*1,3,CURRICULUM_ASSUMPTION
SE190096,2027_Spring,5,ISM302,3,CURRICULUM_ASSUMPTION
SE190096,2027_Spring,5,ISP392,3,CURRICULUM_ASSUMPTION
SE190096,2027_Spring,5,ITA301,3,CURRICULUM_ASSUMPTION
SE190096,2027_Spring,5,ITE302c,3,CURRICULUM_ASSUMPTION
SE190097,2027_Spring,5,IS_COM*1,3,CURRICULUM_ASSUMPTION
SE190097,2027_Spring,5,ISM302,3,CURRICULUM_ASSUMPTION
SE190097,2027_Spring,5,ISP392,3,CURRICULUM_ASSUMPTION
SE190097,2027_Spring,5,ITA301,3,CURRICULUM_ASSUMPTION
SE190097,2027_Spring,5,ITE302c,3,CURRICULUM_ASSUMPTION
SE190098,2027_Spring,5,IS_COM*1,3,CURRICULUM_ASSUMPTION
SE190098,2027_Spring,5,ISM302,3,CURRICULUM_ASSUMPTION
SE190098,2027_Spring,5,ISP392,3,CURRICULUM_ASSUMPTION
SE190098,2027_Spring,5,ITA301,3,CURRICULUM_ASSUMPTION
SE190098,2027_Spring,5,ITE302c,3,CURRICULUM_ASSUMPTION
SE190099,2027_Spring,5,IS_COM*1,3,CURRICULUM_ASSUMPTION
SE190099,2027_Spring,5,ISM302,3,CURRICULUM_ASSUMPTION
SE190099,2027_Spring,5,ISP392,3,CURRICULUM_ASSUMPTION
SE190099,2027_Spring,5,ITA301,3,CURRICULUM_ASSUMPTION
SE190099,2027_Spring,5,ITE302c,3,CURRICULUM_ASSUMPTION
SE190100,2027_Spring,5,IS_COM*1,3,CURRICULUM_ASSUMPTION
SE190100,2027_Spring,5,ISM302,3,CURRICULUM_ASSUMPTION
SE190100,2027_Spring,5,ISP392,3,CURRICULUM_ASSUMPTION
SE190100,2027_Spring,5,ITA301,3,CURRICULUM_ASSUMPTION
SE190100,2027_Spring,5,ITE302c,3,CURRICULUM_ASSUMPTION
SE190101,2027_Spring,5,IS_COM*1,3,CURRICULUM_ASSUMPTION
SE190101,2027_Spring,5,ISM302,3,CURRICULUM_ASSUMPTION
SE190101,2027_Spring,5,ISP392,3,CURRICULUM_ASSUMPTION
SE190101,2027_Spring,5,ITA301,3,CURRICULUM_ASSUMPTION
SE190101,2027_Spring,5,ITE302c,3,CURRICULUM_ASSUMPTION
SE190102,2027_Spring,5,IS_COM*1,3,CURRICULUM_ASSUMPTION
SE190102,2027_Spring,5,ISM302,3,CURRICULUM_ASSUMPTION
SE190102,2027_Spring,5,ISP392,3,CURRICULUM_ASSUMPTION
SE190102,2027_Spring,5,ITA301,3,CURRICULUM_ASSUMPTION
SE190102,2027_Spring,5,ITE302c,3,CURRICULUM_ASSUMPTION
SE190103,2027_Spring,5,IS_COM*1,3,CURRICULUM_ASSUMPTION
SE190103,2027_Spring,5,ISM302,3,CURRICULUM_ASSUMPTION
SE190103,2027_Spring,5,ISP392,3,CURRICULUM_ASSUMPTION
SE190103,2027_Spring,5,ITA301,3,CURRICULUM_ASSUMPTION
SE190103,2027_Spring,5,ITE302c,3,CURRICULUM_ASSUMPTION
SE190104,2027_Spring,5,IS_COM*1,3,CURRICULUM_ASSUMPTION
SE190104,2027_Spring,5,ISM302,3,CURRICULUM_ASSUMPTION
SE190104,2027_Spring,5,ISP392,3,CURRICULUM_ASSUMPTION
SE190104,2027_Spring,5,ITA301,3,CURRICULUM_ASSUMPTION
SE190104,2027_Spring,5,ITE302c,3,CURRICULUM_ASSUMPTION
SE190105,2027_Spring,5,IS_COM*1,3,CURRICULUM_ASSUMPTION
SE190105,2027_Spring,5,ISM302,3,CURRICULUM_ASSUMPTION
SE190105,2027_Spring,5,ISP392,3,CURRICULUM_ASSUMPTION
SE190105,2027_Spring,5,ITA301,3,CURRICULUM_ASSUMPTION
SE190105,2027_Spring,5,ITE302c,3,CURRICULUM_ASSUMPTION
SE190106,2027_Spring,5,IS_COM*1,3,CURRICULUM_ASSUMPTION
SE190106,2027_Spring,5,ISM302,3,CURRICULUM_ASSUMPTION
SE190106,2027_Spring,5,ISP392,3,CURRICULUM_ASSUMPTION
SE190106,2027_Spring,5,ITA301,3,CURRICULUM_ASSUMPTION
SE190106,2027_Spring,5,ITE302c,3,CURRICULUM_ASSUMPTION
SE190107,2027_Spring,5,IS_COM*1,3,CURRICULUM_ASSUMPTION
SE190107,2027_Spring,5,ISM302,3,CURRICULUM_ASSUMPTION
SE190107,2027_Spring,5,ISP392,3,CURRICULUM_ASSUMPTION
SE190107,2027_Spring,5,ITA301,3,CURRICULUM_ASSUMPTION
SE190107,2027_Spring,5,ITE302c,3,CURRICULUM_ASSUMPTION
SE190108,2027_Spring,5,IS_COM*1,3,CURRICULUM_ASSUMPTION
SE190108,2027_Spring,5,ISM302,3,CURRICULUM_ASSUMPTION
SE190108,2027_Spring,5,ISP392,3,CURRICULUM_ASSUMPTION
SE190108,2027_Spring,5,ITA301,3,CURRICULUM_ASSUMPTION
SE190108,2027_Spring,5,ITE302c,3,CURRICULUM_ASSUMPTION
SE190109,2027_Spring,5,IS_COM*1,3,CURRICULUM_ASSUMPTION
SE190109,2027_Spring,5,ISM302,3,CURRICULUM_ASSUMPTION
SE190109,2027_Spring,5,ISP392,3,CURRICULUM_ASSUMPTION
SE190109,2027_Spring,5,ITA301,3,CURRICULUM_ASSUMPTION
SE190109,2027_Spring,5,ITE302c,3,CURRICULUM_ASSUMPTION
SE190110,2027_Spring,5,IS_COM*1,3,CURRICULUM_ASSUMPTION
SE190110,2027_Spring,5,ISM302,3,CURRICULUM_ASSUMPTION
SE190110,2027_Spring,5,ISP392,3,CURRICULUM_ASSUMPTION
SE190110,2027_Spring,5,ITA301,3,CURRICULUM_ASSUMPTION
SE190110,2027_Spring,5,ITE302c,3,CURRICULUM_ASSUMPTION
SE190111,2027_Spring,5,IS_COM*1,3,CURRICULUM_ASSUMPTION
SE190111,2027_Spring,5,ISM302,3,CURRICULUM_ASSUMPTION
SE190111,2027_Spring,5,ISP392,3,CURRICULUM_ASSUMPTION
SE190111,2027_Spring,5,ITA301,3,CURRICULUM_ASSUMPTION
SE190111,2027_Spring,5,ITE302c,3,CURRICULUM_ASSUMPTION
SE190112,2027_Spring,5,IS_COM*1,3,CURRICULUM_ASSUMPTION
SE190112,2027_Spring,5,ISM302,3,CURRICULUM_ASSUMPTION
SE190112,2027_Spring,5,ISP392,3,CURRICULUM_ASSUMPTION
SE190112,2027_Spring,5,ITA301,3,CURRICULUM_ASSUMPTION
SE190112,2027_Spring,5,ITE302c,3,CURRICULUM_ASSUMPTION
SE190113,2027_Spring,5,IS_COM*1,3,CURRICULUM_ASSUMPTION
SE190113,2027_Spring,5,ISM302,3,CURRICULUM_ASSUMPTION
SE190113,2027_Spring,5,ISP392,3,CURRICULUM_ASSUMPTION
SE190113,2027_Spring,5,ITA301,3,CURRICULUM_ASSUMPTION
SE190113,2027_Spring,5,ITE302c,3,CURRICULUM_ASSUMPTION
SE190114,2027_Spring,5,IS_COM*1,3,CURRICULUM_ASSUMPTION
SE190114,2027_Spring,5,ISM302,3,CURRICULUM_ASSUMPTION
SE190114,2027_Spring,5,ISP392,3,CURRICULUM_ASSUMPTION
SE190114,2027_Spring,5,ITA301,3,CURRICULUM_ASSUMPTION
SE190114,2027_Spring,5,ITE302c,3,CURRICULUM_ASSUMPTION
SE190115,2027_Spring,5,IS_COM*1,3,CURRICULUM_ASSUMPTION
SE190115,2027_Spring,5,ISM302,3,CURRICULUM_ASSUMPTION
SE190115,2027_Spring,5,ISP392,3,CURRICULUM_ASSUMPTION
SE190115,2027_Spring,5,ITA301,3,CURRICULUM_ASSUMPTION
SE190115,2027_Spring,5,ITE302c,3,CURRICULUM_ASSUMPTION
SE190116,2027_Spring,5,IS_COM*1,3,CURRICULUM_ASSUMPTION
SE190116,2027_Spring,5,ISM302,3,CURRICULUM_ASSUMPTION
SE190116,2027_Spring,5,ISP392,3,CURRICULUM_ASSUMPTION
SE190116,2027_Spring,5,ITA301,3,CURRICULUM_ASSUMPTION
SE190116,2027_Spring,5,ITE302c,3,CURRICULUM_ASSUMPTION
SE190117,2027_Spring,5,IS_COM*1,3,CURRICULUM_ASSUMPTION
SE190117,2027_Spring,5,ISM302,3,CURRICULUM_ASSUMPTION
SE190117,2027_Spring,5,ISP392,3,CURRICULUM_ASSUMPTION
SE190117,2027_Spring,5,ITA301,3,CURRICULUM_ASSUMPTION
SE190117,2027_Spring,5,ITE302c,3,CURRICULUM_ASSUMPTION
SE190118,2027_Spring,5,IS_COM*1,3,CURRICULUM_ASSUMPTION
SE190118,2027_Spring,5,ISM302,3,CURRICULUM_ASSUMPTION
SE190118,2027_Spring,5,ISP392,3,CURRICULUM_ASSUMPTION
SE190118,2027_Spring,5,ITA301,3,CURRICULUM_ASSUMPTION
SE190118,2027_Spring,5,ITE302c,3,CURRICULUM_ASSUMPTION
SE190119,2027_Spring,5,IS_COM*1,3,CURRICULUM_ASSUMPTION
SE190119,2027_Spring,5,ISM302,3,CURRICULUM_ASSUMPTION
SE190119,2027_Spring,5,ISP392,3,CURRICULUM_ASSUMPTION
SE190119,2027_Spring,5,ITA301,3,CURRICULUM_ASSUMPTION
SE190119,2027_Spring,5,ITE302c,3,CURRICULUM_ASSUMPTION
SE190120,2027_Spring,5,IS_COM*1,3,CURRICULUM_ASSUMPTION
SE190120,2027_Spring,5,ISM302,3,CURRICULUM_ASSUMPTION
SE190120,2027_Spring,5,ISP392,3,CURRICULUM_ASSUMPTION
SE190120,2027_Spring,5,ITA301,3,CURRICULUM_ASSUMPTION
SE190120,2027_Spring,5,ITE302c,3,CURRICULUM_ASSUMPTION
SE190121,2027_Spring,5,IS_COM*1,3,CURRICULUM_ASSUMPTION
SE190121,2027_Spring,5,ISM302,3,CURRICULUM_ASSUMPTION
SE190121,2027_Spring,5,ISP392,3,CURRICULUM_ASSUMPTION
SE190121,2027_Spring,5,ITA301,3,CURRICULUM_ASSUMPTION
SE190121,2027_Spring,5,ITE302c,3,CURRICULUM_ASSUMPTION
SE190122,2027_Spring,5,IS_COM*1,3,CURRICULUM_ASSUMPTION
SE190122,2027_Spring,5,ISM302,3,CURRICULUM_ASSUMPTION
SE190122,2027_Spring,5,ISP392,3,CURRICULUM_ASSUMPTION
SE190122,2027_Spring,5,ITA301,3,CURRICULUM_ASSUMPTION
SE190122,2027_Spring,5,ITE302c,3,CURRICULUM_ASSUMPTION
SE190123,2027_Spring,5,IS_COM*1,3,CURRICULUM_ASSUMPTION
SE190123,2027_Spring,5,ISM302,3,CURRICULUM_ASSUMPTION
SE190123,2027_Spring,5,ISP392,3,CURRICULUM_ASSUMPTION
SE190123,2027_Spring,5,ITA301,3,CURRICULUM_ASSUMPTION
SE190123,2027_Spring,5,ITE302c,3,CURRICULUM_ASSUMPTION
SE190124,2027_Spring,5,IS_COM*1,3,CURRICULUM_ASSUMPTION
SE190124,2027_Spring,5,ISM302,3,CURRICULUM_ASSUMPTION
SE190124,2027_Spring,5,ISP392,3,CURRICULUM_ASSUMPTION
SE190124,2027_Spring,5,ITA301,3,CURRICULUM_ASSUMPTION
SE190124,2027_Spring,5,ITE302c,3,CURRICULUM_ASSUMPTION
SE190125,2027_Spring,5,IS_COM*1,3,CURRICULUM_ASSUMPTION
SE190125,2027_Spring,5,ISM302,3,CURRICULUM_ASSUMPTION
SE190125,2027_Spring,5,ISP392,3,CURRICULUM_ASSUMPTION
SE190125,2027_Spring,5,ITA301,3,CURRICULUM_ASSUMPTION
SE190125,2027_Spring,5,ITE302c,3,CURRICULUM_ASSUMPTION
SE190126,2027_Spring,5,IS_COM*1,3,CURRICULUM_ASSUMPTION
SE190126,2027_Spring,5,ISM302,3,CURRICULUM_ASSUMPTION
SE190126,2027_Spring,5,ISP392,3,CURRICULUM_ASSUMPTION
SE190126,2027_Spring,5,ITA301,3,CURRICULUM_ASSUMPTION
SE190126,2027_Spring,5,ITE302c,3,CURRICULUM_ASSUMPTION
SE190127,2027_Spring,5,IS_COM*1,3,CURRICULUM_ASSUMPTION
SE190127,2027_Spring,5,ISM302,3,CURRICULUM_ASSUMPTION
SE190127,2027_Spring,5,ISP392,3,CURRICULUM_ASSUMPTION
SE190127,2027_Spring,5,ITA301,3,CURRICULUM_ASSUMPTION
SE190127,2027_Spring,5,ITE302c,3,CURRICULUM_ASSUMPTION
SE190128,2027_Spring,5,IS_COM*1,3,CURRICULUM_ASSUMPTION
SE190128,2027_Spring,5,ISM302,3,CURRICULUM_ASSUMPTION
SE190128,2027_Spring,5,ISP392,3,CURRICULUM_ASSUMPTION
SE190128,2027_Spring,5,ITA301,3,CURRICULUM_ASSUMPTION
SE190128,2027_Spring,5,ITE302c,3,CURRICULUM_ASSUMPTION
SE190129,2027_Spring,5,IS_COM*1,3,CURRICULUM_ASSUMPTION
SE190129,2027_Spring,5,ISM302,3,CURRICULUM_ASSUMPTION
SE190129,2027_Spring,5,ISP392,3,CURRICULUM_ASSUMPTION
SE190129,2027_Spring,5,ITA301,3,CURRICULUM_ASSUMPTION
SE190129,2027_Spring,5,ITE302c,3,CURRICULUM_ASSUMPTION
SE190130,2027_Spring,5,IS_COM*1,3,CURRICULUM_ASSUMPTION
SE190130,2027_Spring,5,ISM302,3,CURRICULUM_ASSUMPTION
SE190130,2027_Spring,5,ISP392,3,CURRICULUM_ASSUMPTION
SE190130,2027_Spring,5,ITA301,3,CURRICULUM_ASSUMPTION
SE190130,2027_Spring,5,ITE302c,3,CURRICULUM_ASSUMPTION
SE190131,2027_Spring,5,IS_COM*1,3,CURRICULUM_ASSUMPTION
SE190131,2027_Spring,5,ISM302,3,CURRICULUM_ASSUMPTION
SE190131,2027_Spring,5,ISP392,3,CURRICULUM_ASSUMPTION
SE190131,2027_Spring,5,ITA301,3,CURRICULUM_ASSUMPTION
SE190131,2027_Spring,5,ITE302c,3,CURRICULUM_ASSUMPTION
SE190132,2027_Spring,5,IS_COM*1,3,CURRICULUM_ASSUMPTION
SE190132,2027_Spring,5,ISM302,3,CURRICULUM_ASSUMPTION
SE190132,2027_Spring,5,ISP392,3,CURRICULUM_ASSUMPTION
SE190132,2027_Spring,5,ITA301,3,CURRICULUM_ASSUMPTION
SE190132,2027_Spring,5,ITE302c,3,CURRICULUM_ASSUMPTION
SE190133,2027_Spring,5,IS_COM*1,3,CURRICULUM_ASSUMPTION
SE190133,2027_Spring,5,ISM302,3,CURRICULUM_ASSUMPTION
SE190133,2027_Spring,5,ISP392,3,CURRICULUM_ASSUMPTION
SE190133,2027_Spring,5,ITA301,3,CURRICULUM_ASSUMPTION
SE190133,2027_Spring,5,ITE302c,3,CURRICULUM_ASSUMPTION
SE190134,2027_Spring,5,IS_COM*1,3,CURRICULUM_ASSUMPTION
SE190134,2027_Spring,5,ISM302,3,CURRICULUM_ASSUMPTION
SE190134,2027_Spring,5,ISP392,3,CURRICULUM_ASSUMPTION
SE190134,2027_Spring,5,ITA301,3,CURRICULUM_ASSUMPTION
SE190134,2027_Spring,5,ITE302c,3,CURRICULUM_ASSUMPTION
SE190135,2027_Spring,5,IS_COM*1,3,CURRICULUM_ASSUMPTION
SE190135,2027_Spring,5,ISM302,3,CURRICULUM_ASSUMPTION
SE190135,2027_Spring,5,ISP392,3,CURRICULUM_ASSUMPTION
SE190135,2027_Spring,5,ITA301,3,CURRICULUM_ASSUMPTION
SE190135,2027_Spring,5,ITE302c,3,CURRICULUM_ASSUMPTION
SE190136,2027_Spring,5,IS_COM*1,3,CURRICULUM_ASSUMPTION
SE190136,2027_Spring,5,ISM302,3,CURRICULUM_ASSUMPTION
SE190136,2027_Spring,5,ISP392,3,CURRICULUM_ASSUMPTION
SE190136,2027_Spring,5,ITA301,3,CURRICULUM_ASSUMPTION
SE190136,2027_Spring,5,ITE302c,3,CURRICULUM_ASSUMPTION
SE190137,2027_Spring,5,IS_COM*1,3,CURRICULUM_ASSUMPTION
SE190137,2027_Spring,5,ISM302,3,CURRICULUM_ASSUMPTION
SE190137,2027_Spring,5,ISP392,3,CURRICULUM_ASSUMPTION
SE190137,2027_Spring,5,ITA301,3,CURRICULUM_ASSUMPTION
SE190137,2027_Spring,5,ITE302c,3,CURRICULUM_ASSUMPTION
SE190138,2027_Spring,5,IS_COM*1,3,CURRICULUM_ASSUMPTION
SE190138,2027_Spring,5,ISM302,3,CURRICULUM_ASSUMPTION
SE190138,2027_Spring,5,ISP392,3,CURRICULUM_ASSUMPTION
SE190138,2027_Spring,5,ITA301,3,CURRICULUM_ASSUMPTION
SE190138,2027_Spring,5,ITE302c,3,CURRICULUM_ASSUMPTION
SE190139,2027_Spring,5,IS_COM*1,3,CURRICULUM_ASSUMPTION
SE190139,2027_Spring,5,ISM302,3,CURRICULUM_ASSUMPTION
SE190139,2027_Spring,5,ISP392,3,CURRICULUM_ASSUMPTION
SE190139,2027_Spring,5,ITA301,3,CURRICULUM_ASSUMPTION
SE190139,2027_Spring,5,ITE302c,3,CURRICULUM_ASSUMPTION
SE190140,2027_Spring,5,IS_COM*1,3,CURRICULUM_ASSUMPTION
SE190140,2027_Spring,5,ISM302,3,CURRICULUM_ASSUMPTION
SE190140,2027_Spring,5,ISP392,3,CURRICULUM_ASSUMPTION
SE190140,2027_Spring,5,ITA301,3,CURRICULUM_ASSUMPTION
SE190140,2027_Spring,5,ITE302c,3,CURRICULUM_ASSUMPTION
SE190141,2027_Spring,5,IS_COM*1,3,CURRICULUM_ASSUMPTION
SE190141,2027_Spring,5,ISM302,3,CURRICULUM_ASSUMPTION
SE190141,2027_Spring,5,ISP392,3,CURRICULUM_ASSUMPTION
SE190141,2027_Spring,5,ITA301,3,CURRICULUM_ASSUMPTION
SE190141,2027_Spring,5,ITE302c,3,CURRICULUM_ASSUMPTION
SE190142,2027_Spring,5,IS_COM*1,3,CURRICULUM_ASSUMPTION
SE190142,2027_Spring,5,ISM302,3,CURRICULUM_ASSUMPTION
SE190142,2027_Spring,5,ISP392,3,CURRICULUM_ASSUMPTION
SE190142,2027_Spring,5,ITA301,3,CURRICULUM_ASSUMPTION
SE190142,2027_Spring,5,ITE302c,3,CURRICULUM_ASSUMPTION
SE190143,2027_Spring,5,IS_COM*1,3,CURRICULUM_ASSUMPTION
SE190143,2027_Spring,5,ISM302,3,CURRICULUM_ASSUMPTION
SE190143,2027_Spring,5,ISP392,3,CURRICULUM_ASSUMPTION
SE190143,2027_Spring,5,ITA301,3,CURRICULUM_ASSUMPTION
SE190143,2027_Spring,5,ITE302c,3,CURRICULUM_ASSUMPTION
SE190144,2027_Spring,5,IS_COM*1,3,CURRICULUM_ASSUMPTION
SE190144,2027_Spring,5,ISM302,3,CURRICULUM_ASSUMPTION
SE190144,2027_Spring,5,ISP392,3,CURRICULUM_ASSUMPTION
SE190144,2027_Spring,5,ITA301,3,CURRICULUM_ASSUMPTION
SE190144,2027_Spring,5,ITE302c,3,CURRICULUM_ASSUMPTION
SE190145,2027_Spring,5,IS_COM*1,3,CURRICULUM_ASSUMPTION
SE190145,2027_Spring,5,ISM302,3,CURRICULUM_ASSUMPTION
SE190145,2027_Spring,5,ISP392,3,CURRICULUM_ASSUMPTION
SE190145,2027_Spring,5,ITA301,3,CURRICULUM_ASSUMPTION
SE190145,2027_Spring,5,ITE302c,3,CURRICULUM_ASSUMPTION
SE190146,2027_Spring,5,IS_COM*1,3,CURRICULUM_ASSUMPTION
SE190146,2027_Spring,5,ISM302,3,CURRICULUM_ASSUMPTION
SE190146,2027_Spring,5,ISP392,3,CURRICULUM_ASSUMPTION
SE190146,2027_Spring,5,ITA301,3,CURRICULUM_ASSUMPTION
SE190146,2027_Spring,5,ITE302c,3,CURRICULUM_ASSUMPTION
SE190147,2027_Spring,5,IS_COM*1,3,CURRICULUM_ASSUMPTION
SE190147,2027_Spring,5,ISM302,3,CURRICULUM_ASSUMPTION
SE190147,2027_Spring,5,ISP392,3,CURRICULUM_ASSUMPTION
SE190147,2027_Spring,5,ITA301,3,CURRICULUM_ASSUMPTION
SE190147,2027_Spring,5,ITE302c,3,CURRICULUM_ASSUMPTION
SE190148,2027_Spring,5,IS_COM*1,3,CURRICULUM_ASSUMPTION
SE190148,2027_Spring,5,ISM302,3,CURRICULUM_ASSUMPTION
SE190148,2027_Spring,5,ISP392,3,CURRICULUM_ASSUMPTION
SE190148,2027_Spring,5,ITA301,3,CURRICULUM_ASSUMPTION
SE190148,2027_Spring,5,ITE302c,3,CURRICULUM_ASSUMPTION
SE190149,2027_Spring,5,IS_COM*1,3,CURRICULUM_ASSUMPTION
SE190149,2027_Spring,5,ISM302,3,CURRICULUM_ASSUMPTION
SE190149,2027_Spring,5,ISP392,3,CURRICULUM_ASSUMPTION
SE190149,2027_Spring,5,ITA301,3,CURRICULUM_ASSUMPTION
SE190149,2027_Spring,5,ITE302c,3,CURRICULUM_ASSUMPTION
SE190150,2027_Spring,5,IS_COM*1,3,CURRICULUM_ASSUMPTION
SE190150,2027_Spring,5,ISM302,3,CURRICULUM_ASSUMPTION
SE190150,2027_Spring,5,ISP392,3,CURRICULUM_ASSUMPTION
SE190150,2027_Spring,5,ITA301,3,CURRICULUM_ASSUMPTION
SE190150,2027_Spring,5,ITE302c,3,CURRICULUM_ASSUMPTION
SE190151,2027_Spring,5,IS_COM*1,3,CURRICULUM_ASSUMPTION
SE190151,2027_Spring,5,ISM302,3,CURRICULUM_ASSUMPTION
SE190151,2027_Spring,5,ISP392,3,CURRICULUM_ASSUMPTION
SE190151,2027_Spring,5,ITA301,3,CURRICULUM_ASSUMPTION
SE190151,2027_Spring,5,ITE302c,3,CURRICULUM_ASSUMPTION
SE190152,2027_Spring,5,IS_COM*1,3,CURRICULUM_ASSUMPTION
SE190152,2027_Spring,5,ISM302,3,CURRICULUM_ASSUMPTION
SE190152,2027_Spring,5,ISP392,3,CURRICULUM_ASSUMPTION
SE190152,2027_Spring,5,ITA301,3,CURRICULUM_ASSUMPTION
SE190152,2027_Spring,5,ITE302c,3,CURRICULUM_ASSUMPTION
SE190153,2027_Spring,5,IS_COM*1,3,CURRICULUM_ASSUMPTION
SE190153,2027_Spring,5,ISM302,3,CURRICULUM_ASSUMPTION
SE190153,2027_Spring,5,ISP392,3,CURRICULUM_ASSUMPTION
SE190153,2027_Spring,5,ITA301,3,CURRICULUM_ASSUMPTION
SE190153,2027_Spring,5,ITE302c,3,CURRICULUM_ASSUMPTION
SE190154,2027_Spring,5,IS_COM*1,3,CURRICULUM_ASSUMPTION
SE190154,2027_Spring,5,ISM302,3,CURRICULUM_ASSUMPTION
SE190154,2027_Spring,5,ISP392,3,CURRICULUM_ASSUMPTION
SE190154,2027_Spring,5,ITA301,3,CURRICULUM_ASSUMPTION
SE190154,2027_Spring,5,ITE302c,3,CURRICULUM_ASSUMPTION
SE190155,2027_Spring,5,IS_COM*1,3,CURRICULUM_ASSUMPTION
SE190155,2027_Spring,5,ISM302,3,CURRICULUM_ASSUMPTION
SE190155,2027_Spring,5,ISP392,3,CURRICULUM_ASSUMPTION
SE190155,2027_Spring,5,ITA301,3,CURRICULUM_ASSUMPTION
SE190155,2027_Spring,5,ITE302c,3,CURRICULUM_ASSUMPTION
SE190156,2027_Spring,5,IS_COM*1,3,CURRICULUM_ASSUMPTION
SE190156,2027_Spring,5,ISM302,3,CURRICULUM_ASSUMPTION
SE190156,2027_Spring,5,ISP392,3,CURRICULUM_ASSUMPTION
SE190156,2027_Spring,5,ITA301,3,CURRICULUM_ASSUMPTION
SE190156,2027_Spring,5,ITE302c,3,CURRICULUM_ASSUMPTION
SE190157,2027_Spring,5,IS_COM*1,3,CURRICULUM_ASSUMPTION
SE190157,2027_Spring,5,ISM302,3,CURRICULUM_ASSUMPTION
SE190157,2027_Spring,5,ISP392,3,CURRICULUM_ASSUMPTION
SE190157,2027_Spring,5,ITA301,3,CURRICULUM_ASSUMPTION
SE190157,2027_Spring,5,ITE302c,3,CURRICULUM_ASSUMPTION
SE190158,2027_Spring,5,IS_COM*1,3,CURRICULUM_ASSUMPTION
SE190158,2027_Spring,5,ISM302,3,CURRICULUM_ASSUMPTION
SE190158,2027_Spring,5,ISP392,3,CURRICULUM_ASSUMPTION
SE190158,2027_Spring,5,ITA301,3,CURRICULUM_ASSUMPTION
SE190158,2027_Spring,5,ITE302c,3,CURRICULUM_ASSUMPTION
SE190159,2027_Spring,5,IS_COM*1,3,CURRICULUM_ASSUMPTION
SE190159,2027_Spring,5,ISM302,3,CURRICULUM_ASSUMPTION
SE190159,2027_Spring,5,ISP392,3,CURRICULUM_ASSUMPTION
SE190159,2027_Spring,5,ITA301,3,CURRICULUM_ASSUMPTION
SE190159,2027_Spring,5,ITE302c,3,CURRICULUM_ASSUMPTION
SE190160,2027_Spring,5,IS_COM*1,3,CURRICULUM_ASSUMPTION
SE190160,2027_Spring,5,ISM302,3,CURRICULUM_ASSUMPTION
SE190160,2027_Spring,5,ISP392,3,CURRICULUM_ASSUMPTION
SE190160,2027_Spring,5,ITA301,3,CURRICULUM_ASSUMPTION
SE190160,2027_Spring,5,ITE302c,3,CURRICULUM_ASSUMPTION
SE190161,2027_Spring,5,IS_COM*1,3,CURRICULUM_ASSUMPTION
SE190161,2027_Spring,5,ISM302,3,CURRICULUM_ASSUMPTION
SE190161,2027_Spring,5,ISP392,3,CURRICULUM_ASSUMPTION
SE190161,2027_Spring,5,ITA301,3,CURRICULUM_ASSUMPTION
SE190161,2027_Spring,5,ITE302c,3,CURRICULUM_ASSUMPTION
SE190162,2027_Spring,5,IS_COM*1,3,CURRICULUM_ASSUMPTION
SE190162,2027_Spring,5,ISM302,3,CURRICULUM_ASSUMPTION
SE190162,2027_Spring,5,ISP392,3,CURRICULUM_ASSUMPTION
SE190162,2027_Spring,5,ITA301,3,CURRICULUM_ASSUMPTION
SE190162,2027_Spring,5,ITE302c,3,CURRICULUM_ASSUMPTION
SE190163,2027_Spring,5,IS_COM*1,3,CURRICULUM_ASSUMPTION
SE190163,2027_Spring,5,ISM302,3,CURRICULUM_ASSUMPTION
SE190163,2027_Spring,5,ISP392,3,CURRICULUM_ASSUMPTION
SE190163,2027_Spring,5,ITA301,3,CURRICULUM_ASSUMPTION
SE190163,2027_Spring,5,ITE302c,3,CURRICULUM_ASSUMPTION
SE190164,2027_Spring,5,IS_COM*1,3,CURRICULUM_ASSUMPTION
SE190164,2027_Spring,5,ISM302,3,CURRICULUM_ASSUMPTION
SE190164,2027_Spring,5,ISP392,3,CURRICULUM_ASSUMPTION
SE190164,2027_Spring,5,ITA301,3,CURRICULUM_ASSUMPTION
SE190164,2027_Spring,5,ITE302c,3,CURRICULUM_ASSUMPTION
SE190165,2027_Spring,5,IS_COM*1,3,CURRICULUM_ASSUMPTION
SE190165,2027_Spring,5,ISM302,3,CURRICULUM_ASSUMPTION
SE190165,2027_Spring,5,ISP392,3,CURRICULUM_ASSUMPTION
SE190165,2027_Spring,5,ITA301,3,CURRICULUM_ASSUMPTION
SE190165,2027_Spring,5,ITE302c,3,CURRICULUM_ASSUMPTION
SE190166,2027_Spring,5,IS_COM*1,3,CURRICULUM_ASSUMPTION
SE190166,2027_Spring,5,ISM302,3,CURRICULUM_ASSUMPTION
SE190166,2027_Spring,5,ISP392,3,CURRICULUM_ASSUMPTION
SE190166,2027_Spring,5,ITA301,3,CURRICULUM_ASSUMPTION
SE190166,2027_Spring,5,ITE302c,3,CURRICULUM_ASSUMPTION
SE190167,2027_Spring,5,IS_COM*1,3,CURRICULUM_ASSUMPTION
SE190167,2027_Spring,5,ISM302,3,CURRICULUM_ASSUMPTION
SE190167,2027_Spring,5,ISP392,3,CURRICULUM_ASSUMPTION
SE190167,2027_Spring,5,ITA301,3,CURRICULUM_ASSUMPTION
SE190167,2027_Spring,5,ITE302c,3,CURRICULUM_ASSUMPTION
SE190168,2027_Spring,5,IS_COM*1,3,CURRICULUM_ASSUMPTION
SE190168,2027_Spring,5,ISM302,3,CURRICULUM_ASSUMPTION
SE190168,2027_Spring,5,ISP392,3,CURRICULUM_ASSUMPTION
SE190168,2027_Spring,5,ITA301,3,CURRICULUM_ASSUMPTION
SE190168,2027_Spring,5,ITE302c,3,CURRICULUM_ASSUMPTION
SE190169,2027_Spring,5,IS_COM*1,3,CURRICULUM_ASSUMPTION
SE190169,2027_Spring,5,ISM302,3,CURRICULUM_ASSUMPTION
SE190169,2027_Spring,5,ISP392,3,CURRICULUM_ASSUMPTION
SE190169,2027_Spring,5,ITA301,3,CURRICULUM_ASSUMPTION
SE190169,2027_Spring,5,ITE302c,3,CURRICULUM_ASSUMPTION
SE190170,2027_Spring,5,IS_COM*1,3,CURRICULUM_ASSUMPTION
SE190170,2027_Spring,5,ISM302,3,CURRICULUM_ASSUMPTION
SE190170,2027_Spring,5,ISP392,3,CURRICULUM_ASSUMPTION
SE190170,2027_Spring,5,ITA301,3,CURRICULUM_ASSUMPTION
SE190170,2027_Spring,5,ITE302c,3,CURRICULUM_ASSUMPTION
SE190171,2027_Spring,5,IS_COM*1,3,CURRICULUM_ASSUMPTION
SE190171,2027_Spring,5,ISM302,3,CURRICULUM_ASSUMPTION
SE190171,2027_Spring,5,ISP392,3,CURRICULUM_ASSUMPTION
SE190171,2027_Spring,5,ITA301,3,CURRICULUM_ASSUMPTION
SE190171,2027_Spring,5,ITE302c,3,CURRICULUM_ASSUMPTION
SE190172,2027_Spring,5,IS_COM*1,3,CURRICULUM_ASSUMPTION
SE190172,2027_Spring,5,ISM302,3,CURRICULUM_ASSUMPTION
SE190172,2027_Spring,5,ISP392,3,CURRICULUM_ASSUMPTION
SE190172,2027_Spring,5,ITA301,3,CURRICULUM_ASSUMPTION
SE190172,2027_Spring,5,ITE302c,3,CURRICULUM_ASSUMPTION
SE190173,2027_Spring,5,IS_COM*1,3,CURRICULUM_ASSUMPTION
SE190173,2027_Spring,5,ISM302,3,CURRICULUM_ASSUMPTION
SE190173,2027_Spring,5,ISP392,3,CURRICULUM_ASSUMPTION
SE190173,2027_Spring,5,ITA301,3,CURRICULUM_ASSUMPTION
SE190173,2027_Spring,5,ITE302c,3,CURRICULUM_ASSUMPTION
SE190174,2027_Spring,5,IS_COM*1,3,CURRICULUM_ASSUMPTION
SE190174,2027_Spring,5,ISM302,3,CURRICULUM_ASSUMPTION
SE190174,2027_Spring,5,ISP392,3,CURRICULUM_ASSUMPTION
SE190174,2027_Spring,5,ITA301,3,CURRICULUM_ASSUMPTION
SE190174,2027_Spring,5,ITE302c,3,CURRICULUM_ASSUMPTION
SE190175,2027_Spring,5,IS_COM*1,3,CURRICULUM_ASSUMPTION
SE190175,2027_Spring,5,ISM302,3,CURRICULUM_ASSUMPTION
SE190175,2027_Spring,5,ISP392,3,CURRICULUM_ASSUMPTION
SE190175,2027_Spring,5,ITA301,3,CURRICULUM_ASSUMPTION
SE190175,2027_Spring,5,ITE302c,3,CURRICULUM_ASSUMPTION
SE190176,2027_Spring,5,IS_COM*1,3,CURRICULUM_ASSUMPTION
SE190176,2027_Spring,5,ISM302,3,CURRICULUM_ASSUMPTION
SE190176,2027_Spring,5,ISP392,3,CURRICULUM_ASSUMPTION
SE190176,2027_Spring,5,ITA301,3,CURRICULUM_ASSUMPTION
SE190176,2027_Spring,5,ITE302c,3,CURRICULUM_ASSUMPTION
SE190177,2027_Spring,5,IS_COM*1,3,CURRICULUM_ASSUMPTION
SE190177,2027_Spring,5,ISM302,3,CURRICULUM_ASSUMPTION
SE190177,2027_Spring,5,ISP392,3,CURRICULUM_ASSUMPTION
SE190177,2027_Spring,5,ITA301,3,CURRICULUM_ASSUMPTION
SE190177,2027_Spring,5,ITE302c,3,CURRICULUM_ASSUMPTION
SE190178,2027_Spring,5,IS_COM*1,3,CURRICULUM_ASSUMPTION
SE190178,2027_Spring,5,ISM302,3,CURRICULUM_ASSUMPTION
SE190178,2027_Spring,5,ISP392,3,CURRICULUM_ASSUMPTION
SE190178,2027_Spring,5,ITA301,3,CURRICULUM_ASSUMPTION
SE190178,2027_Spring,5,ITE302c,3,CURRICULUM_ASSUMPTION
SE190179,2027_Spring,5,IS_COM*1,3,CURRICULUM_ASSUMPTION
SE190179,2027_Spring,5,ISM302,3,CURRICULUM_ASSUMPTION
SE190179,2027_Spring,5,ISP392,3,CURRICULUM_ASSUMPTION
SE190179,2027_Spring,5,ITA301,3,CURRICULUM_ASSUMPTION
SE190179,2027_Spring,5,ITE302c,3,CURRICULUM_ASSUMPTION
SE190180,2027_Spring,5,IS_COM*1,3,CURRICULUM_ASSUMPTION
SE190180,2027_Spring,5,ISM302,3,CURRICULUM_ASSUMPTION
SE190180,2027_Spring,5,ISP392,3,CURRICULUM_ASSUMPTION
SE190180,2027_Spring,5,ITA301,3,CURRICULUM_ASSUMPTION
SE190180,2027_Spring,5,ITE302c,3,CURRICULUM_ASSUMPTION
SE190181,2027_Spring,5,IS_COM*1,3,CURRICULUM_ASSUMPTION
SE190181,2027_Spring,5,ISM302,3,CURRICULUM_ASSUMPTION
SE190181,2027_Spring,5,ISP392,3,CURRICULUM_ASSUMPTION
SE190181,2027_Spring,5,ITA301,3,CURRICULUM_ASSUMPTION
SE190181,2027_Spring,5,ITE302c,3,CURRICULUM_ASSUMPTION
SE190182,2027_Spring,5,IS_COM*1,3,CURRICULUM_ASSUMPTION
SE190182,2027_Spring,5,ISM302,3,CURRICULUM_ASSUMPTION
SE190182,2027_Spring,5,ISP392,3,CURRICULUM_ASSUMPTION
SE190182,2027_Spring,5,ITA301,3,CURRICULUM_ASSUMPTION
SE190182,2027_Spring,5,ITE302c,3,CURRICULUM_ASSUMPTION
SE190183,2027_Spring,5,IS_COM*1,3,CURRICULUM_ASSUMPTION
SE190183,2027_Spring,5,ISM302,3,CURRICULUM_ASSUMPTION
SE190183,2027_Spring,5,ISP392,3,CURRICULUM_ASSUMPTION
SE190183,2027_Spring,5,ITA301,3,CURRICULUM_ASSUMPTION
SE190183,2027_Spring,5,ITE302c,3,CURRICULUM_ASSUMPTION
SE190184,2027_Spring,5,IS_COM*1,3,CURRICULUM_ASSUMPTION
SE190184,2027_Spring,5,ISM302,3,CURRICULUM_ASSUMPTION
SE190184,2027_Spring,5,ISP392,3,CURRICULUM_ASSUMPTION
SE190184,2027_Spring,5,ITA301,3,CURRICULUM_ASSUMPTION
SE190184,2027_Spring,5,ITE302c,3,CURRICULUM_ASSUMPTION
SE190185,2027_Spring,5,IS_COM*1,3,CURRICULUM_ASSUMPTION
SE190185,2027_Spring,5,ISM302,3,CURRICULUM_ASSUMPTION
SE190185,2027_Spring,5,ISP392,3,CURRICULUM_ASSUMPTION
SE190185,2027_Spring,5,ITA301,3,CURRICULUM_ASSUMPTION
SE190185,2027_Spring,5,ITE302c,3,CURRICULUM_ASSUMPTION
SE190186,2027_Spring,5,IS_COM*1,3,CURRICULUM_ASSUMPTION
SE190186,2027_Spring,5,ISM302,3,CURRICULUM_ASSUMPTION
SE190186,2027_Spring,5,ISP392,3,CURRICULUM_ASSUMPTION
SE190186,2027_Spring,5,ITA301,3,CURRICULUM_ASSUMPTION
SE190186,2027_Spring,5,ITE302c,3,CURRICULUM_ASSUMPTION
SE190187,2027_Spring,5,IS_COM*1,3,CURRICULUM_ASSUMPTION
SE190187,2027_Spring,5,ISM302,3,CURRICULUM_ASSUMPTION
SE190187,2027_Spring,5,ISP392,3,CURRICULUM_ASSUMPTION
SE190187,2027_Spring,5,ITA301,3,CURRICULUM_ASSUMPTION
SE190187,2027_Spring,5,ITE302c,3,CURRICULUM_ASSUMPTION
SE190188,2027_Spring,5,IS_COM*1,3,CURRICULUM_ASSUMPTION
SE190188,2027_Spring,5,ISM302,3,CURRICULUM_ASSUMPTION
SE190188,2027_Spring,5,ISP392,3,CURRICULUM_ASSUMPTION
SE190188,2027_Spring,5,ITA301,3,CURRICULUM_ASSUMPTION
SE190188,2027_Spring,5,ITE302c,3,CURRICULUM_ASSUMPTION
SE190189,2027_Spring,5,IS_COM*1,3,CURRICULUM_ASSUMPTION
SE190189,2027_Spring,5,ISM302,3,CURRICULUM_ASSUMPTION
SE190189,2027_Spring,5,ISP392,3,CURRICULUM_ASSUMPTION
SE190189,2027_Spring,5,ITA301,3,CURRICULUM_ASSUMPTION
SE190189,2027_Spring,5,ITE302c,3,CURRICULUM_ASSUMPTION
SE190190,2027_Spring,5,IS_COM*1,3,CURRICULUM_ASSUMPTION
SE190190,2027_Spring,5,ISM302,3,CURRICULUM_ASSUMPTION
SE190190,2027_Spring,5,ISP392,3,CURRICULUM_ASSUMPTION
SE190190,2027_Spring,5,ITA301,3,CURRICULUM_ASSUMPTION
SE190190,2027_Spring,5,ITE302c,3,CURRICULUM_ASSUMPTION
SE190191,2027_Spring,5,IS_COM*1,3,CURRICULUM_ASSUMPTION
SE190191,2027_Spring,5,ISM302,3,CURRICULUM_ASSUMPTION
SE190191,2027_Spring,5,ISP392,3,CURRICULUM_ASSUMPTION
SE190191,2027_Spring,5,ITA301,3,CURRICULUM_ASSUMPTION
SE190191,2027_Spring,5,ITE302c,3,CURRICULUM_ASSUMPTION
SE190192,2027_Spring,5,IS_COM*1,3,CURRICULUM_ASSUMPTION
SE190192,2027_Spring,5,ISM302,3,CURRICULUM_ASSUMPTION
SE190192,2027_Spring,5,ISP392,3,CURRICULUM_ASSUMPTION
SE190192,2027_Spring,5,ITA301,3,CURRICULUM_ASSUMPTION
SE190192,2027_Spring,5,ITE302c,3,CURRICULUM_ASSUMPTION
SE190193,2027_Spring,5,IS_COM*1,3,CURRICULUM_ASSUMPTION
SE190193,2027_Spring,5,ISM302,3,CURRICULUM_ASSUMPTION
SE190193,2027_Spring,5,ISP392,3,CURRICULUM_ASSUMPTION
SE190193,2027_Spring,5,ITA301,3,CURRICULUM_ASSUMPTION
SE190193,2027_Spring,5,ITE302c,3,CURRICULUM_ASSUMPTION
SE190194,2027_Spring,5,IS_COM*1,3,CURRICULUM_ASSUMPTION
SE190194,2027_Spring,5,ISM302,3,CURRICULUM_ASSUMPTION
SE190194,2027_Spring,5,ISP392,3,CURRICULUM_ASSUMPTION
SE190194,2027_Spring,5,ITA301,3,CURRICULUM_ASSUMPTION
SE190194,2027_Spring,5,ITE302c,3,CURRICULUM_ASSUMPTION
SE190195,2027_Spring,5,IS_COM*1,3,CURRICULUM_ASSUMPTION
SE190195,2027_Spring,5,ISM302,3,CURRICULUM_ASSUMPTION
SE190195,2027_Spring,5,ISP392,3,CURRICULUM_ASSUMPTION
SE190195,2027_Spring,5,ITA301,3,CURRICULUM_ASSUMPTION
SE190195,2027_Spring,5,ITE302c,3,CURRICULUM_ASSUMPTION
SE190196,2027_Spring,5,IS_COM*1,3,CURRICULUM_ASSUMPTION
SE190196,2027_Spring,5,ISM302,3,CURRICULUM_ASSUMPTION
SE190196,2027_Spring,5,ISP392,3,CURRICULUM_ASSUMPTION
SE190196,2027_Spring,5,ITA301,3,CURRICULUM_ASSUMPTION
SE190196,2027_Spring,5,ITE302c,3,CURRICULUM_ASSUMPTION
SE190197,2027_Spring,5,IS_COM*1,3,CURRICULUM_ASSUMPTION
SE190197,2027_Spring,5,ISM302,3,CURRICULUM_ASSUMPTION
SE190197,2027_Spring,5,ISP392,3,CURRICULUM_ASSUMPTION
SE190197,2027_Spring,5,ITA301,3,CURRICULUM_ASSUMPTION
SE190197,2027_Spring,5,ITE302c,3,CURRICULUM_ASSUMPTION
SE190198,2027_Spring,5,IS_COM*1,3,CURRICULUM_ASSUMPTION
SE190198,2027_Spring,5,ISM302,3,CURRICULUM_ASSUMPTION
SE190198,2027_Spring,5,ISP392,3,CURRICULUM_ASSUMPTION
SE190198,2027_Spring,5,ITA301,3,CURRICULUM_ASSUMPTION
SE190198,2027_Spring,5,ITE302c,3,CURRICULUM_ASSUMPTION
SE190199,2027_Spring,5,IS_COM*1,3,CURRICULUM_ASSUMPTION
SE190199,2027_Spring,5,ISM302,3,CURRICULUM_ASSUMPTION
SE190199,2027_Spring,5,ISP392,3,CURRICULUM_ASSUMPTION
SE190199,2027_Spring,5,ITA301,3,CURRICULUM_ASSUMPTION
SE190199,2027_Spring,5,ITE302c,3,CURRICULUM_ASSUMPTION
SE190200,2027_Spring,5,IS_COM*1,3,CURRICULUM_ASSUMPTION
SE190200,2027_Spring,5,ISM302,3,CURRICULUM_ASSUMPTION
SE190200,2027_Spring,5,ISP392,3,CURRICULUM_ASSUMPTION
SE190200,2027_Spring,5,ITA301,3,CURRICULUM_ASSUMPTION
SE190200,2027_Spring,5,ITE302c,3,CURRICULUM_ASSUMPTION
SE190201,2027_Spring,5,IS_COM*1,3,CURRICULUM_ASSUMPTION
SE190201,2027_Spring,5,ISM302,3,CURRICULUM_ASSUMPTION
SE190201,2027_Spring,5,ISP392,3,CURRICULUM_ASSUMPTION
SE190201,2027_Spring,5,ITA301,3,CURRICULUM_ASSUMPTION
SE190201,2027_Spring,5,ITE302c,3,CURRICULUM_ASSUMPTION
SE190202,2027_Spring,5,IS_COM*1,3,CURRICULUM_ASSUMPTION
SE190202,2027_Spring,5,ISM302,3,CURRICULUM_ASSUMPTION
SE190202,2027_Spring,5,ISP392,3,CURRICULUM_ASSUMPTION
SE190202,2027_Spring,5,ITA301,3,CURRICULUM_ASSUMPTION
SE190202,2027_Spring,5,ITE302c,3,CURRICULUM_ASSUMPTION
SE190203,2027_Spring,5,IS_COM*1,3,CURRICULUM_ASSUMPTION
SE190203,2027_Spring,5,ISM302,3,CURRICULUM_ASSUMPTION
SE190203,2027_Spring,5,ISP392,3,CURRICULUM_ASSUMPTION
SE190203,2027_Spring,5,ITA301,3,CURRICULUM_ASSUMPTION
SE190203,2027_Spring,5,ITE302c,3,CURRICULUM_ASSUMPTION
SE190204,2027_Spring,5,IS_COM*1,3,CURRICULUM_ASSUMPTION
SE190204,2027_Spring,5,ISM302,3,CURRICULUM_ASSUMPTION
SE190204,2027_Spring,5,ISP392,3,CURRICULUM_ASSUMPTION
SE190204,2027_Spring,5,ITA301,3,CURRICULUM_ASSUMPTION
SE190204,2027_Spring,5,ITE302c,3,CURRICULUM_ASSUMPTION
SE190205,2027_Spring,5,IS_COM*1,3,CURRICULUM_ASSUMPTION
SE190205,2027_Spring,5,ISM302,3,CURRICULUM_ASSUMPTION
SE190205,2027_Spring,5,ISP392,3,CURRICULUM_ASSUMPTION
SE190205,2027_Spring,5,ITA301,3,CURRICULUM_ASSUMPTION
SE190205,2027_Spring,5,ITE302c,3,CURRICULUM_ASSUMPTION
SE190206,2027_Spring,5,IS_COM*1,3,CURRICULUM_ASSUMPTION
SE190206,2027_Spring,5,ISM302,3,CURRICULUM_ASSUMPTION
SE190206,2027_Spring,5,ISP392,3,CURRICULUM_ASSUMPTION
SE190206,2027_Spring,5,ITA301,3,CURRICULUM_ASSUMPTION
SE190206,2027_Spring,5,ITE302c,3,CURRICULUM_ASSUMPTION
SE190207,2027_Spring,5,IS_COM*1,3,CURRICULUM_ASSUMPTION
SE190207,2027_Spring,5,ISM302,3,CURRICULUM_ASSUMPTION
SE190207,2027_Spring,5,ISP392,3,CURRICULUM_ASSUMPTION
SE190207,2027_Spring,5,ITA301,3,CURRICULUM_ASSUMPTION
SE190207,2027_Spring,5,ITE302c,3,CURRICULUM_ASSUMPTION
SE190208,2027_Spring,5,IS_COM*1,3,CURRICULUM_ASSUMPTION
SE190208,2027_Spring,5,ISM302,3,CURRICULUM_ASSUMPTION
SE190208,2027_Spring,5,ISP392,3,CURRICULUM_ASSUMPTION
SE190208,2027_Spring,5,ITA301,3,CURRICULUM_ASSUMPTION
SE190208,2027_Spring,5,ITE302c,3,CURRICULUM_ASSUMPTION
SE190209,2027_Spring,5,IS_COM*1,3,CURRICULUM_ASSUMPTION
SE190209,2027_Spring,5,ISM302,3,CURRICULUM_ASSUMPTION
SE190209,2027_Spring,5,ISP392,3,CURRICULUM_ASSUMPTION
SE190209,2027_Spring,5,ITA301,3,CURRICULUM_ASSUMPTION
SE190209,2027_Spring,5,ITE302c,3,CURRICULUM_ASSUMPTION
SE190210,2027_Spring,5,IS_COM*1,3,CURRICULUM_ASSUMPTION
SE190210,2027_Spring,5,ISM302,3,CURRICULUM_ASSUMPTION
SE190210,2027_Spring,5,ISP392,3,CURRICULUM_ASSUMPTION
SE190210,2027_Spring,5,ITA301,3,CURRICULUM_ASSUMPTION
SE190210,2027_Spring,5,ITE302c,3,CURRICULUM_ASSUMPTION
SE190211,2027_Spring,5,IS_COM*1,3,CURRICULUM_ASSUMPTION
SE190211,2027_Spring,5,ISM302,3,CURRICULUM_ASSUMPTION
SE190211,2027_Spring,5,ISP392,3,CURRICULUM_ASSUMPTION
SE190211,2027_Spring,5,ITA301,3,CURRICULUM_ASSUMPTION
SE190211,2027_Spring,5,ITE302c,3,CURRICULUM_ASSUMPTION
SE190212,2027_Spring,5,IS_COM*1,3,CURRICULUM_ASSUMPTION
SE190212,2027_Spring,5,ISM302,3,CURRICULUM_ASSUMPTION
SE190212,2027_Spring,5,ISP392,3,CURRICULUM_ASSUMPTION
SE190212,2027_Spring,5,ITA301,3,CURRICULUM_ASSUMPTION
SE190212,2027_Spring,5,ITE302c,3,CURRICULUM_ASSUMPTION
SE190213,2027_Spring,5,IS_COM*1,3,CURRICULUM_ASSUMPTION
SE190213,2027_Spring,5,ISM302,3,CURRICULUM_ASSUMPTION
SE190213,2027_Spring,5,ISP392,3,CURRICULUM_ASSUMPTION
SE190213,2027_Spring,5,ITA301,3,CURRICULUM_ASSUMPTION
SE190213,2027_Spring,5,ITE302c,3,CURRICULUM_ASSUMPTION
SE190214,2027_Spring,5,IS_COM*1,3,CURRICULUM_ASSUMPTION
SE190214,2027_Spring,5,ISM302,3,CURRICULUM_ASSUMPTION
SE190214,2027_Spring,5,ISP392,3,CURRICULUM_ASSUMPTION
SE190214,2027_Spring,5,ITA301,3,CURRICULUM_ASSUMPTION
SE190214,2027_Spring,5,ITE302c,3,CURRICULUM_ASSUMPTION
SE190215,2027_Spring,5,IS_COM*1,3,CURRICULUM_ASSUMPTION
SE190215,2027_Spring,5,ISM302,3,CURRICULUM_ASSUMPTION
SE190215,2027_Spring,5,ISP392,3,CURRICULUM_ASSUMPTION
SE190215,2027_Spring,5,ITA301,3,CURRICULUM_ASSUMPTION
SE190215,2027_Spring,5,ITE302c,3,CURRICULUM_ASSUMPTION
SE190216,2027_Spring,5,IS_COM*1,3,CURRICULUM_ASSUMPTION
SE190216,2027_Spring,5,ISM302,3,CURRICULUM_ASSUMPTION
SE190216,2027_Spring,5,ISP392,3,CURRICULUM_ASSUMPTION
SE190216,2027_Spring,5,ITA301,3,CURRICULUM_ASSUMPTION
SE190216,2027_Spring,5,ITE302c,3,CURRICULUM_ASSUMPTION
SE190217,2027_Spring,5,IS_COM*1,3,CURRICULUM_ASSUMPTION
SE190217,2027_Spring,5,ISM302,3,CURRICULUM_ASSUMPTION
SE190217,2027_Spring,5,ISP392,3,CURRICULUM_ASSUMPTION
SE190217,2027_Spring,5,ITA301,3,CURRICULUM_ASSUMPTION
SE190217,2027_Spring,5,ITE302c,3,CURRICULUM_ASSUMPTION
SE190218,2027_Spring,5,IS_COM*1,3,CURRICULUM_ASSUMPTION
SE190218,2027_Spring,5,ISM302,3,CURRICULUM_ASSUMPTION
SE190218,2027_Spring,5,ISP392,3,CURRICULUM_ASSUMPTION
SE190218,2027_Spring,5,ITA301,3,CURRICULUM_ASSUMPTION
SE190218,2027_Spring,5,ITE302c,3,CURRICULUM_ASSUMPTION
SE190219,2027_Spring,5,IS_COM*1,3,CURRICULUM_ASSUMPTION
SE190219,2027_Spring,5,ISM302,3,CURRICULUM_ASSUMPTION
SE190219,2027_Spring,5,ISP392,3,CURRICULUM_ASSUMPTION
SE190219,2027_Spring,5,ITA301,3,CURRICULUM_ASSUMPTION
SE190219,2027_Spring,5,ITE302c,3,CURRICULUM_ASSUMPTION
SE190220,2027_Spring,5,IS_COM*1,3,CURRICULUM_ASSUMPTION
SE190220,2027_Spring,5,ISM302,3,CURRICULUM_ASSUMPTION
SE190220,2027_Spring,5,ISP392,3,CURRICULUM_ASSUMPTION
SE190220,2027_Spring,5,ITA301,3,CURRICULUM_ASSUMPTION
SE190220,2027_Spring,5,ITE302c,3,CURRICULUM_ASSUMPTION
SE190221,2027_Spring,5,IS_COM*1,3,CURRICULUM_ASSUMPTION
SE190221,2027_Spring,5,ISM302,3,CURRICULUM_ASSUMPTION
SE190221,2027_Spring,5,ISP392,3,CURRICULUM_ASSUMPTION
SE190221,2027_Spring,5,ITA301,3,CURRICULUM_ASSUMPTION
SE190221,2027_Spring,5,ITE302c,3,CURRICULUM_ASSUMPTION
SE190222,2027_Spring,5,IS_COM*1,3,CURRICULUM_ASSUMPTION
SE190222,2027_Spring,5,ISM302,3,CURRICULUM_ASSUMPTION
SE190222,2027_Spring,5,ISP392,3,CURRICULUM_ASSUMPTION
SE190222,2027_Spring,5,ITA301,3,CURRICULUM_ASSUMPTION
SE190222,2027_Spring,5,ITE302c,3,CURRICULUM_ASSUMPTION
SE190223,2027_Spring,5,IS_COM*1,3,CURRICULUM_ASSUMPTION
SE190223,2027_Spring,5,ISM302,3,CURRICULUM_ASSUMPTION
SE190223,2027_Spring,5,ISP392,3,CURRICULUM_ASSUMPTION
SE190223,2027_Spring,5,ITA301,3,CURRICULUM_ASSUMPTION
SE190223,2027_Spring,5,ITE302c,3,CURRICULUM_ASSUMPTION
SE190224,2027_Spring,5,IS_COM*1,3,CURRICULUM_ASSUMPTION
SE190224,2027_Spring,5,ISM302,3,CURRICULUM_ASSUMPTION
SE190224,2027_Spring,5,ISP392,3,CURRICULUM_ASSUMPTION
SE190224,2027_Spring,5,ITA301,3,CURRICULUM_ASSUMPTION
SE190224,2027_Spring,5,ITE302c,3,CURRICULUM_ASSUMPTION
SE190225,2027_Spring,5,IS_COM*1,3,CURRICULUM_ASSUMPTION
SE190225,2027_Spring,5,ISM302,3,CURRICULUM_ASSUMPTION
SE190225,2027_Spring,5,ISP392,3,CURRICULUM_ASSUMPTION
SE190225,2027_Spring,5,ITA301,3,CURRICULUM_ASSUMPTION
SE190225,2027_Spring,5,ITE302c,3,CURRICULUM_ASSUMPTION
SE190226,2027_Spring,5,IS_COM*1,3,CURRICULUM_ASSUMPTION
SE190226,2027_Spring,5,ISM302,3,CURRICULUM_ASSUMPTION
SE190226,2027_Spring,5,ISP392,3,CURRICULUM_ASSUMPTION
SE190226,2027_Spring,5,ITA301,3,CURRICULUM_ASSUMPTION
SE190226,2027_Spring,5,ITE302c,3,CURRICULUM_ASSUMPTION
SE190227,2027_Spring,5,IS_COM*1,3,CURRICULUM_ASSUMPTION
SE190227,2027_Spring,5,ISM302,3,CURRICULUM_ASSUMPTION
SE190227,2027_Spring,5,ISP392,3,CURRICULUM_ASSUMPTION
SE190227,2027_Spring,5,ITA301,3,CURRICULUM_ASSUMPTION
SE190227,2027_Spring,5,ITE302c,3,CURRICULUM_ASSUMPTION
SE190228,2027_Spring,5,IS_COM*1,3,CURRICULUM_ASSUMPTION
SE190228,2027_Spring,5,ISM302,3,CURRICULUM_ASSUMPTION
SE190228,2027_Spring,5,ISP392,3,CURRICULUM_ASSUMPTION
SE190228,2027_Spring,5,ITA301,3,CURRICULUM_ASSUMPTION
SE190228,2027_Spring,5,ITE302c,3,CURRICULUM_ASSUMPTION
SE190229,2027_Spring,5,IS_COM*1,3,CURRICULUM_ASSUMPTION
SE190229,2027_Spring,5,ISM302,3,CURRICULUM_ASSUMPTION
SE190229,2027_Spring,5,ISP392,3,CURRICULUM_ASSUMPTION
SE190229,2027_Spring,5,ITA301,3,CURRICULUM_ASSUMPTION
SE190229,2027_Spring,5,ITE302c,3,CURRICULUM_ASSUMPTION
SE190230,2027_Spring,5,IS_COM*1,3,CURRICULUM_ASSUMPTION
SE190230,2027_Spring,5,ISM302,3,CURRICULUM_ASSUMPTION
SE190230,2027_Spring,5,ISP392,3,CURRICULUM_ASSUMPTION
SE190230,2027_Spring,5,ITA301,3,CURRICULUM_ASSUMPTION
SE190230,2027_Spring,5,ITE302c,3,CURRICULUM_ASSUMPTION
SE190231,2027_Spring,5,IS_COM*1,3,CURRICULUM_ASSUMPTION
SE190231,2027_Spring,5,ISM302,3,CURRICULUM_ASSUMPTION
SE190231,2027_Spring,5,ISP392,3,CURRICULUM_ASSUMPTION
SE190231,2027_Spring,5,ITA301,3,CURRICULUM_ASSUMPTION
SE190231,2027_Spring,5,ITE302c,3,CURRICULUM_ASSUMPTION
SE190232,2027_Spring,5,IS_COM*1,3,CURRICULUM_ASSUMPTION
SE190232,2027_Spring,5,ISM302,3,CURRICULUM_ASSUMPTION
SE190232,2027_Spring,5,ISP392,3,CURRICULUM_ASSUMPTION
SE190232,2027_Spring,5,ITA301,3,CURRICULUM_ASSUMPTION
SE190232,2027_Spring,5,ITE302c,3,CURRICULUM_ASSUMPTION
SE190233,2027_Spring,5,IS_COM*1,3,CURRICULUM_ASSUMPTION
SE190233,2027_Spring,5,ISM302,3,CURRICULUM_ASSUMPTION
SE190233,2027_Spring,5,ISP392,3,CURRICULUM_ASSUMPTION
SE190233,2027_Spring,5,ITA301,3,CURRICULUM_ASSUMPTION
SE190233,2027_Spring,5,ITE302c,3,CURRICULUM_ASSUMPTION
SE190234,2027_Spring,5,IS_COM*1,3,CURRICULUM_ASSUMPTION
SE190234,2027_Spring,5,ISM302,3,CURRICULUM_ASSUMPTION
SE190234,2027_Spring,5,ISP392,3,CURRICULUM_ASSUMPTION
SE190234,2027_Spring,5,ITA301,3,CURRICULUM_ASSUMPTION
SE190234,2027_Spring,5,ITE302c,3,CURRICULUM_ASSUMPTION
SE190235,2027_Spring,5,IS_COM*1,3,CURRICULUM_ASSUMPTION
SE190235,2027_Spring,5,ISM302,3,CURRICULUM_ASSUMPTION
SE190235,2027_Spring,5,ISP392,3,CURRICULUM_ASSUMPTION
SE190235,2027_Spring,5,ITA301,3,CURRICULUM_ASSUMPTION
SE190235,2027_Spring,5,ITE302c,3,CURRICULUM_ASSUMPTION
SE190236,2027_Spring,5,IS_COM*1,3,CURRICULUM_ASSUMPTION
SE190236,2027_Spring,5,ISM302,3,CURRICULUM_ASSUMPTION
SE190236,2027_Spring,5,ISP392,3,CURRICULUM_ASSUMPTION
SE190236,2027_Spring,5,ITA301,3,CURRICULUM_ASSUMPTION
SE190236,2027_Spring,5,ITE302c,3,CURRICULUM_ASSUMPTION
SE190237,2027_Spring,5,IS_COM*1,3,CURRICULUM_ASSUMPTION
SE190237,2027_Spring,5,ISM302,3,CURRICULUM_ASSUMPTION
SE190237,2027_Spring,5,ISP392,3,CURRICULUM_ASSUMPTION
SE190237,2027_Spring,5,ITA301,3,CURRICULUM_ASSUMPTION
SE190237,2027_Spring,5,ITE302c,3,CURRICULUM_ASSUMPTION
SE190238,2027_Spring,5,IS_COM*1,3,CURRICULUM_ASSUMPTION
SE190238,2027_Spring,5,ISM302,3,CURRICULUM_ASSUMPTION
SE190238,2027_Spring,5,ISP392,3,CURRICULUM_ASSUMPTION
SE190238,2027_Spring,5,ITA301,3,CURRICULUM_ASSUMPTION
SE190238,2027_Spring,5,ITE302c,3,CURRICULUM_ASSUMPTION
SE190239,2027_Spring,5,IS_COM*1,3,CURRICULUM_ASSUMPTION
SE190239,2027_Spring,5,ISM302,3,CURRICULUM_ASSUMPTION
SE190239,2027_Spring,5,ISP392,3,CURRICULUM_ASSUMPTION
SE190239,2027_Spring,5,ITA301,3,CURRICULUM_ASSUMPTION
SE190239,2027_Spring,5,ITE302c,3,CURRICULUM_ASSUMPTION
SE190240,2027_Spring,5,IS_COM*1,3,CURRICULUM_ASSUMPTION
SE190240,2027_Spring,5,ISM302,3,CURRICULUM_ASSUMPTION
SE190240,2027_Spring,5,ISP392,3,CURRICULUM_ASSUMPTION
SE190240,2027_Spring,5,ITA301,3,CURRICULUM_ASSUMPTION
SE190240,2027_Spring,5,ITE302c,3,CURRICULUM_ASSUMPTION
SE190241,2027_Spring,5,IS_COM*1,3,CURRICULUM_ASSUMPTION
SE190241,2027_Spring,5,ISM302,3,CURRICULUM_ASSUMPTION
SE190241,2027_Spring,5,ISP392,3,CURRICULUM_ASSUMPTION
SE190241,2027_Spring,5,ITA301,3,CURRICULUM_ASSUMPTION
SE190241,2027_Spring,5,ITE302c,3,CURRICULUM_ASSUMPTION
SE190242,2027_Spring,5,IS_COM*1,3,CURRICULUM_ASSUMPTION
SE190242,2027_Spring,5,ISM302,3,CURRICULUM_ASSUMPTION
SE190242,2027_Spring,5,ISP392,3,CURRICULUM_ASSUMPTION
SE190242,2027_Spring,5,ITA301,3,CURRICULUM_ASSUMPTION
SE190242,2027_Spring,5,ITE302c,3,CURRICULUM_ASSUMPTION
SE190243,2027_Spring,5,IS_COM*1,3,CURRICULUM_ASSUMPTION
SE190243,2027_Spring,5,ISM302,3,CURRICULUM_ASSUMPTION
SE190243,2027_Spring,5,ISP392,3,CURRICULUM_ASSUMPTION
SE190243,2027_Spring,5,ITA301,3,CURRICULUM_ASSUMPTION
SE190243,2027_Spring,5,ITE302c,3,CURRICULUM_ASSUMPTION
SE190244,2027_Spring,5,IS_COM*1,3,CURRICULUM_ASSUMPTION
SE190244,2027_Spring,5,ISM302,3,CURRICULUM_ASSUMPTION
SE190244,2027_Spring,5,ISP392,3,CURRICULUM_ASSUMPTION
SE190244,2027_Spring,5,ITA301,3,CURRICULUM_ASSUMPTION
SE190244,2027_Spring,5,ITE302c,3,CURRICULUM_ASSUMPTION
SE190245,2027_Spring,5,IS_COM*1,3,CURRICULUM_ASSUMPTION
SE190245,2027_Spring,5,ISM302,3,CURRICULUM_ASSUMPTION
SE190245,2027_Spring,5,ISP392,3,CURRICULUM_ASSUMPTION
SE190245,2027_Spring,5,ITA301,3,CURRICULUM_ASSUMPTION
SE190245,2027_Spring,5,ITE302c,3,CURRICULUM_ASSUMPTION
SE190246,2027_Spring,5,IS_COM*1,3,CURRICULUM_ASSUMPTION
SE190246,2027_Spring,5,ISM302,3,CURRICULUM_ASSUMPTION
SE190246,2027_Spring,5,ISP392,3,CURRICULUM_ASSUMPTION
SE190246,2027_Spring,5,ITA301,3,CURRICULUM_ASSUMPTION
SE190246,2027_Spring,5,ITE302c,3,CURRICULUM_ASSUMPTION
SE190247,2027_Spring,5,IS_COM*1,3,CURRICULUM_ASSUMPTION
SE190247,2027_Spring,5,ISM302,3,CURRICULUM_ASSUMPTION
SE190247,2027_Spring,5,ISP392,3,CURRICULUM_ASSUMPTION
SE190247,2027_Spring,5,ITA301,3,CURRICULUM_ASSUMPTION
SE190247,2027_Spring,5,ITE302c,3,CURRICULUM_ASSUMPTION
SE190248,2027_Spring,5,IS_COM*1,3,CURRICULUM_ASSUMPTION
SE190248,2027_Spring,5,ISM302,3,CURRICULUM_ASSUMPTION
SE190248,2027_Spring,5,ISP392,3,CURRICULUM_ASSUMPTION
SE190248,2027_Spring,5,ITA301,3,CURRICULUM_ASSUMPTION
SE190248,2027_Spring,5,ITE302c,3,CURRICULUM_ASSUMPTION
SE190249,2027_Spring,5,IS_COM*1,3,CURRICULUM_ASSUMPTION
SE190249,2027_Spring,5,ISM302,3,CURRICULUM_ASSUMPTION
SE190249,2027_Spring,5,ISP392,3,CURRICULUM_ASSUMPTION
SE190249,2027_Spring,5,ITA301,3,CURRICULUM_ASSUMPTION
SE190249,2027_Spring,5,ITE302c,3,CURRICULUM_ASSUMPTION
SE190250,2027_Spring,5,IS_COM*1,3,CURRICULUM_ASSUMPTION
SE190250,2027_Spring,5,ISM302,3,CURRICULUM_ASSUMPTION
SE190250,2027_Spring,5,ISP392,3,CURRICULUM_ASSUMPTION
SE190250,2027_Spring,5,ITA301,3,CURRICULUM_ASSUMPTION
SE190250,2027_Spring,5,ITE302c,3,CURRICULUM_ASSUMPTION
SE190251,2027_Spring,5,IS_COM*1,3,CURRICULUM_ASSUMPTION
SE190251,2027_Spring,5,ISM302,3,CURRICULUM_ASSUMPTION
SE190251,2027_Spring,5,ISP392,3,CURRICULUM_ASSUMPTION
SE190251,2027_Spring,5,ITA301,3,CURRICULUM_ASSUMPTION
SE190251,2027_Spring,5,ITE302c,3,CURRICULUM_ASSUMPTION
SE190252,2027_Spring,5,IS_COM*1,3,CURRICULUM_ASSUMPTION
SE190252,2027_Spring,5,ISM302,3,CURRICULUM_ASSUMPTION
SE190252,2027_Spring,5,ISP392,3,CURRICULUM_ASSUMPTION
SE190252,2027_Spring,5,ITA301,3,CURRICULUM_ASSUMPTION
SE190252,2027_Spring,5,ITE302c,3,CURRICULUM_ASSUMPTION
SE190253,2027_Spring,5,IS_COM*1,3,CURRICULUM_ASSUMPTION
SE190253,2027_Spring,5,ISM302,3,CURRICULUM_ASSUMPTION
SE190253,2027_Spring,5,ISP392,3,CURRICULUM_ASSUMPTION
SE190253,2027_Spring,5,ITA301,3,CURRICULUM_ASSUMPTION
SE190253,2027_Spring,5,ITE302c,3,CURRICULUM_ASSUMPTION
SE190254,2027_Spring,5,IS_COM*1,3,CURRICULUM_ASSUMPTION
SE190254,2027_Spring,5,ISM302,3,CURRICULUM_ASSUMPTION
SE190254,2027_Spring,5,ISP392,3,CURRICULUM_ASSUMPTION
SE190254,2027_Spring,5,ITA301,3,CURRICULUM_ASSUMPTION
SE190254,2027_Spring,5,ITE302c,3,CURRICULUM_ASSUMPTION
SE190255,2027_Spring,5,IS_COM*1,3,CURRICULUM_ASSUMPTION
SE190255,2027_Spring,5,ISM302,3,CURRICULUM_ASSUMPTION
SE190255,2027_Spring,5,ISP392,3,CURRICULUM_ASSUMPTION
SE190255,2027_Spring,5,ITA301,3,CURRICULUM_ASSUMPTION
SE190255,2027_Spring,5,ITE302c,3,CURRICULUM_ASSUMPTION
SE190256,2027_Spring,5,IS_COM*1,3,CURRICULUM_ASSUMPTION
SE190256,2027_Spring,5,ISM302,3,CURRICULUM_ASSUMPTION
SE190256,2027_Spring,5,ISP392,3,CURRICULUM_ASSUMPTION
SE190256,2027_Spring,5,ITA301,3,CURRICULUM_ASSUMPTION
SE190256,2027_Spring,5,ITE302c,3,CURRICULUM_ASSUMPTION
SE190257,2027_Spring,5,IS_COM*1,3,CURRICULUM_ASSUMPTION
SE190257,2027_Spring,5,ISM302,3,CURRICULUM_ASSUMPTION
SE190257,2027_Spring,5,ISP392,3,CURRICULUM_ASSUMPTION
SE190257,2027_Spring,5,ITA301,3,CURRICULUM_ASSUMPTION
SE190257,2027_Spring,5,ITE302c,3,CURRICULUM_ASSUMPTION
SE190258,2027_Spring,5,IS_COM*1,3,CURRICULUM_ASSUMPTION
SE190258,2027_Spring,5,ISM302,3,CURRICULUM_ASSUMPTION
SE190258,2027_Spring,5,ISP392,3,CURRICULUM_ASSUMPTION
SE190258,2027_Spring,5,ITA301,3,CURRICULUM_ASSUMPTION
SE190258,2027_Spring,5,ITE302c,3,CURRICULUM_ASSUMPTION
SE190259,2027_Spring,5,IS_COM*1,3,CURRICULUM_ASSUMPTION
SE190259,2027_Spring,5,ISM302,3,CURRICULUM_ASSUMPTION
SE190259,2027_Spring,5,ISP392,3,CURRICULUM_ASSUMPTION
SE190259,2027_Spring,5,ITA301,3,CURRICULUM_ASSUMPTION
SE190259,2027_Spring,5,ITE302c,3,CURRICULUM_ASSUMPTION
SE190260,2027_Spring,5,IS_COM*1,3,CURRICULUM_ASSUMPTION
SE190260,2027_Spring,5,ISM302,3,CURRICULUM_ASSUMPTION
SE190260,2027_Spring,5,ISP392,3,CURRICULUM_ASSUMPTION
SE190260,2027_Spring,5,ITA301,3,CURRICULUM_ASSUMPTION
SE190260,2027_Spring,5,ITE302c,3,CURRICULUM_ASSUMPTION
SE190261,2027_Spring,5,IS_COM*1,3,CURRICULUM_ASSUMPTION
SE190261,2027_Spring,5,ISM302,3,CURRICULUM_ASSUMPTION
SE190261,2027_Spring,5,ISP392,3,CURRICULUM_ASSUMPTION
SE190261,2027_Spring,5,ITA301,3,CURRICULUM_ASSUMPTION
SE190261,2027_Spring,5,ITE302c,3,CURRICULUM_ASSUMPTION
SE190262,2027_Spring,5,IS_COM*1,3,CURRICULUM_ASSUMPTION
SE190262,2027_Spring,5,ISM302,3,CURRICULUM_ASSUMPTION
SE190262,2027_Spring,5,ISP392,3,CURRICULUM_ASSUMPTION
SE190262,2027_Spring,5,ITA301,3,CURRICULUM_ASSUMPTION
SE190262,2027_Spring,5,ITE302c,3,CURRICULUM_ASSUMPTION
SE190263,2027_Spring,5,IS_COM*1,3,CURRICULUM_ASSUMPTION
SE190263,2027_Spring,5,ISM302,3,CURRICULUM_ASSUMPTION
SE190263,2027_Spring,5,ISP392,3,CURRICULUM_ASSUMPTION
SE190263,2027_Spring,5,ITA301,3,CURRICULUM_ASSUMPTION
SE190263,2027_Spring,5,ITE302c,3,CURRICULUM_ASSUMPTION
SE190264,2027_Spring,5,IS_COM*1,3,CURRICULUM_ASSUMPTION
SE190264,2027_Spring,5,ISM302,3,CURRICULUM_ASSUMPTION
SE190264,2027_Spring,5,ISP392,3,CURRICULUM_ASSUMPTION
SE190264,2027_Spring,5,ITA301,3,CURRICULUM_ASSUMPTION
SE190264,2027_Spring,5,ITE302c,3,CURRICULUM_ASSUMPTION
SE190265,2027_Spring,5,IS_COM*1,3,CURRICULUM_ASSUMPTION
SE190265,2027_Spring,5,ISM302,3,CURRICULUM_ASSUMPTION
SE190265,2027_Spring,5,ISP392,3,CURRICULUM_ASSUMPTION
SE190265,2027_Spring,5,ITA301,3,CURRICULUM_ASSUMPTION
SE190265,2027_Spring,5,ITE302c,3,CURRICULUM_ASSUMPTION
SE190266,2027_Spring,5,IS_COM*1,3,CURRICULUM_ASSUMPTION
SE190266,2027_Spring,5,ISM302,3,CURRICULUM_ASSUMPTION
SE190266,2027_Spring,5,ISP392,3,CURRICULUM_ASSUMPTION
SE190266,2027_Spring,5,ITA301,3,CURRICULUM_ASSUMPTION
SE190266,2027_Spring,5,ITE302c,3,CURRICULUM_ASSUMPTION
SE190267,2027_Spring,5,IS_COM*1,3,CURRICULUM_ASSUMPTION
SE190267,2027_Spring,5,ISM302,3,CURRICULUM_ASSUMPTION
SE190267,2027_Spring,5,ISP392,3,CURRICULUM_ASSUMPTION
SE190267,2027_Spring,5,ITA301,3,CURRICULUM_ASSUMPTION
SE190267,2027_Spring,5,ITE302c,3,CURRICULUM_ASSUMPTION
SE190268,2027_Spring,5,IS_COM*1,3,CURRICULUM_ASSUMPTION
SE190268,2027_Spring,5,ISM302,3,CURRICULUM_ASSUMPTION
SE190268,2027_Spring,5,ISP392,3,CURRICULUM_ASSUMPTION
SE190268,2027_Spring,5,ITA301,3,CURRICULUM_ASSUMPTION
SE190268,2027_Spring,5,ITE302c,3,CURRICULUM_ASSUMPTION
SE190269,2027_Spring,5,IS_COM*1,3,CURRICULUM_ASSUMPTION
SE190269,2027_Spring,5,ISM302,3,CURRICULUM_ASSUMPTION
SE190269,2027_Spring,5,ISP392,3,CURRICULUM_ASSUMPTION
SE190269,2027_Spring,5,ITA301,3,CURRICULUM_ASSUMPTION
SE190269,2027_Spring,5,ITE302c,3,CURRICULUM_ASSUMPTION
SE190270,2027_Spring,5,IS_COM*1,3,CURRICULUM_ASSUMPTION
SE190270,2027_Spring,5,ISM302,3,CURRICULUM_ASSUMPTION
SE190270,2027_Spring,5,ISP392,3,CURRICULUM_ASSUMPTION
SE190270,2027_Spring,5,ITA301,3,CURRICULUM_ASSUMPTION
SE190270,2027_Spring,5,ITE302c,3,CURRICULUM_ASSUMPTION
SE190271,2027_Spring,5,IS_COM*1,3,CURRICULUM_ASSUMPTION
SE190271,2027_Spring,5,ISM302,3,CURRICULUM_ASSUMPTION
SE190271,2027_Spring,5,ISP392,3,CURRICULUM_ASSUMPTION
SE190271,2027_Spring,5,ITA301,3,CURRICULUM_ASSUMPTION
SE190271,2027_Spring,5,ITE302c,3,CURRICULUM_ASSUMPTION
SE190272,2027_Spring,5,IS_COM*1,3,CURRICULUM_ASSUMPTION
SE190272,2027_Spring,5,ISM302,3,CURRICULUM_ASSUMPTION
SE190272,2027_Spring,5,ISP392,3,CURRICULUM_ASSUMPTION
SE190272,2027_Spring,5,ITA301,3,CURRICULUM_ASSUMPTION
SE190272,2027_Spring,5,ITE302c,3,CURRICULUM_ASSUMPTION
SE190273,2027_Spring,5,IS_COM*1,3,CURRICULUM_ASSUMPTION
SE190273,2027_Spring,5,ISM302,3,CURRICULUM_ASSUMPTION
SE190273,2027_Spring,5,ISP392,3,CURRICULUM_ASSUMPTION
SE190273,2027_Spring,5,ITA301,3,CURRICULUM_ASSUMPTION
SE190273,2027_Spring,5,ITE302c,3,CURRICULUM_ASSUMPTION
SE190274,2027_Spring,5,IS_COM*1,3,CURRICULUM_ASSUMPTION
SE190274,2027_Spring,5,ISM302,3,CURRICULUM_ASSUMPTION
SE190274,2027_Spring,5,ISP392,3,CURRICULUM_ASSUMPTION
SE190274,2027_Spring,5,ITA301,3,CURRICULUM_ASSUMPTION
SE190274,2027_Spring,5,ITE302c,3,CURRICULUM_ASSUMPTION
SE190275,2027_Spring,5,IS_COM*1,3,CURRICULUM_ASSUMPTION
SE190275,2027_Spring,5,ISM302,3,CURRICULUM_ASSUMPTION
SE190275,2027_Spring,5,ISP392,3,CURRICULUM_ASSUMPTION
SE190275,2027_Spring,5,ITA301,3,CURRICULUM_ASSUMPTION
SE190275,2027_Spring,5,ITE302c,3,CURRICULUM_ASSUMPTION
SE190276,2027_Spring,5,IS_COM*1,3,CURRICULUM_ASSUMPTION
SE190276,2027_Spring,5,ISM302,3,CURRICULUM_ASSUMPTION
SE190276,2027_Spring,5,ISP392,3,CURRICULUM_ASSUMPTION
SE190276,2027_Spring,5,ITA301,3,CURRICULUM_ASSUMPTION
SE190276,2027_Spring,5,ITE302c,3,CURRICULUM_ASSUMPTION
SE190277,2027_Spring,5,IS_COM*1,3,CURRICULUM_ASSUMPTION
SE190277,2027_Spring,5,ISM302,3,CURRICULUM_ASSUMPTION
SE190277,2027_Spring,5,ISP392,3,CURRICULUM_ASSUMPTION
SE190277,2027_Spring,5,ITA301,3,CURRICULUM_ASSUMPTION
SE190277,2027_Spring,5,ITE302c,3,CURRICULUM_ASSUMPTION
SE190278,2027_Spring,5,IS_COM*1,3,CURRICULUM_ASSUMPTION
SE190278,2027_Spring,5,ISM302,3,CURRICULUM_ASSUMPTION
SE190278,2027_Spring,5,ISP392,3,CURRICULUM_ASSUMPTION
SE190278,2027_Spring,5,ITA301,3,CURRICULUM_ASSUMPTION
SE190278,2027_Spring,5,ITE302c,3,CURRICULUM_ASSUMPTION
SE190279,2027_Spring,5,IS_COM*1,3,CURRICULUM_ASSUMPTION
SE190279,2027_Spring,5,ISM302,3,CURRICULUM_ASSUMPTION
SE190279,2027_Spring,5,ISP392,3,CURRICULUM_ASSUMPTION
SE190279,2027_Spring,5,ITA301,3,CURRICULUM_ASSUMPTION
SE190279,2027_Spring,5,ITE302c,3,CURRICULUM_ASSUMPTION
SE190280,2027_Spring,5,IS_COM*1,3,CURRICULUM_ASSUMPTION
SE190280,2027_Spring,5,ISM302,3,CURRICULUM_ASSUMPTION
SE190280,2027_Spring,5,ISP392,3,CURRICULUM_ASSUMPTION
SE190280,2027_Spring,5,ITA301,3,CURRICULUM_ASSUMPTION
SE190280,2027_Spring,5,ITE302c,3,CURRICULUM_ASSUMPTION
SE190281,2027_Spring,5,IS_COM*1,3,CURRICULUM_ASSUMPTION
SE190281,2027_Spring,5,ISM302,3,CURRICULUM_ASSUMPTION
SE190281,2027_Spring,5,ISP392,3,CURRICULUM_ASSUMPTION
SE190281,2027_Spring,5,ITA301,3,CURRICULUM_ASSUMPTION
SE190281,2027_Spring,5,ITE302c,3,CURRICULUM_ASSUMPTION
SE190282,2027_Spring,5,IS_COM*1,3,CURRICULUM_ASSUMPTION
SE190282,2027_Spring,5,ISM302,3,CURRICULUM_ASSUMPTION
SE190282,2027_Spring,5,ISP392,3,CURRICULUM_ASSUMPTION
SE190282,2027_Spring,5,ITA301,3,CURRICULUM_ASSUMPTION
SE190282,2027_Spring,5,ITE302c,3,CURRICULUM_ASSUMPTION
SE190283,2027_Spring,5,IS_COM*1,3,CURRICULUM_ASSUMPTION
SE190283,2027_Spring,5,ISM302,3,CURRICULUM_ASSUMPTION
SE190283,2027_Spring,5,ISP392,3,CURRICULUM_ASSUMPTION
SE190283,2027_Spring,5,ITA301,3,CURRICULUM_ASSUMPTION
SE190283,2027_Spring,5,ITE302c,3,CURRICULUM_ASSUMPTION
SE190284,2027_Spring,5,IS_COM*1,3,CURRICULUM_ASSUMPTION
SE190284,2027_Spring,5,ISM302,3,CURRICULUM_ASSUMPTION
SE190284,2027_Spring,5,ISP392,3,CURRICULUM_ASSUMPTION
SE190284,2027_Spring,5,ITA301,3,CURRICULUM_ASSUMPTION
SE190284,2027_Spring,5,ITE302c,3,CURRICULUM_ASSUMPTION
SE190285,2027_Spring,5,IS_COM*1,3,CURRICULUM_ASSUMPTION
SE190285,2027_Spring,5,ISM302,3,CURRICULUM_ASSUMPTION
SE190285,2027_Spring,5,ISP392,3,CURRICULUM_ASSUMPTION
SE190285,2027_Spring,5,ITA301,3,CURRICULUM_ASSUMPTION
SE190285,2027_Spring,5,ITE302c,3,CURRICULUM_ASSUMPTION
SE190286,2027_Spring,5,IS_COM*1,3,CURRICULUM_ASSUMPTION
SE190286,2027_Spring,5,ISM302,3,CURRICULUM_ASSUMPTION
SE190286,2027_Spring,5,ISP392,3,CURRICULUM_ASSUMPTION
SE190286,2027_Spring,5,ITA301,3,CURRICULUM_ASSUMPTION
SE190286,2027_Spring,5,ITE302c,3,CURRICULUM_ASSUMPTION
SE190287,2027_Spring,5,IS_COM*1,3,CURRICULUM_ASSUMPTION
SE190287,2027_Spring,5,ISM302,3,CURRICULUM_ASSUMPTION
SE190287,2027_Spring,5,ISP392,3,CURRICULUM_ASSUMPTION
SE190287,2027_Spring,5,ITA301,3,CURRICULUM_ASSUMPTION
SE190287,2027_Spring,5,ITE302c,3,CURRICULUM_ASSUMPTION
SE190288,2027_Spring,5,IS_COM*1,3,CURRICULUM_ASSUMPTION
SE190288,2027_Spring,5,ISM302,3,CURRICULUM_ASSUMPTION
SE190288,2027_Spring,5,ISP392,3,CURRICULUM_ASSUMPTION
SE190288,2027_Spring,5,ITA301,3,CURRICULUM_ASSUMPTION
SE190288,2027_Spring,5,ITE302c,3,CURRICULUM_ASSUMPTION
SE190289,2027_Spring,5,IS_COM*1,3,CURRICULUM_ASSUMPTION
SE190289,2027_Spring,5,ISM302,3,CURRICULUM_ASSUMPTION
SE190289,2027_Spring,5,ISP392,3,CURRICULUM_ASSUMPTION
SE190289,2027_Spring,5,ITA301,3,CURRICULUM_ASSUMPTION
SE190289,2027_Spring,5,ITE302c,3,CURRICULUM_ASSUMPTION
SE190290,2027_Spring,5,IS_COM*1,3,CURRICULUM_ASSUMPTION
SE190290,2027_Spring,5,ISM302,3,CURRICULUM_ASSUMPTION
SE190290,2027_Spring,5,ISP392,3,CURRICULUM_ASSUMPTION
SE190290,2027_Spring,5,ITA301,3,CURRICULUM_ASSUMPTION
SE190290,2027_Spring,5,ITE302c,3,CURRICULUM_ASSUMPTION
SE190291,2027_Spring,5,IS_COM*1,3,CURRICULUM_ASSUMPTION
SE190291,2027_Spring,5,ISM302,3,CURRICULUM_ASSUMPTION
SE190291,2027_Spring,5,ISP392,3,CURRICULUM_ASSUMPTION
SE190291,2027_Spring,5,ITA301,3,CURRICULUM_ASSUMPTION
SE190291,2027_Spring,5,ITE302c,3,CURRICULUM_ASSUMPTION
SE190292,2027_Spring,5,IS_COM*1,3,CURRICULUM_ASSUMPTION
SE190292,2027_Spring,5,ISM302,3,CURRICULUM_ASSUMPTION
SE190292,2027_Spring,5,ISP392,3,CURRICULUM_ASSUMPTION
SE190292,2027_Spring,5,ITA301,3,CURRICULUM_ASSUMPTION
SE190292,2027_Spring,5,ITE302c,3,CURRICULUM_ASSUMPTION
SE190293,2027_Spring,5,IS_COM*1,3,CURRICULUM_ASSUMPTION
SE190293,2027_Spring,5,ISM302,3,CURRICULUM_ASSUMPTION
SE190293,2027_Spring,5,ISP392,3,CURRICULUM_ASSUMPTION
SE190293,2027_Spring,5,ITA301,3,CURRICULUM_ASSUMPTION
SE190293,2027_Spring,5,ITE302c,3,CURRICULUM_ASSUMPTION
SE190294,2027_Spring,5,IS_COM*1,3,CURRICULUM_ASSUMPTION
SE190294,2027_Spring,5,ISM302,3,CURRICULUM_ASSUMPTION
SE190294,2027_Spring,5,ISP392,3,CURRICULUM_ASSUMPTION
SE190294,2027_Spring,5,ITA301,3,CURRICULUM_ASSUMPTION
SE190294,2027_Spring,5,ITE302c,3,CURRICULUM_ASSUMPTION
SE190295,2027_Spring,5,IS_COM*1,3,CURRICULUM_ASSUMPTION
SE190295,2027_Spring,5,ISM302,3,CURRICULUM_ASSUMPTION
SE190295,2027_Spring,5,ISP392,3,CURRICULUM_ASSUMPTION
SE190295,2027_Spring,5,ITA301,3,CURRICULUM_ASSUMPTION
SE190295,2027_Spring,5,ITE302c,3,CURRICULUM_ASSUMPTION
SE190296,2027_Spring,5,IS_COM*1,3,CURRICULUM_ASSUMPTION
SE190296,2027_Spring,5,ISM302,3,CURRICULUM_ASSUMPTION
SE190296,2027_Spring,5,ISP392,3,CURRICULUM_ASSUMPTION
SE190296,2027_Spring,5,ITA301,3,CURRICULUM_ASSUMPTION
SE190296,2027_Spring,5,ITE302c,3,CURRICULUM_ASSUMPTION
SE190297,2027_Spring,5,IS_COM*1,3,CURRICULUM_ASSUMPTION
SE190297,2027_Spring,5,ISM302,3,CURRICULUM_ASSUMPTION
SE190297,2027_Spring,5,ISP392,3,CURRICULUM_ASSUMPTION
SE190297,2027_Spring,5,ITA301,3,CURRICULUM_ASSUMPTION
SE190297,2027_Spring,5,ITE302c,3,CURRICULUM_ASSUMPTION
SE190298,2027_Spring,5,IS_COM*1,3,CURRICULUM_ASSUMPTION
SE190298,2027_Spring,5,ISM302,3,CURRICULUM_ASSUMPTION
SE190298,2027_Spring,5,ISP392,3,CURRICULUM_ASSUMPTION
SE190298,2027_Spring,5,ITA301,3,CURRICULUM_ASSUMPTION
SE190298,2027_Spring,5,ITE302c,3,CURRICULUM_ASSUMPTION
SE190299,2027_Spring,5,IS_COM*1,3,CURRICULUM_ASSUMPTION
SE190299,2027_Spring,5,ISM302,3,CURRICULUM_ASSUMPTION
SE190299,2027_Spring,5,ISP392,3,CURRICULUM_ASSUMPTION
SE190299,2027_Spring,5,ITA301,3,CURRICULUM_ASSUMPTION
SE190299,2027_Spring,5,ITE302c,3,CURRICULUM_ASSUMPTION
SE190300,2027_Spring,5,IS_COM*1,3,CURRICULUM_ASSUMPTION
SE190300,2027_Spring,5,ISM302,3,CURRICULUM_ASSUMPTION
SE190300,2027_Spring,5,ISP392,3,CURRICULUM_ASSUMPTION
SE190300,2027_Spring,5,ITA301,3,CURRICULUM_ASSUMPTION
SE190300,2027_Spring,5,ITE302c,3,CURRICULUM_ASSUMPTION
SE190301,2027_Spring,5,IS_COM*1,3,CURRICULUM_ASSUMPTION
SE190301,2027_Spring,5,ISM302,3,CURRICULUM_ASSUMPTION
SE190301,2027_Spring,5,ISP392,3,CURRICULUM_ASSUMPTION
SE190301,2027_Spring,5,ITA301,3,CURRICULUM_ASSUMPTION
SE190301,2027_Spring,5,ITE302c,3,CURRICULUM_ASSUMPTION
SE190302,2027_Spring,5,IS_COM*1,3,CURRICULUM_ASSUMPTION
SE190302,2027_Spring,5,ISM302,3,CURRICULUM_ASSUMPTION
SE190302,2027_Spring,5,ISP392,3,CURRICULUM_ASSUMPTION
SE190302,2027_Spring,5,ITA301,3,CURRICULUM_ASSUMPTION
SE190302,2027_Spring,5,ITE302c,3,CURRICULUM_ASSUMPTION
SE190303,2027_Spring,5,IS_COM*1,3,CURRICULUM_ASSUMPTION
SE190303,2027_Spring,5,ISM302,3,CURRICULUM_ASSUMPTION
SE190303,2027_Spring,5,ISP392,3,CURRICULUM_ASSUMPTION
SE190303,2027_Spring,5,ITA301,3,CURRICULUM_ASSUMPTION
SE190303,2027_Spring,5,ITE302c,3,CURRICULUM_ASSUMPTION
SE190304,2027_Spring,5,IS_COM*1,3,CURRICULUM_ASSUMPTION
SE190304,2027_Spring,5,ISM302,3,CURRICULUM_ASSUMPTION
SE190304,2027_Spring,5,ISP392,3,CURRICULUM_ASSUMPTION
SE190304,2027_Spring,5,ITA301,3,CURRICULUM_ASSUMPTION
SE190304,2027_Spring,5,ITE302c,3,CURRICULUM_ASSUMPTION
SE190305,2027_Spring,5,IS_COM*1,3,CURRICULUM_ASSUMPTION
SE190305,2027_Spring,5,ISM302,3,CURRICULUM_ASSUMPTION
SE190305,2027_Spring,5,ISP392,3,CURRICULUM_ASSUMPTION
SE190305,2027_Spring,5,ITA301,3,CURRICULUM_ASSUMPTION
SE190305,2027_Spring,5,ITE302c,3,CURRICULUM_ASSUMPTION
SE190306,2027_Spring,5,IS_COM*1,3,CURRICULUM_ASSUMPTION
SE190306,2027_Spring,5,ISM302,3,CURRICULUM_ASSUMPTION
SE190306,2027_Spring,5,ISP392,3,CURRICULUM_ASSUMPTION
SE190306,2027_Spring,5,ITA301,3,CURRICULUM_ASSUMPTION
SE190306,2027_Spring,5,ITE302c,3,CURRICULUM_ASSUMPTION
SE190307,2027_Spring,5,IS_COM*1,3,CURRICULUM_ASSUMPTION
SE190307,2027_Spring,5,ISM302,3,CURRICULUM_ASSUMPTION
SE190307,2027_Spring,5,ISP392,3,CURRICULUM_ASSUMPTION
SE190307,2027_Spring,5,ITA301,3,CURRICULUM_ASSUMPTION
SE190307,2027_Spring,5,ITE302c,3,CURRICULUM_ASSUMPTION
SE190308,2027_Spring,5,IS_COM*1,3,CURRICULUM_ASSUMPTION
SE190308,2027_Spring,5,ISM302,3,CURRICULUM_ASSUMPTION
SE190308,2027_Spring,5,ISP392,3,CURRICULUM_ASSUMPTION
SE190308,2027_Spring,5,ITA301,3,CURRICULUM_ASSUMPTION
SE190308,2027_Spring,5,ITE302c,3,CURRICULUM_ASSUMPTION
SE190309,2027_Spring,5,IS_COM*1,3,CURRICULUM_ASSUMPTION
SE190309,2027_Spring,5,ISM302,3,CURRICULUM_ASSUMPTION
SE190309,2027_Spring,5,ISP392,3,CURRICULUM_ASSUMPTION
SE190309,2027_Spring,5,ITA301,3,CURRICULUM_ASSUMPTION
SE190309,2027_Spring,5,ITE302c,3,CURRICULUM_ASSUMPTION
SE190310,2027_Spring,5,IS_COM*1,3,CURRICULUM_ASSUMPTION
SE190310,2027_Spring,5,ISM302,3,CURRICULUM_ASSUMPTION
SE190310,2027_Spring,5,ISP392,3,CURRICULUM_ASSUMPTION
SE190310,2027_Spring,5,ITA301,3,CURRICULUM_ASSUMPTION
SE190310,2027_Spring,5,ITE302c,3,CURRICULUM_ASSUMPTION
SE190311,2027_Spring,5,IS_COM*1,3,CURRICULUM_ASSUMPTION
SE190311,2027_Spring,5,ISM302,3,CURRICULUM_ASSUMPTION
SE190311,2027_Spring,5,ISP392,3,CURRICULUM_ASSUMPTION
SE190311,2027_Spring,5,ITA301,3,CURRICULUM_ASSUMPTION
SE190311,2027_Spring,5,ITE302c,3,CURRICULUM_ASSUMPTION
SE190312,2027_Spring,5,IS_COM*1,3,CURRICULUM_ASSUMPTION
SE190312,2027_Spring,5,ISM302,3,CURRICULUM_ASSUMPTION
SE190312,2027_Spring,5,ISP392,3,CURRICULUM_ASSUMPTION
SE190312,2027_Spring,5,ITA301,3,CURRICULUM_ASSUMPTION
SE190312,2027_Spring,5,ITE302c,3,CURRICULUM_ASSUMPTION
SE190313,2027_Spring,5,IS_COM*1,3,CURRICULUM_ASSUMPTION
SE190313,2027_Spring,5,ISM302,3,CURRICULUM_ASSUMPTION
SE190313,2027_Spring,5,ISP392,3,CURRICULUM_ASSUMPTION
SE190313,2027_Spring,5,ITA301,3,CURRICULUM_ASSUMPTION
SE190313,2027_Spring,5,ITE302c,3,CURRICULUM_ASSUMPTION
SE190314,2027_Spring,5,IS_COM*1,3,CURRICULUM_ASSUMPTION
SE190314,2027_Spring,5,ISM302,3,CURRICULUM_ASSUMPTION
SE190314,2027_Spring,5,ISP392,3,CURRICULUM_ASSUMPTION
SE190314,2027_Spring,5,ITA301,3,CURRICULUM_ASSUMPTION
SE190314,2027_Spring,5,ITE302c,3,CURRICULUM_ASSUMPTION
SE190315,2027_Spring,5,IS_COM*1,3,CURRICULUM_ASSUMPTION
SE190315,2027_Spring,5,ISM302,3,CURRICULUM_ASSUMPTION
SE190315,2027_Spring,5,ISP392,3,CURRICULUM_ASSUMPTION
SE190315,2027_Spring,5,ITA301,3,CURRICULUM_ASSUMPTION
SE190315,2027_Spring,5,ITE302c,3,CURRICULUM_ASSUMPTION
SE190316,2027_Spring,5,IS_COM*1,3,CURRICULUM_ASSUMPTION
SE190316,2027_Spring,5,ISM302,3,CURRICULUM_ASSUMPTION
SE190316,2027_Spring,5,ISP392,3,CURRICULUM_ASSUMPTION
SE190316,2027_Spring,5,ITA301,3,CURRICULUM_ASSUMPTION
SE190316,2027_Spring,5,ITE302c,3,CURRICULUM_ASSUMPTION
SE190317,2027_Spring,5,IS_COM*1,3,CURRICULUM_ASSUMPTION
SE190317,2027_Spring,5,ISM302,3,CURRICULUM_ASSUMPTION
SE190317,2027_Spring,5,ISP392,3,CURRICULUM_ASSUMPTION
SE190317,2027_Spring,5,ITA301,3,CURRICULUM_ASSUMPTION
SE190317,2027_Spring,5,ITE302c,3,CURRICULUM_ASSUMPTION
SE190318,2027_Spring,5,IS_COM*1,3,CURRICULUM_ASSUMPTION
SE190318,2027_Spring,5,ISM302,3,CURRICULUM_ASSUMPTION
SE190318,2027_Spring,5,ISP392,3,CURRICULUM_ASSUMPTION
SE190318,2027_Spring,5,ITA301,3,CURRICULUM_ASSUMPTION
SE190318,2027_Spring,5,ITE302c,3,CURRICULUM_ASSUMPTION
SE190319,2027_Spring,5,IS_COM*1,3,CURRICULUM_ASSUMPTION
SE190319,2027_Spring,5,ISM302,3,CURRICULUM_ASSUMPTION
SE190319,2027_Spring,5,ISP392,3,CURRICULUM_ASSUMPTION
SE190319,2027_Spring,5,ITA301,3,CURRICULUM_ASSUMPTION
SE190319,2027_Spring,5,ITE302c,3,CURRICULUM_ASSUMPTION
SE190320,2027_Spring,5,IS_COM*1,3,CURRICULUM_ASSUMPTION
SE190320,2027_Spring,5,ISM302,3,CURRICULUM_ASSUMPTION
SE190320,2027_Spring,5,ISP392,3,CURRICULUM_ASSUMPTION
SE190320,2027_Spring,5,ITA301,3,CURRICULUM_ASSUMPTION
SE190320,2027_Spring,5,ITE302c,3,CURRICULUM_ASSUMPTION
SE190321,2027_Spring,5,IS_COM*1,3,CURRICULUM_ASSUMPTION
SE190321,2027_Spring,5,ISM302,3,CURRICULUM_ASSUMPTION
SE190321,2027_Spring,5,ISP392,3,CURRICULUM_ASSUMPTION
SE190321,2027_Spring,5,ITA301,3,CURRICULUM_ASSUMPTION
SE190321,2027_Spring,5,ITE302c,3,CURRICULUM_ASSUMPTION
SE190322,2027_Spring,5,IS_COM*1,3,CURRICULUM_ASSUMPTION
SE190322,2027_Spring,5,ISM302,3,CURRICULUM_ASSUMPTION
SE190322,2027_Spring,5,ISP392,3,CURRICULUM_ASSUMPTION
SE190322,2027_Spring,5,ITA301,3,CURRICULUM_ASSUMPTION
SE190322,2027_Spring,5,ITE302c,3,CURRICULUM_ASSUMPTION
SE190323,2027_Spring,5,IS_COM*1,3,CURRICULUM_ASSUMPTION
SE190323,2027_Spring,5,ISM302,3,CURRICULUM_ASSUMPTION
SE190323,2027_Spring,5,ISP392,3,CURRICULUM_ASSUMPTION
SE190323,2027_Spring,5,ITA301,3,CURRICULUM_ASSUMPTION
SE190323,2027_Spring,5,ITE302c,3,CURRICULUM_ASSUMPTION
SE190324,2027_Spring,5,IS_COM*1,3,CURRICULUM_ASSUMPTION
SE190324,2027_Spring,5,ISM302,3,CURRICULUM_ASSUMPTION
SE190324,2027_Spring,5,ISP392,3,CURRICULUM_ASSUMPTION
SE190324,2027_Spring,5,ITA301,3,CURRICULUM_ASSUMPTION
SE190324,2027_Spring,5,ITE302c,3,CURRICULUM_ASSUMPTION
SE190325,2027_Spring,5,IS_COM*1,3,CURRICULUM_ASSUMPTION
SE190325,2027_Spring,5,ISM302,3,CURRICULUM_ASSUMPTION
SE190325,2027_Spring,5,ISP392,3,CURRICULUM_ASSUMPTION
SE190325,2027_Spring,5,ITA301,3,CURRICULUM_ASSUMPTION
SE190325,2027_Spring,5,ITE302c,3,CURRICULUM_ASSUMPTION
SE190326,2027_Spring,5,IS_COM*1,3,CURRICULUM_ASSUMPTION
SE190326,2027_Spring,5,ISM302,3,CURRICULUM_ASSUMPTION
SE190326,2027_Spring,5,ISP392,3,CURRICULUM_ASSUMPTION
SE190326,2027_Spring,5,ITA301,3,CURRICULUM_ASSUMPTION
SE190326,2027_Spring,5,ITE302c,3,CURRICULUM_ASSUMPTION
SE190327,2027_Spring,5,IS_COM*1,3,CURRICULUM_ASSUMPTION
SE190327,2027_Spring,5,ISM302,3,CURRICULUM_ASSUMPTION
SE190327,2027_Spring,5,ISP392,3,CURRICULUM_ASSUMPTION
SE190327,2027_Spring,5,ITA301,3,CURRICULUM_ASSUMPTION
SE190327,2027_Spring,5,ITE302c,3,CURRICULUM_ASSUMPTION
SE190328,2027_Spring,5,IS_COM*1,3,CURRICULUM_ASSUMPTION
SE190328,2027_Spring,5,ISM302,3,CURRICULUM_ASSUMPTION
SE190328,2027_Spring,5,ISP392,3,CURRICULUM_ASSUMPTION
SE190328,2027_Spring,5,ITA301,3,CURRICULUM_ASSUMPTION
SE190328,2027_Spring,5,ITE302c,3,CURRICULUM_ASSUMPTION
SE190329,2027_Spring,5,IS_COM*1,3,CURRICULUM_ASSUMPTION
SE190329,2027_Spring,5,ISM302,3,CURRICULUM_ASSUMPTION
SE190329,2027_Spring,5,ISP392,3,CURRICULUM_ASSUMPTION
SE190329,2027_Spring,5,ITA301,3,CURRICULUM_ASSUMPTION
SE190329,2027_Spring,5,ITE302c,3,CURRICULUM_ASSUMPTION
SE190330,2027_Spring,5,IS_COM*1,3,CURRICULUM_ASSUMPTION
SE190330,2027_Spring,5,ISM302,3,CURRICULUM_ASSUMPTION
SE190330,2027_Spring,5,ISP392,3,CURRICULUM_ASSUMPTION
SE190330,2027_Spring,5,ITA301,3,CURRICULUM_ASSUMPTION
SE190330,2027_Spring,5,ITE302c,3,CURRICULUM_ASSUMPTION
SE190331,2027_Spring,5,IS_COM*1,3,CURRICULUM_ASSUMPTION
SE190331,2027_Spring,5,ISM302,3,CURRICULUM_ASSUMPTION
SE190331,2027_Spring,5,ISP392,3,CURRICULUM_ASSUMPTION
SE190331,2027_Spring,5,ITA301,3,CURRICULUM_ASSUMPTION
SE190331,2027_Spring,5,ITE302c,3,CURRICULUM_ASSUMPTION
SE190332,2027_Spring,5,IS_COM*1,3,CURRICULUM_ASSUMPTION
SE190332,2027_Spring,5,ISM302,3,CURRICULUM_ASSUMPTION
SE190332,2027_Spring,5,ISP392,3,CURRICULUM_ASSUMPTION
SE190332,2027_Spring,5,ITA301,3,CURRICULUM_ASSUMPTION
SE190332,2027_Spring,5,ITE302c,3,CURRICULUM_ASSUMPTION
SE190333,2027_Spring,5,IS_COM*1,3,CURRICULUM_ASSUMPTION
SE190333,2027_Spring,5,ISM302,3,CURRICULUM_ASSUMPTION
SE190333,2027_Spring,5,ISP392,3,CURRICULUM_ASSUMPTION
SE190333,2027_Spring,5,ITA301,3,CURRICULUM_ASSUMPTION
SE190333,2027_Spring,5,ITE302c,3,CURRICULUM_ASSUMPTION
SE190334,2027_Spring,5,IS_COM*1,3,CURRICULUM_ASSUMPTION
SE190334,2027_Spring,5,ISM302,3,CURRICULUM_ASSUMPTION
SE190334,2027_Spring,5,ISP392,3,CURRICULUM_ASSUMPTION
SE190334,2027_Spring,5,ITA301,3,CURRICULUM_ASSUMPTION
SE190334,2027_Spring,5,ITE302c,3,CURRICULUM_ASSUMPTION
SE190335,2027_Spring,5,IS_COM*1,3,CURRICULUM_ASSUMPTION
SE190335,2027_Spring,5,ISM302,3,CURRICULUM_ASSUMPTION
SE190335,2027_Spring,5,ISP392,3,CURRICULUM_ASSUMPTION
SE190335,2027_Spring,5,ITA301,3,CURRICULUM_ASSUMPTION
SE190335,2027_Spring,5,ITE302c,3,CURRICULUM_ASSUMPTION
SE190336,2027_Spring,5,IS_COM*1,3,CURRICULUM_ASSUMPTION
SE190336,2027_Spring,5,ISM302,3,CURRICULUM_ASSUMPTION
SE190336,2027_Spring,5,ISP392,3,CURRICULUM_ASSUMPTION
SE190336,2027_Spring,5,ITA301,3,CURRICULUM_ASSUMPTION
SE190336,2027_Spring,5,ITE302c,3,CURRICULUM_ASSUMPTION
SE190337,2027_Spring,5,IS_COM*1,3,CURRICULUM_ASSUMPTION
SE190337,2027_Spring,5,ISM302,3,CURRICULUM_ASSUMPTION
SE190337,2027_Spring,5,ISP392,3,CURRICULUM_ASSUMPTION
SE190337,2027_Spring,5,ITA301,3,CURRICULUM_ASSUMPTION
SE190337,2027_Spring,5,ITE302c,3,CURRICULUM_ASSUMPTION
SE190338,2027_Spring,5,IS_COM*1,3,CURRICULUM_ASSUMPTION
SE190338,2027_Spring,5,ISM302,3,CURRICULUM_ASSUMPTION
SE190338,2027_Spring,5,ISP392,3,CURRICULUM_ASSUMPTION
SE190338,2027_Spring,5,ITA301,3,CURRICULUM_ASSUMPTION
SE190338,2027_Spring,5,ITE302c,3,CURRICULUM_ASSUMPTION
SE190339,2027_Spring,5,IS_COM*1,3,CURRICULUM_ASSUMPTION
SE190339,2027_Spring,5,ISM302,3,CURRICULUM_ASSUMPTION
SE190339,2027_Spring,5,ISP392,3,CURRICULUM_ASSUMPTION
SE190339,2027_Spring,5,ITA301,3,CURRICULUM_ASSUMPTION
SE190339,2027_Spring,5,ITE302c,3,CURRICULUM_ASSUMPTION
SE190340,2027_Spring,5,IS_COM*1,3,CURRICULUM_ASSUMPTION
SE190340,2027_Spring,5,ISM302,3,CURRICULUM_ASSUMPTION
SE190340,2027_Spring,5,ISP392,3,CURRICULUM_ASSUMPTION
SE190340,2027_Spring,5,ITA301,3,CURRICULUM_ASSUMPTION
SE190340,2027_Spring,5,ITE302c,3,CURRICULUM_ASSUMPTION
SE190341,2027_Spring,5,IS_COM*1,3,CURRICULUM_ASSUMPTION
SE190341,2027_Spring,5,ISM302,3,CURRICULUM_ASSUMPTION
SE190341,2027_Spring,5,ISP392,3,CURRICULUM_ASSUMPTION
SE190341,2027_Spring,5,ITA301,3,CURRICULUM_ASSUMPTION
SE190341,2027_Spring,5,ITE302c,3,CURRICULUM_ASSUMPTION
SE190342,2027_Spring,5,IS_COM*1,3,CURRICULUM_ASSUMPTION
SE190342,2027_Spring,5,ISM302,3,CURRICULUM_ASSUMPTION
SE190342,2027_Spring,5,ISP392,3,CURRICULUM_ASSUMPTION
SE190342,2027_Spring,5,ITA301,3,CURRICULUM_ASSUMPTION
SE190342,2027_Spring,5,ITE302c,3,CURRICULUM_ASSUMPTION
SE190343,2027_Spring,5,IS_COM*1,3,CURRICULUM_ASSUMPTION
SE190343,2027_Spring,5,ISM302,3,CURRICULUM_ASSUMPTION
SE190343,2027_Spring,5,ISP392,3,CURRICULUM_ASSUMPTION
SE190343,2027_Spring,5,ITA301,3,CURRICULUM_ASSUMPTION
SE190343,2027_Spring,5,ITE302c,3,CURRICULUM_ASSUMPTION
SE190344,2027_Spring,5,IS_COM*1,3,CURRICULUM_ASSUMPTION
SE190344,2027_Spring,5,ISM302,3,CURRICULUM_ASSUMPTION
SE190344,2027_Spring,5,ISP392,3,CURRICULUM_ASSUMPTION
SE190344,2027_Spring,5,ITA301,3,CURRICULUM_ASSUMPTION
SE190344,2027_Spring,5,ITE302c,3,CURRICULUM_ASSUMPTION
SE190345,2027_Spring,5,IS_COM*1,3,CURRICULUM_ASSUMPTION
SE190345,2027_Spring,5,ISM302,3,CURRICULUM_ASSUMPTION
SE190345,2027_Spring,5,ISP392,3,CURRICULUM_ASSUMPTION
SE190345,2027_Spring,5,ITA301,3,CURRICULUM_ASSUMPTION
SE190345,2027_Spring,5,ITE302c,3,CURRICULUM_ASSUMPTION
SE190346,2027_Spring,5,IS_COM*1,3,CURRICULUM_ASSUMPTION
SE190346,2027_Spring,5,ISM302,3,CURRICULUM_ASSUMPTION
SE190346,2027_Spring,5,ISP392,3,CURRICULUM_ASSUMPTION
SE190346,2027_Spring,5,ITA301,3,CURRICULUM_ASSUMPTION
SE190346,2027_Spring,5,ITE302c,3,CURRICULUM_ASSUMPTION
SE190347,2027_Spring,5,IS_COM*1,3,CURRICULUM_ASSUMPTION
SE190347,2027_Spring,5,ISM302,3,CURRICULUM_ASSUMPTION
SE190347,2027_Spring,5,ISP392,3,CURRICULUM_ASSUMPTION
SE190347,2027_Spring,5,ITA301,3,CURRICULUM_ASSUMPTION
SE190347,2027_Spring,5,ITE302c,3,CURRICULUM_ASSUMPTION
SE190348,2027_Spring,5,IS_COM*1,3,CURRICULUM_ASSUMPTION
SE190348,2027_Spring,5,ISM302,3,CURRICULUM_ASSUMPTION
SE190348,2027_Spring,5,ISP392,3,CURRICULUM_ASSUMPTION
SE190348,2027_Spring,5,ITA301,3,CURRICULUM_ASSUMPTION
SE190348,2027_Spring,5,ITE302c,3,CURRICULUM_ASSUMPTION
SE190349,2027_Spring,5,IS_COM*1,3,CURRICULUM_ASSUMPTION
SE190349,2027_Spring,5,ISM302,3,CURRICULUM_ASSUMPTION
SE190349,2027_Spring,5,ISP392,3,CURRICULUM_ASSUMPTION
SE190349,2027_Spring,5,ITA301,3,CURRICULUM_ASSUMPTION
SE190349,2027_Spring,5,ITE302c,3,CURRICULUM_ASSUMPTION
SE190350,2027_Spring,5,IS_COM*1,3,CURRICULUM_ASSUMPTION
SE190350,2027_Spring,5,ISM302,3,CURRICULUM_ASSUMPTION
SE190350,2027_Spring,5,ISP392,3,CURRICULUM_ASSUMPTION
SE190350,2027_Spring,5,ITA301,3,CURRICULUM_ASSUMPTION
SE190350,2027_Spring,5,ITE302c,3,CURRICULUM_ASSUMPTION
SE190351,2027_Spring,5,IS_COM*1,3,CURRICULUM_ASSUMPTION
SE190351,2027_Spring,5,ISM302,3,CURRICULUM_ASSUMPTION
SE190351,2027_Spring,5,ISP392,3,CURRICULUM_ASSUMPTION
SE190351,2027_Spring,5,ITA301,3,CURRICULUM_ASSUMPTION
SE190351,2027_Spring,5,ITE302c,3,CURRICULUM_ASSUMPTION
SE190352,2027_Spring,5,IS_COM*1,3,CURRICULUM_ASSUMPTION
SE190352,2027_Spring,5,ISM302,3,CURRICULUM_ASSUMPTION
SE190352,2027_Spring,5,ISP392,3,CURRICULUM_ASSUMPTION
SE190352,2027_Spring,5,ITA301,3,CURRICULUM_ASSUMPTION
SE190352,2027_Spring,5,ITE302c,3,CURRICULUM_ASSUMPTION
SE190353,2027_Spring,5,IS_COM*1,3,CURRICULUM_ASSUMPTION
SE190353,2027_Spring,5,ISM302,3,CURRICULUM_ASSUMPTION
SE190353,2027_Spring,5,ISP392,3,CURRICULUM_ASSUMPTION
SE190353,2027_Spring,5,ITA301,3,CURRICULUM_ASSUMPTION
SE190353,2027_Spring,5,ITE302c,3,CURRICULUM_ASSUMPTION
SE190354,2027_Spring,5,IS_COM*1,3,CURRICULUM_ASSUMPTION
SE190354,2027_Spring,5,ISM302,3,CURRICULUM_ASSUMPTION
SE190354,2027_Spring,5,ISP392,3,CURRICULUM_ASSUMPTION
SE190354,2027_Spring,5,ITA301,3,CURRICULUM_ASSUMPTION
SE190354,2027_Spring,5,ITE302c,3,CURRICULUM_ASSUMPTION
SE190355,2027_Spring,5,IS_COM*1,3,CURRICULUM_ASSUMPTION
SE190355,2027_Spring,5,ISM302,3,CURRICULUM_ASSUMPTION
SE190355,2027_Spring,5,ISP392,3,CURRICULUM_ASSUMPTION
SE190355,2027_Spring,5,ITA301,3,CURRICULUM_ASSUMPTION
SE190355,2027_Spring,5,ITE302c,3,CURRICULUM_ASSUMPTION
SE190356,2027_Spring,5,IS_COM*1,3,CURRICULUM_ASSUMPTION
SE190356,2027_Spring,5,ISM302,3,CURRICULUM_ASSUMPTION
SE190356,2027_Spring,5,ISP392,3,CURRICULUM_ASSUMPTION
SE190356,2027_Spring,5,ITA301,3,CURRICULUM_ASSUMPTION
SE190356,2027_Spring,5,ITE302c,3,CURRICULUM_ASSUMPTION
SE190357,2027_Spring,5,IS_COM*1,3,CURRICULUM_ASSUMPTION
SE190357,2027_Spring,5,ISM302,3,CURRICULUM_ASSUMPTION
SE190357,2027_Spring,5,ISP392,3,CURRICULUM_ASSUMPTION
SE190357,2027_Spring,5,ITA301,3,CURRICULUM_ASSUMPTION
SE190357,2027_Spring,5,ITE302c,3,CURRICULUM_ASSUMPTION
SE190358,2027_Spring,5,IS_COM*1,3,CURRICULUM_ASSUMPTION
SE190358,2027_Spring,5,ISM302,3,CURRICULUM_ASSUMPTION
SE190358,2027_Spring,5,ISP392,3,CURRICULUM_ASSUMPTION
SE190358,2027_Spring,5,ITA301,3,CURRICULUM_ASSUMPTION
SE190358,2027_Spring,5,ITE302c,3,CURRICULUM_ASSUMPTION
SE190359,2027_Spring,5,IS_COM*1,3,CURRICULUM_ASSUMPTION
SE190359,2027_Spring,5,ISM302,3,CURRICULUM_ASSUMPTION
SE190359,2027_Spring,5,ISP392,3,CURRICULUM_ASSUMPTION
SE190359,2027_Spring,5,ITA301,3,CURRICULUM_ASSUMPTION
SE190359,2027_Spring,5,ITE302c,3,CURRICULUM_ASSUMPTION
SE190360,2027_Spring,5,IS_COM*1,3,CURRICULUM_ASSUMPTION
SE190360,2027_Spring,5,ISM302,3,CURRICULUM_ASSUMPTION
SE190360,2027_Spring,5,ISP392,3,CURRICULUM_ASSUMPTION
SE190360,2027_Spring,5,ITA301,3,CURRICULUM_ASSUMPTION
SE190360,2027_Spring,5,ITE302c,3,CURRICULUM_ASSUMPTION
SE190361,2027_Spring,5,IS_COM*1,3,CURRICULUM_ASSUMPTION
SE190361,2027_Spring,5,ISM302,3,CURRICULUM_ASSUMPTION
SE190361,2027_Spring,5,ISP392,3,CURRICULUM_ASSUMPTION
SE190361,2027_Spring,5,ITA301,3,CURRICULUM_ASSUMPTION
SE190361,2027_Spring,5,ITE302c,3,CURRICULUM_ASSUMPTION
SE190362,2027_Spring,5,IS_COM*1,3,CURRICULUM_ASSUMPTION
SE190362,2027_Spring,5,ISM302,3,CURRICULUM_ASSUMPTION
SE190362,2027_Spring,5,ISP392,3,CURRICULUM_ASSUMPTION
SE190362,2027_Spring,5,ITA301,3,CURRICULUM_ASSUMPTION
SE190362,2027_Spring,5,ITE302c,3,CURRICULUM_ASSUMPTION
SE190363,2027_Spring,5,IS_COM*1,3,CURRICULUM_ASSUMPTION
SE190363,2027_Spring,5,ISM302,3,CURRICULUM_ASSUMPTION
SE190363,2027_Spring,5,ISP392,3,CURRICULUM_ASSUMPTION
SE190363,2027_Spring,5,ITA301,3,CURRICULUM_ASSUMPTION
SE190363,2027_Spring,5,ITE302c,3,CURRICULUM_ASSUMPTION
SE190364,2027_Spring,5,IS_COM*1,3,CURRICULUM_ASSUMPTION
SE190364,2027_Spring,5,ISM302,3,CURRICULUM_ASSUMPTION
SE190364,2027_Spring,5,ISP392,3,CURRICULUM_ASSUMPTION
SE190364,2027_Spring,5,ITA301,3,CURRICULUM_ASSUMPTION
SE190364,2027_Spring,5,ITE302c,3,CURRICULUM_ASSUMPTION
SE190365,2027_Spring,5,IS_COM*1,3,CURRICULUM_ASSUMPTION
SE190365,2027_Spring,5,ISM302,3,CURRICULUM_ASSUMPTION
SE190365,2027_Spring,5,ISP392,3,CURRICULUM_ASSUMPTION
SE190365,2027_Spring,5,ITA301,3,CURRICULUM_ASSUMPTION
SE190365,2027_Spring,5,ITE302c,3,CURRICULUM_ASSUMPTION
SE190366,2027_Spring,5,IS_COM*1,3,CURRICULUM_ASSUMPTION
SE190366,2027_Spring,5,ISM302,3,CURRICULUM_ASSUMPTION
SE190366,2027_Spring,5,ISP392,3,CURRICULUM_ASSUMPTION
SE190366,2027_Spring,5,ITA301,3,CURRICULUM_ASSUMPTION
SE190366,2027_Spring,5,ITE302c,3,CURRICULUM_ASSUMPTION
SE190367,2027_Spring,5,IS_COM*1,3,CURRICULUM_ASSUMPTION
SE190367,2027_Spring,5,ISM302,3,CURRICULUM_ASSUMPTION
SE190367,2027_Spring,5,ISP392,3,CURRICULUM_ASSUMPTION
SE190367,2027_Spring,5,ITA301,3,CURRICULUM_ASSUMPTION
SE190367,2027_Spring,5,ITE302c,3,CURRICULUM_ASSUMPTION
SE190368,2027_Spring,5,IS_COM*1,3,CURRICULUM_ASSUMPTION
SE190368,2027_Spring,5,ISM302,3,CURRICULUM_ASSUMPTION
SE190368,2027_Spring,5,ISP392,3,CURRICULUM_ASSUMPTION
SE190368,2027_Spring,5,ITA301,3,CURRICULUM_ASSUMPTION
SE190368,2027_Spring,5,ITE302c,3,CURRICULUM_ASSUMPTION
SE190369,2027_Spring,5,IS_COM*1,3,CURRICULUM_ASSUMPTION
SE190369,2027_Spring,5,ISM302,3,CURRICULUM_ASSUMPTION
SE190369,2027_Spring,5,ISP392,3,CURRICULUM_ASSUMPTION
SE190369,2027_Spring,5,ITA301,3,CURRICULUM_ASSUMPTION
SE190369,2027_Spring,5,ITE302c,3,CURRICULUM_ASSUMPTION
SE190370,2027_Spring,5,IS_COM*1,3,CURRICULUM_ASSUMPTION
SE190370,2027_Spring,5,ISM302,3,CURRICULUM_ASSUMPTION
SE190370,2027_Spring,5,ISP392,3,CURRICULUM_ASSUMPTION
SE190370,2027_Spring,5,ITA301,3,CURRICULUM_ASSUMPTION
SE190370,2027_Spring,5,ITE302c,3,CURRICULUM_ASSUMPTION
SE190371,2027_Spring,5,IS_COM*1,3,CURRICULUM_ASSUMPTION
SE190371,2027_Spring,5,ISM302,3,CURRICULUM_ASSUMPTION
SE190371,2027_Spring,5,ISP392,3,CURRICULUM_ASSUMPTION
SE190371,2027_Spring,5,ITA301,3,CURRICULUM_ASSUMPTION
SE190371,2027_Spring,5,ITE302c,3,CURRICULUM_ASSUMPTION
SE190372,2027_Spring,5,IS_COM*1,3,CURRICULUM_ASSUMPTION
SE190372,2027_Spring,5,ISM302,3,CURRICULUM_ASSUMPTION
SE190372,2027_Spring,5,ISP392,3,CURRICULUM_ASSUMPTION
SE190372,2027_Spring,5,ITA301,3,CURRICULUM_ASSUMPTION
SE190372,2027_Spring,5,ITE302c,3,CURRICULUM_ASSUMPTION
SE190373,2027_Spring,5,IS_COM*1,3,CURRICULUM_ASSUMPTION
SE190373,2027_Spring,5,ISM302,3,CURRICULUM_ASSUMPTION
SE190373,2027_Spring,5,ISP392,3,CURRICULUM_ASSUMPTION
SE190373,2027_Spring,5,ITA301,3,CURRICULUM_ASSUMPTION
SE190373,2027_Spring,5,ITE302c,3,CURRICULUM_ASSUMPTION
SE190374,2027_Spring,5,IS_COM*1,3,CURRICULUM_ASSUMPTION
SE190374,2027_Spring,5,ISM302,3,CURRICULUM_ASSUMPTION
SE190374,2027_Spring,5,ISP392,3,CURRICULUM_ASSUMPTION
SE190374,2027_Spring,5,ITA301,3,CURRICULUM_ASSUMPTION
SE190374,2027_Spring,5,ITE302c,3,CURRICULUM_ASSUMPTION
SE190375,2027_Spring,5,IS_COM*1,3,CURRICULUM_ASSUMPTION
SE190375,2027_Spring,5,ISM302,3,CURRICULUM_ASSUMPTION
SE190375,2027_Spring,5,ISP392,3,CURRICULUM_ASSUMPTION
SE190375,2027_Spring,5,ITA301,3,CURRICULUM_ASSUMPTION
SE190375,2027_Spring,5,ITE302c,3,CURRICULUM_ASSUMPTION
SE190376,2027_Spring,5,IS_COM*1,3,CURRICULUM_ASSUMPTION
SE190376,2027_Spring,5,ISM302,3,CURRICULUM_ASSUMPTION
SE190376,2027_Spring,5,ISP392,3,CURRICULUM_ASSUMPTION
SE190376,2027_Spring,5,ITA301,3,CURRICULUM_ASSUMPTION
SE190376,2027_Spring,5,ITE302c,3,CURRICULUM_ASSUMPTION
SE190377,2027_Spring,5,IS_COM*1,3,CURRICULUM_ASSUMPTION
SE190377,2027_Spring,5,ISM302,3,CURRICULUM_ASSUMPTION
SE190377,2027_Spring,5,ISP392,3,CURRICULUM_ASSUMPTION
SE190377,2027_Spring,5,ITA301,3,CURRICULUM_ASSUMPTION
SE190377,2027_Spring,5,ITE302c,3,CURRICULUM_ASSUMPTION
SE190378,2027_Spring,5,IS_COM*1,3,CURRICULUM_ASSUMPTION
SE190378,2027_Spring,5,ISM302,3,CURRICULUM_ASSUMPTION
SE190378,2027_Spring,5,ISP392,3,CURRICULUM_ASSUMPTION
SE190378,2027_Spring,5,ITA301,3,CURRICULUM_ASSUMPTION
SE190378,2027_Spring,5,ITE302c,3,CURRICULUM_ASSUMPTION
SE190379,2027_Spring,5,IS_COM*1,3,CURRICULUM_ASSUMPTION
SE190379,2027_Spring,5,ISM302,3,CURRICULUM_ASSUMPTION
SE190379,2027_Spring,5,ISP392,3,CURRICULUM_ASSUMPTION
SE190379,2027_Spring,5,ITA301,3,CURRICULUM_ASSUMPTION
SE190379,2027_Spring,5,ITE302c,3,CURRICULUM_ASSUMPTION
SE190380,2027_Spring,5,IS_COM*1,3,CURRICULUM_ASSUMPTION
SE190380,2027_Spring,5,ISM302,3,CURRICULUM_ASSUMPTION
SE190380,2027_Spring,5,ISP392,3,CURRICULUM_ASSUMPTION
SE190380,2027_Spring,5,ITA301,3,CURRICULUM_ASSUMPTION
SE190380,2027_Spring,5,ITE302c,3,CURRICULUM_ASSUMPTION
SE190381,2027_Spring,5,IS_COM*1,3,CURRICULUM_ASSUMPTION
SE190381,2027_Spring,5,ISM302,3,CURRICULUM_ASSUMPTION
SE190381,2027_Spring,5,ISP392,3,CURRICULUM_ASSUMPTION
SE190381,2027_Spring,5,ITA301,3,CURRICULUM_ASSUMPTION
SE190381,2027_Spring,5,ITE302c,3,CURRICULUM_ASSUMPTION
SE190382,2027_Spring,5,IS_COM*1,3,CURRICULUM_ASSUMPTION
SE190382,2027_Spring,5,ISM302,3,CURRICULUM_ASSUMPTION
SE190382,2027_Spring,5,ISP392,3,CURRICULUM_ASSUMPTION
SE190382,2027_Spring,5,ITA301,3,CURRICULUM_ASSUMPTION
SE190382,2027_Spring,5,ITE302c,3,CURRICULUM_ASSUMPTION
SE190383,2027_Spring,5,IS_COM*1,3,CURRICULUM_ASSUMPTION
SE190383,2027_Spring,5,ISM302,3,CURRICULUM_ASSUMPTION
SE190383,2027_Spring,5,ISP392,3,CURRICULUM_ASSUMPTION
SE190383,2027_Spring,5,ITA301,3,CURRICULUM_ASSUMPTION
SE190383,2027_Spring,5,ITE302c,3,CURRICULUM_ASSUMPTION
SE190384,2027_Spring,5,IS_COM*1,3,CURRICULUM_ASSUMPTION
SE190384,2027_Spring,5,ISM302,3,CURRICULUM_ASSUMPTION
SE190384,2027_Spring,5,ISP392,3,CURRICULUM_ASSUMPTION
SE190384,2027_Spring,5,ITA301,3,CURRICULUM_ASSUMPTION
SE190384,2027_Spring,5,ITE302c,3,CURRICULUM_ASSUMPTION
SE190385,2027_Spring,5,IS_COM*1,3,CURRICULUM_ASSUMPTION
SE190385,2027_Spring,5,ISM302,3,CURRICULUM_ASSUMPTION
SE190385,2027_Spring,5,ISP392,3,CURRICULUM_ASSUMPTION
SE190385,2027_Spring,5,ITA301,3,CURRICULUM_ASSUMPTION
SE190385,2027_Spring,5,ITE302c,3,CURRICULUM_ASSUMPTION
SE190386,2027_Spring,5,IS_COM*1,3,CURRICULUM_ASSUMPTION
SE190386,2027_Spring,5,ISM302,3,CURRICULUM_ASSUMPTION
SE190386,2027_Spring,5,ISP392,3,CURRICULUM_ASSUMPTION
SE190386,2027_Spring,5,ITA301,3,CURRICULUM_ASSUMPTION
SE190386,2027_Spring,5,ITE302c,3,CURRICULUM_ASSUMPTION
SE190387,2027_Spring,5,IS_COM*1,3,CURRICULUM_ASSUMPTION
SE190387,2027_Spring,5,ISM302,3,CURRICULUM_ASSUMPTION
SE190387,2027_Spring,5,ISP392,3,CURRICULUM_ASSUMPTION
SE190387,2027_Spring,5,ITA301,3,CURRICULUM_ASSUMPTION
SE190387,2027_Spring,5,ITE302c,3,CURRICULUM_ASSUMPTION
SE190388,2027_Spring,5,IS_COM*1,3,CURRICULUM_ASSUMPTION
SE190388,2027_Spring,5,ISM302,3,CURRICULUM_ASSUMPTION
SE190388,2027_Spring,5,ISP392,3,CURRICULUM_ASSUMPTION
SE190388,2027_Spring,5,ITA301,3,CURRICULUM_ASSUMPTION
SE190388,2027_Spring,5,ITE302c,3,CURRICULUM_ASSUMPTION
SE190389,2027_Spring,5,IS_COM*1,3,CURRICULUM_ASSUMPTION
SE190389,2027_Spring,5,ISM302,3,CURRICULUM_ASSUMPTION
SE190389,2027_Spring,5,ISP392,3,CURRICULUM_ASSUMPTION
SE190389,2027_Spring,5,ITA301,3,CURRICULUM_ASSUMPTION
SE190389,2027_Spring,5,ITE302c,3,CURRICULUM_ASSUMPTION
SE190390,2027_Spring,5,IS_COM*1,3,CURRICULUM_ASSUMPTION
SE190390,2027_Spring,5,ISM302,3,CURRICULUM_ASSUMPTION
SE190390,2027_Spring,5,ISP392,3,CURRICULUM_ASSUMPTION
SE190390,2027_Spring,5,ITA301,3,CURRICULUM_ASSUMPTION
SE190390,2027_Spring,5,ITE302c,3,CURRICULUM_ASSUMPTION
SE190391,2027_Spring,5,IS_COM*1,3,CURRICULUM_ASSUMPTION
SE190391,2027_Spring,5,ISM302,3,CURRICULUM_ASSUMPTION
SE190391,2027_Spring,5,ISP392,3,CURRICULUM_ASSUMPTION
SE190391,2027_Spring,5,ITA301,3,CURRICULUM_ASSUMPTION
SE190391,2027_Spring,5,ITE302c,3,CURRICULUM_ASSUMPTION
SE190392,2027_Spring,5,IS_COM*1,3,CURRICULUM_ASSUMPTION
SE190392,2027_Spring,5,ISM302,3,CURRICULUM_ASSUMPTION
SE190392,2027_Spring,5,ISP392,3,CURRICULUM_ASSUMPTION
SE190392,2027_Spring,5,ITA301,3,CURRICULUM_ASSUMPTION
SE190392,2027_Spring,5,ITE302c,3,CURRICULUM_ASSUMPTION
SE190393,2027_Spring,5,IS_COM*1,3,CURRICULUM_ASSUMPTION
SE190393,2027_Spring,5,ISM302,3,CURRICULUM_ASSUMPTION
SE190393,2027_Spring,5,ISP392,3,CURRICULUM_ASSUMPTION
SE190393,2027_Spring,5,ITA301,3,CURRICULUM_ASSUMPTION
SE190393,2027_Spring,5,ITE302c,3,CURRICULUM_ASSUMPTION
SE190394,2027_Spring,5,IS_COM*1,3,CURRICULUM_ASSUMPTION
SE190394,2027_Spring,5,ISM302,3,CURRICULUM_ASSUMPTION
SE190394,2027_Spring,5,ISP392,3,CURRICULUM_ASSUMPTION
SE190394,2027_Spring,5,ITA301,3,CURRICULUM_ASSUMPTION
SE190394,2027_Spring,5,ITE302c,3,CURRICULUM_ASSUMPTION
SE190395,2027_Spring,5,IS_COM*1,3,CURRICULUM_ASSUMPTION
SE190395,2027_Spring,5,ISM302,3,CURRICULUM_ASSUMPTION
SE190395,2027_Spring,5,ISP392,3,CURRICULUM_ASSUMPTION
SE190395,2027_Spring,5,ITA301,3,CURRICULUM_ASSUMPTION
SE190395,2027_Spring,5,ITE302c,3,CURRICULUM_ASSUMPTION
SE190396,2027_Spring,5,IS_COM*1,3,CURRICULUM_ASSUMPTION
SE190396,2027_Spring,5,ISM302,3,CURRICULUM_ASSUMPTION
SE190396,2027_Spring,5,ISP392,3,CURRICULUM_ASSUMPTION
SE190396,2027_Spring,5,ITA301,3,CURRICULUM_ASSUMPTION
SE190396,2027_Spring,5,ITE302c,3,CURRICULUM_ASSUMPTION
SE190397,2027_Spring,5,IS_COM*1,3,CURRICULUM_ASSUMPTION
SE190397,2027_Spring,5,ISM302,3,CURRICULUM_ASSUMPTION
SE190397,2027_Spring,5,ISP392,3,CURRICULUM_ASSUMPTION
SE190397,2027_Spring,5,ITA301,3,CURRICULUM_ASSUMPTION
SE190397,2027_Spring,5,ITE302c,3,CURRICULUM_ASSUMPTION
SE190398,2027_Spring,5,IS_COM*1,3,CURRICULUM_ASSUMPTION
SE190398,2027_Spring,5,ISM302,3,CURRICULUM_ASSUMPTION
SE190398,2027_Spring,5,ISP392,3,CURRICULUM_ASSUMPTION
SE190398,2027_Spring,5,ITA301,3,CURRICULUM_ASSUMPTION
SE190398,2027_Spring,5,ITE302c,3,CURRICULUM_ASSUMPTION
SE190399,2027_Spring,5,IS_COM*1,3,CURRICULUM_ASSUMPTION
SE190399,2027_Spring,5,ISM302,3,CURRICULUM_ASSUMPTION
SE190399,2027_Spring,5,ISP392,3,CURRICULUM_ASSUMPTION
SE190399,2027_Spring,5,ITA301,3,CURRICULUM_ASSUMPTION
SE190399,2027_Spring,5,ITE302c,3,CURRICULUM_ASSUMPTION
SE190400,2027_Spring,5,IS_COM*1,3,CURRICULUM_ASSUMPTION
SE190400,2027_Spring,5,ISM302,3,CURRICULUM_ASSUMPTION
SE190400,2027_Spring,5,ISP392,3,CURRICULUM_ASSUMPTION
SE190400,2027_Spring,5,ITA301,3,CURRICULUM_ASSUMPTION
SE190400,2027_Spring,5,ITE302c,3,CURRICULUM_ASSUMPTION
SE190401,2027_Spring,5,IS_COM*1,3,CURRICULUM_ASSUMPTION
SE190401,2027_Spring,5,ISM302,3,CURRICULUM_ASSUMPTION
SE190401,2027_Spring,5,ISP392,3,CURRICULUM_ASSUMPTION
SE190401,2027_Spring,5,ITA301,3,CURRICULUM_ASSUMPTION
SE190401,2027_Spring,5,ITE302c,3,CURRICULUM_ASSUMPTION
SE190402,2027_Spring,5,IS_COM*1,3,CURRICULUM_ASSUMPTION
SE190402,2027_Spring,5,ISM302,3,CURRICULUM_ASSUMPTION
SE190402,2027_Spring,5,ISP392,3,CURRICULUM_ASSUMPTION
SE190402,2027_Spring,5,ITA301,3,CURRICULUM_ASSUMPTION
SE190402,2027_Spring,5,ITE302c,3,CURRICULUM_ASSUMPTION
SE190403,2027_Spring,5,IS_COM*1,3,CURRICULUM_ASSUMPTION
SE190403,2027_Spring,5,ISM302,3,CURRICULUM_ASSUMPTION
SE190403,2027_Spring,5,ISP392,3,CURRICULUM_ASSUMPTION
SE190403,2027_Spring,5,ITA301,3,CURRICULUM_ASSUMPTION
SE190403,2027_Spring,5,ITE302c,3,CURRICULUM_ASSUMPTION
SE190404,2027_Spring,5,IS_COM*1,3,CURRICULUM_ASSUMPTION
SE190404,2027_Spring,5,ISM302,3,CURRICULUM_ASSUMPTION
SE190404,2027_Spring,5,ISP392,3,CURRICULUM_ASSUMPTION
SE190404,2027_Spring,5,ITA301,3,CURRICULUM_ASSUMPTION
SE190404,2027_Spring,5,ITE302c,3,CURRICULUM_ASSUMPTION
SE190405,2027_Spring,5,IS_COM*1,3,CURRICULUM_ASSUMPTION
SE190405,2027_Spring,5,ISM302,3,CURRICULUM_ASSUMPTION
SE190405,2027_Spring,5,ISP392,3,CURRICULUM_ASSUMPTION
SE190405,2027_Spring,5,ITA301,3,CURRICULUM_ASSUMPTION
SE190405,2027_Spring,5,ITE302c,3,CURRICULUM_ASSUMPTION
SE190406,2027_Spring,5,IS_COM*1,3,CURRICULUM_ASSUMPTION
SE190406,2027_Spring,5,ISM302,3,CURRICULUM_ASSUMPTION
SE190406,2027_Spring,5,ISP392,3,CURRICULUM_ASSUMPTION
SE190406,2027_Spring,5,ITA301,3,CURRICULUM_ASSUMPTION
SE190406,2027_Spring,5,ITE302c,3,CURRICULUM_ASSUMPTION
SE190407,2027_Spring,5,IS_COM*1,3,CURRICULUM_ASSUMPTION
SE190407,2027_Spring,5,ISM302,3,CURRICULUM_ASSUMPTION
SE190407,2027_Spring,5,ISP392,3,CURRICULUM_ASSUMPTION
SE190407,2027_Spring,5,ITA301,3,CURRICULUM_ASSUMPTION
SE190407,2027_Spring,5,ITE302c,3,CURRICULUM_ASSUMPTION
SE190408,2027_Spring,5,IS_COM*1,3,CURRICULUM_ASSUMPTION
SE190408,2027_Spring,5,ISM302,3,CURRICULUM_ASSUMPTION
SE190408,2027_Spring,5,ISP392,3,CURRICULUM_ASSUMPTION
SE190408,2027_Spring,5,ITA301,3,CURRICULUM_ASSUMPTION
SE190408,2027_Spring,5,ITE302c,3,CURRICULUM_ASSUMPTION
SE190409,2027_Spring,5,IS_COM*1,3,CURRICULUM_ASSUMPTION
SE190409,2027_Spring,5,ISM302,3,CURRICULUM_ASSUMPTION
SE190409,2027_Spring,5,ISP392,3,CURRICULUM_ASSUMPTION
SE190409,2027_Spring,5,ITA301,3,CURRICULUM_ASSUMPTION
SE190409,2027_Spring,5,ITE302c,3,CURRICULUM_ASSUMPTION
SE190410,2027_Spring,5,IS_COM*1,3,CURRICULUM_ASSUMPTION
SE190410,2027_Spring,5,ISM302,3,CURRICULUM_ASSUMPTION
SE190410,2027_Spring,5,ISP392,3,CURRICULUM_ASSUMPTION
SE190410,2027_Spring,5,ITA301,3,CURRICULUM_ASSUMPTION
SE190410,2027_Spring,5,ITE302c,3,CURRICULUM_ASSUMPTION
SE190411,2027_Spring,5,IS_COM*1,3,CURRICULUM_ASSUMPTION
SE190411,2027_Spring,5,ISM302,3,CURRICULUM_ASSUMPTION
SE190411,2027_Spring,5,ISP392,3,CURRICULUM_ASSUMPTION
SE190411,2027_Spring,5,ITA301,3,CURRICULUM_ASSUMPTION
SE190411,2027_Spring,5,ITE302c,3,CURRICULUM_ASSUMPTION
SE190412,2027_Spring,5,IS_COM*1,3,CURRICULUM_ASSUMPTION
SE190412,2027_Spring,5,ISM302,3,CURRICULUM_ASSUMPTION
SE190412,2027_Spring,5,ISP392,3,CURRICULUM_ASSUMPTION
SE190412,2027_Spring,5,ITA301,3,CURRICULUM_ASSUMPTION
SE190412,2027_Spring,5,ITE302c,3,CURRICULUM_ASSUMPTION
SE190413,2027_Spring,5,IS_COM*1,3,CURRICULUM_ASSUMPTION
SE190413,2027_Spring,5,ISM302,3,CURRICULUM_ASSUMPTION
SE190413,2027_Spring,5,ISP392,3,CURRICULUM_ASSUMPTION
SE190413,2027_Spring,5,ITA301,3,CURRICULUM_ASSUMPTION
SE190413,2027_Spring,5,ITE302c,3,CURRICULUM_ASSUMPTION
SE190414,2027_Spring,5,IS_COM*1,3,CURRICULUM_ASSUMPTION
SE190414,2027_Spring,5,ISM302,3,CURRICULUM_ASSUMPTION
SE190414,2027_Spring,5,ISP392,3,CURRICULUM_ASSUMPTION
SE190414,2027_Spring,5,ITA301,3,CURRICULUM_ASSUMPTION
SE190414,2027_Spring,5,ITE302c,3,CURRICULUM_ASSUMPTION
SE190415,2027_Spring,5,IS_COM*1,3,CURRICULUM_ASSUMPTION
SE190415,2027_Spring,5,ISM302,3,CURRICULUM_ASSUMPTION
SE190415,2027_Spring,5,ISP392,3,CURRICULUM_ASSUMPTION
SE190415,2027_Spring,5,ITA301,3,CURRICULUM_ASSUMPTION
SE190415,2027_Spring,5,ITE302c,3,CURRICULUM_ASSUMPTION
SE190416,2027_Spring,5,IS_COM*1,3,CURRICULUM_ASSUMPTION
SE190416,2027_Spring,5,ISM302,3,CURRICULUM_ASSUMPTION
SE190416,2027_Spring,5,ISP392,3,CURRICULUM_ASSUMPTION
SE190416,2027_Spring,5,ITA301,3,CURRICULUM_ASSUMPTION
SE190416,2027_Spring,5,ITE302c,3,CURRICULUM_ASSUMPTION
SE190417,2027_Spring,5,IS_COM*1,3,CURRICULUM_ASSUMPTION
SE190417,2027_Spring,5,ISM302,3,CURRICULUM_ASSUMPTION
SE190417,2027_Spring,5,ISP392,3,CURRICULUM_ASSUMPTION
SE190417,2027_Spring,5,ITA301,3,CURRICULUM_ASSUMPTION
SE190417,2027_Spring,5,ITE302c,3,CURRICULUM_ASSUMPTION
SE190418,2027_Spring,5,IS_COM*1,3,CURRICULUM_ASSUMPTION
SE190418,2027_Spring,5,ISM302,3,CURRICULUM_ASSUMPTION
SE190418,2027_Spring,5,ISP392,3,CURRICULUM_ASSUMPTION
SE190418,2027_Spring,5,ITA301,3,CURRICULUM_ASSUMPTION
SE190418,2027_Spring,5,ITE302c,3,CURRICULUM_ASSUMPTION
SE190419,2027_Spring,5,IS_COM*1,3,CURRICULUM_ASSUMPTION
SE190419,2027_Spring,5,ISM302,3,CURRICULUM_ASSUMPTION
SE190419,2027_Spring,5,ISP392,3,CURRICULUM_ASSUMPTION
SE190419,2027_Spring,5,ITA301,3,CURRICULUM_ASSUMPTION
SE190419,2027_Spring,5,ITE302c,3,CURRICULUM_ASSUMPTION
SE190420,2027_Spring,5,IS_COM*1,3,CURRICULUM_ASSUMPTION
SE190420,2027_Spring,5,ISM302,3,CURRICULUM_ASSUMPTION
SE190420,2027_Spring,5,ISP392,3,CURRICULUM_ASSUMPTION
SE190420,2027_Spring,5,ITA301,3,CURRICULUM_ASSUMPTION
SE190420,2027_Spring,5,ITE302c,3,CURRICULUM_ASSUMPTION
SE190421,2027_Spring,5,IS_COM*1,3,CURRICULUM_ASSUMPTION
SE190421,2027_Spring,5,ISM302,3,CURRICULUM_ASSUMPTION
SE190421,2027_Spring,5,ISP392,3,CURRICULUM_ASSUMPTION
SE190421,2027_Spring,5,ITA301,3,CURRICULUM_ASSUMPTION
SE190421,2027_Spring,5,ITE302c,3,CURRICULUM_ASSUMPTION
SE190422,2027_Spring,5,IS_COM*1,3,CURRICULUM_ASSUMPTION
SE190422,2027_Spring,5,ISM302,3,CURRICULUM_ASSUMPTION
SE190422,2027_Spring,5,ISP392,3,CURRICULUM_ASSUMPTION
SE190422,2027_Spring,5,ITA301,3,CURRICULUM_ASSUMPTION
SE190422,2027_Spring,5,ITE302c,3,CURRICULUM_ASSUMPTION
SE190423,2027_Spring,5,IS_COM*1,3,CURRICULUM_ASSUMPTION
SE190423,2027_Spring,5,ISM302,3,CURRICULUM_ASSUMPTION
SE190423,2027_Spring,5,ISP392,3,CURRICULUM_ASSUMPTION
SE190423,2027_Spring,5,ITA301,3,CURRICULUM_ASSUMPTION
SE190423,2027_Spring,5,ITE302c,3,CURRICULUM_ASSUMPTION
SE190424,2027_Spring,5,IS_COM*1,3,CURRICULUM_ASSUMPTION
SE190424,2027_Spring,5,ISM302,3,CURRICULUM_ASSUMPTION
SE190424,2027_Spring,5,ISP392,3,CURRICULUM_ASSUMPTION
SE190424,2027_Spring,5,ITA301,3,CURRICULUM_ASSUMPTION
SE190424,2027_Spring,5,ITE302c,3,CURRICULUM_ASSUMPTION
SE190425,2027_Spring,5,IS_COM*1,3,CURRICULUM_ASSUMPTION
SE190425,2027_Spring,5,ISM302,3,CURRICULUM_ASSUMPTION
SE190425,2027_Spring,5,ISP392,3,CURRICULUM_ASSUMPTION
SE190425,2027_Spring,5,ITA301,3,CURRICULUM_ASSUMPTION
SE190425,2027_Spring,5,ITE302c,3,CURRICULUM_ASSUMPTION
SE190426,2027_Spring,5,IS_COM*1,3,CURRICULUM_ASSUMPTION
SE190426,2027_Spring,5,ISM302,3,CURRICULUM_ASSUMPTION
SE190426,2027_Spring,5,ISP392,3,CURRICULUM_ASSUMPTION
SE190426,2027_Spring,5,ITA301,3,CURRICULUM_ASSUMPTION
SE190426,2027_Spring,5,ITE302c,3,CURRICULUM_ASSUMPTION
SE190427,2027_Spring,5,IS_COM*1,3,CURRICULUM_ASSUMPTION
SE190427,2027_Spring,5,ISM302,3,CURRICULUM_ASSUMPTION
SE190427,2027_Spring,5,ISP392,3,CURRICULUM_ASSUMPTION
SE190427,2027_Spring,5,ITA301,3,CURRICULUM_ASSUMPTION
SE190427,2027_Spring,5,ITE302c,3,CURRICULUM_ASSUMPTION
SE190428,2027_Spring,5,IS_COM*1,3,CURRICULUM_ASSUMPTION
SE190428,2027_Spring,5,ISM302,3,CURRICULUM_ASSUMPTION
SE190428,2027_Spring,5,ISP392,3,CURRICULUM_ASSUMPTION
SE190428,2027_Spring,5,ITA301,3,CURRICULUM_ASSUMPTION
SE190428,2027_Spring,5,ITE302c,3,CURRICULUM_ASSUMPTION
SE190429,2027_Spring,5,IS_COM*1,3,CURRICULUM_ASSUMPTION
SE190429,2027_Spring,5,ISM302,3,CURRICULUM_ASSUMPTION
SE190429,2027_Spring,5,ISP392,3,CURRICULUM_ASSUMPTION
SE190429,2027_Spring,5,ITA301,3,CURRICULUM_ASSUMPTION
SE190429,2027_Spring,5,ITE302c,3,CURRICULUM_ASSUMPTION
SE190430,2027_Spring,5,IS_COM*1,3,CURRICULUM_ASSUMPTION
SE190430,2027_Spring,5,ISM302,3,CURRICULUM_ASSUMPTION
SE190430,2027_Spring,5,ISP392,3,CURRICULUM_ASSUMPTION
SE190430,2027_Spring,5,ITA301,3,CURRICULUM_ASSUMPTION
SE190430,2027_Spring,5,ITE302c,3,CURRICULUM_ASSUMPTION
SE190431,2027_Spring,5,IS_COM*1,3,CURRICULUM_ASSUMPTION
SE190431,2027_Spring,5,ISM302,3,CURRICULUM_ASSUMPTION
SE190431,2027_Spring,5,ISP392,3,CURRICULUM_ASSUMPTION
SE190431,2027_Spring,5,ITA301,3,CURRICULUM_ASSUMPTION
SE190431,2027_Spring,5,ITE302c,3,CURRICULUM_ASSUMPTION
SE190432,2027_Spring,5,IS_COM*1,3,CURRICULUM_ASSUMPTION
SE190432,2027_Spring,5,ISM302,3,CURRICULUM_ASSUMPTION
SE190432,2027_Spring,5,ISP392,3,CURRICULUM_ASSUMPTION
SE190432,2027_Spring,5,ITA301,3,CURRICULUM_ASSUMPTION
SE190432,2027_Spring,5,ITE302c,3,CURRICULUM_ASSUMPTION
SE190433,2027_Spring,5,IS_COM*1,3,CURRICULUM_ASSUMPTION
SE190433,2027_Spring,5,ISM302,3,CURRICULUM_ASSUMPTION
SE190433,2027_Spring,5,ISP392,3,CURRICULUM_ASSUMPTION
SE190433,2027_Spring,5,ITA301,3,CURRICULUM_ASSUMPTION
SE190433,2027_Spring,5,ITE302c,3,CURRICULUM_ASSUMPTION
SE190434,2027_Spring,5,IS_COM*1,3,CURRICULUM_ASSUMPTION
SE190434,2027_Spring,5,ISM302,3,CURRICULUM_ASSUMPTION
SE190434,2027_Spring,5,ISP392,3,CURRICULUM_ASSUMPTION
SE190434,2027_Spring,5,ITA301,3,CURRICULUM_ASSUMPTION
SE190434,2027_Spring,5,ITE302c,3,CURRICULUM_ASSUMPTION
SE190435,2027_Spring,5,IS_COM*1,3,CURRICULUM_ASSUMPTION
SE190435,2027_Spring,5,ISM302,3,CURRICULUM_ASSUMPTION
SE190435,2027_Spring,5,ISP392,3,CURRICULUM_ASSUMPTION
SE190435,2027_Spring,5,ITA301,3,CURRICULUM_ASSUMPTION
SE190435,2027_Spring,5,ITE302c,3,CURRICULUM_ASSUMPTION
SE190436,2027_Spring,5,IS_COM*1,3,CURRICULUM_ASSUMPTION
SE190436,2027_Spring,5,ISM302,3,CURRICULUM_ASSUMPTION
SE190436,2027_Spring,5,ISP392,3,CURRICULUM_ASSUMPTION
SE190436,2027_Spring,5,ITA301,3,CURRICULUM_ASSUMPTION
SE190436,2027_Spring,5,ITE302c,3,CURRICULUM_ASSUMPTION
SE190437,2027_Spring,5,IS_COM*1,3,CURRICULUM_ASSUMPTION
SE190437,2027_Spring,5,ISM302,3,CURRICULUM_ASSUMPTION
SE190437,2027_Spring,5,ISP392,3,CURRICULUM_ASSUMPTION
SE190437,2027_Spring,5,ITA301,3,CURRICULUM_ASSUMPTION
SE190437,2027_Spring,5,ITE302c,3,CURRICULUM_ASSUMPTION
SE190438,2027_Spring,5,IS_COM*1,3,CURRICULUM_ASSUMPTION
SE190438,2027_Spring,5,ISM302,3,CURRICULUM_ASSUMPTION
SE190438,2027_Spring,5,ISP392,3,CURRICULUM_ASSUMPTION
SE190438,2027_Spring,5,ITA301,3,CURRICULUM_ASSUMPTION
SE190438,2027_Spring,5,ITE302c,3,CURRICULUM_ASSUMPTION
SE190439,2027_Spring,5,IS_COM*1,3,CURRICULUM_ASSUMPTION
SE190439,2027_Spring,5,ISM302,3,CURRICULUM_ASSUMPTION
SE190439,2027_Spring,5,ISP392,3,CURRICULUM_ASSUMPTION
SE190439,2027_Spring,5,ITA301,3,CURRICULUM_ASSUMPTION
SE190439,2027_Spring,5,ITE302c,3,CURRICULUM_ASSUMPTION
SE190440,2027_Spring,5,IS_COM*1,3,CURRICULUM_ASSUMPTION
SE190440,2027_Spring,5,ISM302,3,CURRICULUM_ASSUMPTION
SE190440,2027_Spring,5,ISP392,3,CURRICULUM_ASSUMPTION
SE190440,2027_Spring,5,ITA301,3,CURRICULUM_ASSUMPTION
SE190440,2027_Spring,5,ITE302c,3,CURRICULUM_ASSUMPTION
SE190441,2027_Spring,5,IS_COM*1,3,CURRICULUM_ASSUMPTION
SE190441,2027_Spring,5,ISM302,3,CURRICULUM_ASSUMPTION
SE190441,2027_Spring,5,ISP392,3,CURRICULUM_ASSUMPTION
SE190441,2027_Spring,5,ITA301,3,CURRICULUM_ASSUMPTION
SE190441,2027_Spring,5,ITE302c,3,CURRICULUM_ASSUMPTION
SE190442,2027_Spring,5,IS_COM*1,3,CURRICULUM_ASSUMPTION
SE190442,2027_Spring,5,ISM302,3,CURRICULUM_ASSUMPTION
SE190442,2027_Spring,5,ISP392,3,CURRICULUM_ASSUMPTION
SE190442,2027_Spring,5,ITA301,3,CURRICULUM_ASSUMPTION
SE190442,2027_Spring,5,ITE302c,3,CURRICULUM_ASSUMPTION
SE190443,2027_Spring,5,IS_COM*1,3,CURRICULUM_ASSUMPTION
SE190443,2027_Spring,5,ISM302,3,CURRICULUM_ASSUMPTION
SE190443,2027_Spring,5,ISP392,3,CURRICULUM_ASSUMPTION
SE190443,2027_Spring,5,ITA301,3,CURRICULUM_ASSUMPTION
SE190443,2027_Spring,5,ITE302c,3,CURRICULUM_ASSUMPTION
SE190444,2027_Spring,5,IS_COM*1,3,CURRICULUM_ASSUMPTION
SE190444,2027_Spring,5,ISM302,3,CURRICULUM_ASSUMPTION
SE190444,2027_Spring,5,ISP392,3,CURRICULUM_ASSUMPTION
SE190444,2027_Spring,5,ITA301,3,CURRICULUM_ASSUMPTION
SE190444,2027_Spring,5,ITE302c,3,CURRICULUM_ASSUMPTION
SE190445,2027_Spring,5,IS_COM*1,3,CURRICULUM_ASSUMPTION
SE190445,2027_Spring,5,ISM302,3,CURRICULUM_ASSUMPTION
SE190445,2027_Spring,5,ISP392,3,CURRICULUM_ASSUMPTION
SE190445,2027_Spring,5,ITA301,3,CURRICULUM_ASSUMPTION
SE190445,2027_Spring,5,ITE302c,3,CURRICULUM_ASSUMPTION
SE190446,2027_Spring,5,IS_COM*1,3,CURRICULUM_ASSUMPTION
SE190446,2027_Spring,5,ISM302,3,CURRICULUM_ASSUMPTION
SE190446,2027_Spring,5,ISP392,3,CURRICULUM_ASSUMPTION
SE190446,2027_Spring,5,ITA301,3,CURRICULUM_ASSUMPTION
SE190446,2027_Spring,5,ITE302c,3,CURRICULUM_ASSUMPTION
SE190447,2027_Spring,5,IS_COM*1,3,CURRICULUM_ASSUMPTION
SE190447,2027_Spring,5,ISM302,3,CURRICULUM_ASSUMPTION
SE190447,2027_Spring,5,ISP392,3,CURRICULUM_ASSUMPTION
SE190447,2027_Spring,5,ITA301,3,CURRICULUM_ASSUMPTION
SE190447,2027_Spring,5,ITE302c,3,CURRICULUM_ASSUMPTION
SE190448,2027_Spring,5,IS_COM*1,3,CURRICULUM_ASSUMPTION
SE190448,2027_Spring,5,ISM302,3,CURRICULUM_ASSUMPTION
SE190448,2027_Spring,5,ISP392,3,CURRICULUM_ASSUMPTION
SE190448,2027_Spring,5,ITA301,3,CURRICULUM_ASSUMPTION
SE190448,2027_Spring,5,ITE302c,3,CURRICULUM_ASSUMPTION
SE190449,2027_Spring,5,IS_COM*1,3,CURRICULUM_ASSUMPTION
SE190449,2027_Spring,5,ISM302,3,CURRICULUM_ASSUMPTION
SE190449,2027_Spring,5,ISP392,3,CURRICULUM_ASSUMPTION
SE190449,2027_Spring,5,ITA301,3,CURRICULUM_ASSUMPTION
SE190449,2027_Spring,5,ITE302c,3,CURRICULUM_ASSUMPTION
SE190450,2027_Spring,5,IS_COM*1,3,CURRICULUM_ASSUMPTION
SE190450,2027_Spring,5,ISM302,3,CURRICULUM_ASSUMPTION
SE190450,2027_Spring,5,ISP392,3,CURRICULUM_ASSUMPTION
SE190450,2027_Spring,5,ITA301,3,CURRICULUM_ASSUMPTION
SE190450,2027_Spring,5,ITE302c,3,CURRICULUM_ASSUMPTION
SE190451,2027_Spring,5,IS_COM*1,3,CURRICULUM_ASSUMPTION
SE190451,2027_Spring,5,ISM302,3,CURRICULUM_ASSUMPTION
SE190451,2027_Spring,5,ISP392,3,CURRICULUM_ASSUMPTION
SE190451,2027_Spring,5,ITA301,3,CURRICULUM_ASSUMPTION
SE190451,2027_Spring,5,ITE302c,3,CURRICULUM_ASSUMPTION
SE190452,2027_Spring,5,IS_COM*1,3,CURRICULUM_ASSUMPTION
SE190452,2027_Spring,5,ISM302,3,CURRICULUM_ASSUMPTION
SE190452,2027_Spring,5,ISP392,3,CURRICULUM_ASSUMPTION
SE190452,2027_Spring,5,ITA301,3,CURRICULUM_ASSUMPTION
SE190452,2027_Spring,5,ITE302c,3,CURRICULUM_ASSUMPTION
SE190453,2027_Spring,5,IS_COM*1,3,CURRICULUM_ASSUMPTION
SE190453,2027_Spring,5,ISM302,3,CURRICULUM_ASSUMPTION
SE190453,2027_Spring,5,ISP392,3,CURRICULUM_ASSUMPTION
SE190453,2027_Spring,5,ITA301,3,CURRICULUM_ASSUMPTION
SE190453,2027_Spring,5,ITE302c,3,CURRICULUM_ASSUMPTION
SE190454,2027_Spring,5,IS_COM*1,3,CURRICULUM_ASSUMPTION
SE190454,2027_Spring,5,ISM302,3,CURRICULUM_ASSUMPTION
SE190454,2027_Spring,5,ISP392,3,CURRICULUM_ASSUMPTION
SE190454,2027_Spring,5,ITA301,3,CURRICULUM_ASSUMPTION
SE190454,2027_Spring,5,ITE302c,3,CURRICULUM_ASSUMPTION
SE190455,2027_Spring,5,IS_COM*1,3,CURRICULUM_ASSUMPTION
SE190455,2027_Spring,5,ISM302,3,CURRICULUM_ASSUMPTION
SE190455,2027_Spring,5,ISP392,3,CURRICULUM_ASSUMPTION
SE190455,2027_Spring,5,ITA301,3,CURRICULUM_ASSUMPTION
SE190455,2027_Spring,5,ITE302c,3,CURRICULUM_ASSUMPTION
SE190456,2027_Spring,5,IS_COM*1,3,CURRICULUM_ASSUMPTION
SE190456,2027_Spring,5,ISM302,3,CURRICULUM_ASSUMPTION
SE190456,2027_Spring,5,ISP392,3,CURRICULUM_ASSUMPTION
SE190456,2027_Spring,5,ITA301,3,CURRICULUM_ASSUMPTION
SE190456,2027_Spring,5,ITE302c,3,CURRICULUM_ASSUMPTION
SE190457,2027_Spring,5,IS_COM*1,3,CURRICULUM_ASSUMPTION
SE190457,2027_Spring,5,ISM302,3,CURRICULUM_ASSUMPTION
SE190457,2027_Spring,5,ISP392,3,CURRICULUM_ASSUMPTION
SE190457,2027_Spring,5,ITA301,3,CURRICULUM_ASSUMPTION
SE190457,2027_Spring,5,ITE302c,3,CURRICULUM_ASSUMPTION
SE190458,2027_Spring,5,IS_COM*1,3,CURRICULUM_ASSUMPTION
SE190458,2027_Spring,5,ISM302,3,CURRICULUM_ASSUMPTION
SE190458,2027_Spring,5,ISP392,3,CURRICULUM_ASSUMPTION
SE190458,2027_Spring,5,ITA301,3,CURRICULUM_ASSUMPTION
SE190458,2027_Spring,5,ITE302c,3,CURRICULUM_ASSUMPTION
SE190459,2027_Spring,5,IS_COM*1,3,CURRICULUM_ASSUMPTION
SE190459,2027_Spring,5,ISM302,3,CURRICULUM_ASSUMPTION
SE190459,2027_Spring,5,ISP392,3,CURRICULUM_ASSUMPTION
SE190459,2027_Spring,5,ITA301,3,CURRICULUM_ASSUMPTION
SE190459,2027_Spring,5,ITE302c,3,CURRICULUM_ASSUMPTION
SE190460,2027_Spring,5,IS_COM*1,3,CURRICULUM_ASSUMPTION
SE190460,2027_Spring,5,ISM302,3,CURRICULUM_ASSUMPTION
SE190460,2027_Spring,5,ISP392,3,CURRICULUM_ASSUMPTION
SE190460,2027_Spring,5,ITA301,3,CURRICULUM_ASSUMPTION
SE190460,2027_Spring,5,ITE302c,3,CURRICULUM_ASSUMPTION
SE190461,2027_Spring,5,IS_COM*1,3,CURRICULUM_ASSUMPTION
SE190461,2027_Spring,5,ISM302,3,CURRICULUM_ASSUMPTION
SE190461,2027_Spring,5,ISP392,3,CURRICULUM_ASSUMPTION
SE190461,2027_Spring,5,ITA301,3,CURRICULUM_ASSUMPTION
SE190461,2027_Spring,5,ITE302c,3,CURRICULUM_ASSUMPTION
SE190462,2027_Spring,5,IS_COM*1,3,CURRICULUM_ASSUMPTION
SE190462,2027_Spring,5,ISM302,3,CURRICULUM_ASSUMPTION
SE190462,2027_Spring,5,ISP392,3,CURRICULUM_ASSUMPTION
SE190462,2027_Spring,5,ITA301,3,CURRICULUM_ASSUMPTION
SE190462,2027_Spring,5,ITE302c,3,CURRICULUM_ASSUMPTION
SE190463,2027_Spring,5,IS_COM*1,3,CURRICULUM_ASSUMPTION
SE190463,2027_Spring,5,ISM302,3,CURRICULUM_ASSUMPTION
SE190463,2027_Spring,5,ISP392,3,CURRICULUM_ASSUMPTION
SE190463,2027_Spring,5,ITA301,3,CURRICULUM_ASSUMPTION
SE190463,2027_Spring,5,ITE302c,3,CURRICULUM_ASSUMPTION
SE190464,2027_Spring,5,IS_COM*1,3,CURRICULUM_ASSUMPTION
SE190464,2027_Spring,5,ISM302,3,CURRICULUM_ASSUMPTION
SE190464,2027_Spring,5,ISP392,3,CURRICULUM_ASSUMPTION
SE190464,2027_Spring,5,ITA301,3,CURRICULUM_ASSUMPTION
SE190464,2027_Spring,5,ITE302c,3,CURRICULUM_ASSUMPTION
SE190465,2027_Spring,5,IS_COM*1,3,CURRICULUM_ASSUMPTION
SE190465,2027_Spring,5,ISM302,3,CURRICULUM_ASSUMPTION
SE190465,2027_Spring,5,ISP392,3,CURRICULUM_ASSUMPTION
SE190465,2027_Spring,5,ITA301,3,CURRICULUM_ASSUMPTION
SE190465,2027_Spring,5,ITE302c,3,CURRICULUM_ASSUMPTION
SE190466,2027_Spring,5,IS_COM*1,3,CURRICULUM_ASSUMPTION
SE190466,2027_Spring,5,ISM302,3,CURRICULUM_ASSUMPTION
SE190466,2027_Spring,5,ISP392,3,CURRICULUM_ASSUMPTION
SE190466,2027_Spring,5,ITA301,3,CURRICULUM_ASSUMPTION
SE190466,2027_Spring,5,ITE302c,3,CURRICULUM_ASSUMPTION
SE190467,2027_Spring,5,IS_COM*1,3,CURRICULUM_ASSUMPTION
SE190467,2027_Spring,5,ISM302,3,CURRICULUM_ASSUMPTION
SE190467,2027_Spring,5,ISP392,3,CURRICULUM_ASSUMPTION
SE190467,2027_Spring,5,ITA301,3,CURRICULUM_ASSUMPTION
SE190467,2027_Spring,5,ITE302c,3,CURRICULUM_ASSUMPTION
SE190468,2027_Spring,5,IS_COM*1,3,CURRICULUM_ASSUMPTION
SE190468,2027_Spring,5,ISM302,3,CURRICULUM_ASSUMPTION
SE190468,2027_Spring,5,ISP392,3,CURRICULUM_ASSUMPTION
SE190468,2027_Spring,5,ITA301,3,CURRICULUM_ASSUMPTION
SE190468,2027_Spring,5,ITE302c,3,CURRICULUM_ASSUMPTION
SE190469,2027_Spring,5,IS_COM*1,3,CURRICULUM_ASSUMPTION
SE190469,2027_Spring,5,ISM302,3,CURRICULUM_ASSUMPTION
SE190469,2027_Spring,5,ISP392,3,CURRICULUM_ASSUMPTION
SE190469,2027_Spring,5,ITA301,3,CURRICULUM_ASSUMPTION
SE190469,2027_Spring,5,ITE302c,3,CURRICULUM_ASSUMPTION
SE190470,2027_Spring,5,IS_COM*1,3,CURRICULUM_ASSUMPTION
SE190470,2027_Spring,5,ISM302,3,CURRICULUM_ASSUMPTION
SE190470,2027_Spring,5,ISP392,3,CURRICULUM_ASSUMPTION
SE190470,2027_Spring,5,ITA301,3,CURRICULUM_ASSUMPTION
SE190470,2027_Spring,5,ITE302c,3,CURRICULUM_ASSUMPTION
SE190471,2027_Spring,5,IS_COM*1,3,CURRICULUM_ASSUMPTION
SE190471,2027_Spring,5,ISM302,3,CURRICULUM_ASSUMPTION
SE190471,2027_Spring,5,ISP392,3,CURRICULUM_ASSUMPTION
SE190471,2027_Spring,5,ITA301,3,CURRICULUM_ASSUMPTION
SE190471,2027_Spring,5,ITE302c,3,CURRICULUM_ASSUMPTION
SE190472,2027_Spring,5,IS_COM*1,3,CURRICULUM_ASSUMPTION
SE190472,2027_Spring,5,ISM302,3,CURRICULUM_ASSUMPTION
SE190472,2027_Spring,5,ISP392,3,CURRICULUM_ASSUMPTION
SE190472,2027_Spring,5,ITA301,3,CURRICULUM_ASSUMPTION
SE190472,2027_Spring,5,ITE302c,3,CURRICULUM_ASSUMPTION
SE190473,2027_Spring,5,IS_COM*1,3,CURRICULUM_ASSUMPTION
SE190473,2027_Spring,5,ISM302,3,CURRICULUM_ASSUMPTION
SE190473,2027_Spring,5,ISP392,3,CURRICULUM_ASSUMPTION
SE190473,2027_Spring,5,ITA301,3,CURRICULUM_ASSUMPTION
SE190473,2027_Spring,5,ITE302c,3,CURRICULUM_ASSUMPTION
SE190474,2027_Spring,5,IS_COM*1,3,CURRICULUM_ASSUMPTION
SE190474,2027_Spring,5,ISM302,3,CURRICULUM_ASSUMPTION
SE190474,2027_Spring,5,ISP392,3,CURRICULUM_ASSUMPTION
SE190474,2027_Spring,5,ITA301,3,CURRICULUM_ASSUMPTION
SE190474,2027_Spring,5,ITE302c,3,CURRICULUM_ASSUMPTION
SE190475,2027_Spring,5,IS_COM*1,3,CURRICULUM_ASSUMPTION
SE190475,2027_Spring,5,ISM302,3,CURRICULUM_ASSUMPTION
SE190475,2027_Spring,5,ISP392,3,CURRICULUM_ASSUMPTION
SE190475,2027_Spring,5,ITA301,3,CURRICULUM_ASSUMPTION
SE190475,2027_Spring,5,ITE302c,3,CURRICULUM_ASSUMPTION
SE190476,2027_Spring,5,IS_COM*1,3,CURRICULUM_ASSUMPTION
SE190476,2027_Spring,5,ISM302,3,CURRICULUM_ASSUMPTION
SE190476,2027_Spring,5,ISP392,3,CURRICULUM_ASSUMPTION
SE190476,2027_Spring,5,ITA301,3,CURRICULUM_ASSUMPTION
SE190476,2027_Spring,5,ITE302c,3,CURRICULUM_ASSUMPTION
SE190477,2027_Spring,5,IS_COM*1,3,CURRICULUM_ASSUMPTION
SE190477,2027_Spring,5,ISM302,3,CURRICULUM_ASSUMPTION
SE190477,2027_Spring,5,ISP392,3,CURRICULUM_ASSUMPTION
SE190477,2027_Spring,5,ITA301,3,CURRICULUM_ASSUMPTION
SE190477,2027_Spring,5,ITE302c,3,CURRICULUM_ASSUMPTION
SE190478,2027_Spring,5,IS_COM*1,3,CURRICULUM_ASSUMPTION
SE190478,2027_Spring,5,ISM302,3,CURRICULUM_ASSUMPTION
SE190478,2027_Spring,5,ISP392,3,CURRICULUM_ASSUMPTION
SE190478,2027_Spring,5,ITA301,3,CURRICULUM_ASSUMPTION
SE190478,2027_Spring,5,ITE302c,3,CURRICULUM_ASSUMPTION
SE190479,2027_Spring,5,IS_COM*1,3,CURRICULUM_ASSUMPTION
SE190479,2027_Spring,5,ISM302,3,CURRICULUM_ASSUMPTION
SE190479,2027_Spring,5,ISP392,3,CURRICULUM_ASSUMPTION
SE190479,2027_Spring,5,ITA301,3,CURRICULUM_ASSUMPTION
SE190479,2027_Spring,5,ITE302c,3,CURRICULUM_ASSUMPTION
SE190480,2027_Spring,5,IS_COM*1,3,CURRICULUM_ASSUMPTION
SE190480,2027_Spring,5,ISM302,3,CURRICULUM_ASSUMPTION
SE190480,2027_Spring,5,ISP392,3,CURRICULUM_ASSUMPTION
SE190480,2027_Spring,5,ITA301,3,CURRICULUM_ASSUMPTION
SE190480,2027_Spring,5,ITE302c,3,CURRICULUM_ASSUMPTION
SE190481,2027_Spring,5,IS_COM*1,3,CURRICULUM_ASSUMPTION
SE190481,2027_Spring,5,ISM302,3,CURRICULUM_ASSUMPTION
SE190481,2027_Spring,5,ISP392,3,CURRICULUM_ASSUMPTION
SE190481,2027_Spring,5,ITA301,3,CURRICULUM_ASSUMPTION
SE190481,2027_Spring,5,ITE302c,3,CURRICULUM_ASSUMPTION
SE190482,2027_Spring,5,IS_COM*1,3,CURRICULUM_ASSUMPTION
SE190482,2027_Spring,5,ISM302,3,CURRICULUM_ASSUMPTION
SE190482,2027_Spring,5,ISP392,3,CURRICULUM_ASSUMPTION
SE190482,2027_Spring,5,ITA301,3,CURRICULUM_ASSUMPTION
SE190482,2027_Spring,5,ITE302c,3,CURRICULUM_ASSUMPTION
SE190483,2027_Spring,5,IS_COM*1,3,CURRICULUM_ASSUMPTION
SE190483,2027_Spring,5,ISM302,3,CURRICULUM_ASSUMPTION
SE190483,2027_Spring,5,ISP392,3,CURRICULUM_ASSUMPTION
SE190483,2027_Spring,5,ITA301,3,CURRICULUM_ASSUMPTION
SE190483,2027_Spring,5,ITE302c,3,CURRICULUM_ASSUMPTION
SE190484,2027_Spring,5,IS_COM*1,3,CURRICULUM_ASSUMPTION
SE190484,2027_Spring,5,ISM302,3,CURRICULUM_ASSUMPTION
SE190484,2027_Spring,5,ISP392,3,CURRICULUM_ASSUMPTION
SE190484,2027_Spring,5,ITA301,3,CURRICULUM_ASSUMPTION
SE190484,2027_Spring,5,ITE302c,3,CURRICULUM_ASSUMPTION
SE190485,2027_Spring,5,IS_COM*1,3,CURRICULUM_ASSUMPTION
SE190485,2027_Spring,5,ISM302,3,CURRICULUM_ASSUMPTION
SE190485,2027_Spring,5,ISP392,3,CURRICULUM_ASSUMPTION
SE190485,2027_Spring,5,ITA301,3,CURRICULUM_ASSUMPTION
SE190485,2027_Spring,5,ITE302c,3,CURRICULUM_ASSUMPTION
SE190486,2027_Spring,5,IS_COM*1,3,CURRICULUM_ASSUMPTION
SE190486,2027_Spring,5,ISM302,3,CURRICULUM_ASSUMPTION
SE190486,2027_Spring,5,ISP392,3,CURRICULUM_ASSUMPTION
SE190486,2027_Spring,5,ITA301,3,CURRICULUM_ASSUMPTION
SE190486,2027_Spring,5,ITE302c,3,CURRICULUM_ASSUMPTION
SE190487,2027_Spring,5,IS_COM*1,3,CURRICULUM_ASSUMPTION
SE190487,2027_Spring,5,ISM302,3,CURRICULUM_ASSUMPTION
SE190487,2027_Spring,5,ISP392,3,CURRICULUM_ASSUMPTION
SE190487,2027_Spring,5,ITA301,3,CURRICULUM_ASSUMPTION
SE190487,2027_Spring,5,ITE302c,3,CURRICULUM_ASSUMPTION
SE190488,2027_Spring,5,IS_COM*1,3,CURRICULUM_ASSUMPTION
SE190488,2027_Spring,5,ISM302,3,CURRICULUM_ASSUMPTION
SE190488,2027_Spring,5,ISP392,3,CURRICULUM_ASSUMPTION
SE190488,2027_Spring,5,ITA301,3,CURRICULUM_ASSUMPTION
SE190488,2027_Spring,5,ITE302c,3,CURRICULUM_ASSUMPTION
SE190489,2027_Spring,5,IS_COM*1,3,CURRICULUM_ASSUMPTION
SE190489,2027_Spring,5,ISM302,3,CURRICULUM_ASSUMPTION
SE190489,2027_Spring,5,ISP392,3,CURRICULUM_ASSUMPTION
SE190489,2027_Spring,5,ITA301,3,CURRICULUM_ASSUMPTION
SE190489,2027_Spring,5,ITE302c,3,CURRICULUM_ASSUMPTION
SE190490,2027_Spring,5,IS_COM*1,3,CURRICULUM_ASSUMPTION
SE190490,2027_Spring,5,ISM302,3,CURRICULUM_ASSUMPTION
SE190490,2027_Spring,5,ISP392,3,CURRICULUM_ASSUMPTION
SE190490,2027_Spring,5,ITA301,3,CURRICULUM_ASSUMPTION
SE190490,2027_Spring,5,ITE302c,3,CURRICULUM_ASSUMPTION
SE190491,2027_Spring,5,IS_COM*1,3,CURRICULUM_ASSUMPTION
SE190491,2027_Spring,5,ISM302,3,CURRICULUM_ASSUMPTION
SE190491,2027_Spring,5,ISP392,3,CURRICULUM_ASSUMPTION
SE190491,2027_Spring,5,ITA301,3,CURRICULUM_ASSUMPTION
SE190491,2027_Spring,5,ITE302c,3,CURRICULUM_ASSUMPTION
SE190492,2027_Spring,5,IS_COM*1,3,CURRICULUM_ASSUMPTION
SE190492,2027_Spring,5,ISM302,3,CURRICULUM_ASSUMPTION
SE190492,2027_Spring,5,ISP392,3,CURRICULUM_ASSUMPTION
SE190492,2027_Spring,5,ITA301,3,CURRICULUM_ASSUMPTION
SE190492,2027_Spring,5,ITE302c,3,CURRICULUM_ASSUMPTION
SE190493,2027_Spring,5,IS_COM*1,3,CURRICULUM_ASSUMPTION
SE190493,2027_Spring,5,ISM302,3,CURRICULUM_ASSUMPTION
SE190493,2027_Spring,5,ISP392,3,CURRICULUM_ASSUMPTION
SE190493,2027_Spring,5,ITA301,3,CURRICULUM_ASSUMPTION
SE190493,2027_Spring,5,ITE302c,3,CURRICULUM_ASSUMPTION
SE190494,2027_Spring,5,IS_COM*1,3,CURRICULUM_ASSUMPTION
SE190494,2027_Spring,5,ISM302,3,CURRICULUM_ASSUMPTION
SE190494,2027_Spring,5,ISP392,3,CURRICULUM_ASSUMPTION
SE190494,2027_Spring,5,ITA301,3,CURRICULUM_ASSUMPTION
SE190494,2027_Spring,5,ITE302c,3,CURRICULUM_ASSUMPTION
SE190495,2027_Spring,5,IS_COM*1,3,CURRICULUM_ASSUMPTION
SE190495,2027_Spring,5,ISM302,3,CURRICULUM_ASSUMPTION
SE190495,2027_Spring,5,ISP392,3,CURRICULUM_ASSUMPTION
SE190495,2027_Spring,5,ITA301,3,CURRICULUM_ASSUMPTION
SE190495,2027_Spring,5,ITE302c,3,CURRICULUM_ASSUMPTION
SE190496,2027_Spring,5,IS_COM*1,3,CURRICULUM_ASSUMPTION
SE190496,2027_Spring,5,ISM302,3,CURRICULUM_ASSUMPTION
SE190496,2027_Spring,5,ISP392,3,CURRICULUM_ASSUMPTION
SE190496,2027_Spring,5,ITA301,3,CURRICULUM_ASSUMPTION
SE190496,2027_Spring,5,ITE302c,3,CURRICULUM_ASSUMPTION
SE190497,2027_Spring,5,IS_COM*1,3,CURRICULUM_ASSUMPTION
SE190497,2027_Spring,5,ISM302,3,CURRICULUM_ASSUMPTION
SE190497,2027_Spring,5,ISP392,3,CURRICULUM_ASSUMPTION
SE190497,2027_Spring,5,ITA301,3,CURRICULUM_ASSUMPTION
SE190497,2027_Spring,5,ITE302c,3,CURRICULUM_ASSUMPTION
SE190498,2027_Spring,5,IS_COM*1,3,CURRICULUM_ASSUMPTION
SE190498,2027_Spring,5,ISM302,3,CURRICULUM_ASSUMPTION
SE190498,2027_Spring,5,ISP392,3,CURRICULUM_ASSUMPTION
SE190498,2027_Spring,5,ITA301,3,CURRICULUM_ASSUMPTION
SE190498,2027_Spring,5,ITE302c,3,CURRICULUM_ASSUMPTION
SE190499,2027_Spring,5,IS_COM*1,3,CURRICULUM_ASSUMPTION
SE190499,2027_Spring,5,ISM302,3,CURRICULUM_ASSUMPTION
SE190499,2027_Spring,5,ISP392,3,CURRICULUM_ASSUMPTION
SE190499,2027_Spring,5,ITA301,3,CURRICULUM_ASSUMPTION
SE190499,2027_Spring,5,ITE302c,3,CURRICULUM_ASSUMPTION
SE190500,2027_Spring,5,IS_COM*1,3,CURRICULUM_ASSUMPTION
SE190500,2027_Spring,5,ISM302,3,CURRICULUM_ASSUMPTION
SE190500,2027_Spring,5,ISP392,3,CURRICULUM_ASSUMPTION
SE190500,2027_Spring,5,ITA301,3,CURRICULUM_ASSUMPTION
SE190500,2027_Spring,5,ITE302c,3,CURRICULUM_ASSUMPTION
SE190501,2027_Spring,5,IS_COM*1,3,CURRICULUM_ASSUMPTION
SE190501,2027_Spring,5,ISM302,3,CURRICULUM_ASSUMPTION
SE190501,2027_Spring,5,ISP392,3,CURRICULUM_ASSUMPTION
SE190501,2027_Spring,5,ITA301,3,CURRICULUM_ASSUMPTION
SE190501,2027_Spring,5,ITE302c,3,CURRICULUM_ASSUMPTION
SE190502,2027_Spring,5,IS_COM*1,3,CURRICULUM_ASSUMPTION
SE190502,2027_Spring,5,ISM302,3,CURRICULUM_ASSUMPTION
SE190502,2027_Spring,5,ISP392,3,CURRICULUM_ASSUMPTION
SE190502,2027_Spring,5,ITA301,3,CURRICULUM_ASSUMPTION
SE190502,2027_Spring,5,ITE302c,3,CURRICULUM_ASSUMPTION
SE190503,2027_Spring,5,IS_COM*1,3,CURRICULUM_ASSUMPTION
SE190503,2027_Spring,5,ISM302,3,CURRICULUM_ASSUMPTION
SE190503,2027_Spring,5,ISP392,3,CURRICULUM_ASSUMPTION
SE190503,2027_Spring,5,ITA301,3,CURRICULUM_ASSUMPTION
SE190503,2027_Spring,5,ITE302c,3,CURRICULUM_ASSUMPTION
SE190504,2027_Spring,5,IS_COM*1,3,CURRICULUM_ASSUMPTION
SE190504,2027_Spring,5,ISM302,3,CURRICULUM_ASSUMPTION
SE190504,2027_Spring,5,ISP392,3,CURRICULUM_ASSUMPTION
SE190504,2027_Spring,5,ITA301,3,CURRICULUM_ASSUMPTION
SE190504,2027_Spring,5,ITE302c,3,CURRICULUM_ASSUMPTION
SE190505,2027_Spring,5,IS_COM*1,3,CURRICULUM_ASSUMPTION
SE190505,2027_Spring,5,ISM302,3,CURRICULUM_ASSUMPTION
SE190505,2027_Spring,5,ISP392,3,CURRICULUM_ASSUMPTION
SE190505,2027_Spring,5,ITA301,3,CURRICULUM_ASSUMPTION
SE190505,2027_Spring,5,ITE302c,3,CURRICULUM_ASSUMPTION
SE190506,2027_Spring,5,IS_COM*1,3,CURRICULUM_ASSUMPTION
SE190506,2027_Spring,5,ISM302,3,CURRICULUM_ASSUMPTION
SE190506,2027_Spring,5,ISP392,3,CURRICULUM_ASSUMPTION
SE190506,2027_Spring,5,ITA301,3,CURRICULUM_ASSUMPTION
SE190506,2027_Spring,5,ITE302c,3,CURRICULUM_ASSUMPTION
SE190507,2027_Spring,5,IS_COM*1,3,CURRICULUM_ASSUMPTION
SE190507,2027_Spring,5,ISM302,3,CURRICULUM_ASSUMPTION
SE190507,2027_Spring,5,ISP392,3,CURRICULUM_ASSUMPTION
SE190507,2027_Spring,5,ITA301,3,CURRICULUM_ASSUMPTION
SE190507,2027_Spring,5,ITE302c,3,CURRICULUM_ASSUMPTION
SE190508,2027_Spring,5,IS_COM*1,3,CURRICULUM_ASSUMPTION
SE190508,2027_Spring,5,ISM302,3,CURRICULUM_ASSUMPTION
SE190508,2027_Spring,5,ISP392,3,CURRICULUM_ASSUMPTION
SE190508,2027_Spring,5,ITA301,3,CURRICULUM_ASSUMPTION
SE190508,2027_Spring,5,ITE302c,3,CURRICULUM_ASSUMPTION
SE190509,2027_Spring,5,IS_COM*1,3,CURRICULUM_ASSUMPTION
SE190509,2027_Spring,5,ISM302,3,CURRICULUM_ASSUMPTION
SE190509,2027_Spring,5,ISP392,3,CURRICULUM_ASSUMPTION
SE190509,2027_Spring,5,ITA301,3,CURRICULUM_ASSUMPTION
SE190509,2027_Spring,5,ITE302c,3,CURRICULUM_ASSUMPTION
SE190510,2027_Spring,5,IS_COM*1,3,CURRICULUM_ASSUMPTION
SE190510,2027_Spring,5,ISM302,3,CURRICULUM_ASSUMPTION
SE190510,2027_Spring,5,ISP392,3,CURRICULUM_ASSUMPTION
SE190510,2027_Spring,5,ITA301,3,CURRICULUM_ASSUMPTION
SE190510,2027_Spring,5,ITE302c,3,CURRICULUM_ASSUMPTION
SE190511,2027_Spring,5,IS_COM*1,3,CURRICULUM_ASSUMPTION
SE190511,2027_Spring,5,ISM302,3,CURRICULUM_ASSUMPTION
SE190511,2027_Spring,5,ISP392,3,CURRICULUM_ASSUMPTION
SE190511,2027_Spring,5,ITA301,3,CURRICULUM_ASSUMPTION
SE190511,2027_Spring,5,ITE302c,3,CURRICULUM_ASSUMPTION
SE190512,2027_Spring,5,IS_COM*1,3,CURRICULUM_ASSUMPTION
SE190512,2027_Spring,5,ISM302,3,CURRICULUM_ASSUMPTION
SE190512,2027_Spring,5,ISP392,3,CURRICULUM_ASSUMPTION
SE190512,2027_Spring,5,ITA301,3,CURRICULUM_ASSUMPTION
SE190512,2027_Spring,5,ITE302c,3,CURRICULUM_ASSUMPTION
SE190513,2027_Spring,5,IS_COM*1,3,CURRICULUM_ASSUMPTION
SE190513,2027_Spring,5,ISM302,3,CURRICULUM_ASSUMPTION
SE190513,2027_Spring,5,ISP392,3,CURRICULUM_ASSUMPTION
SE190513,2027_Spring,5,ITA301,3,CURRICULUM_ASSUMPTION
SE190513,2027_Spring,5,ITE302c,3,CURRICULUM_ASSUMPTION
SE190514,2027_Spring,5,IS_COM*1,3,CURRICULUM_ASSUMPTION
SE190514,2027_Spring,5,ISM302,3,CURRICULUM_ASSUMPTION
SE190514,2027_Spring,5,ISP392,3,CURRICULUM_ASSUMPTION
SE190514,2027_Spring,5,ITA301,3,CURRICULUM_ASSUMPTION
SE190514,2027_Spring,5,ITE302c,3,CURRICULUM_ASSUMPTION
SE190515,2027_Spring,5,IS_COM*1,3,CURRICULUM_ASSUMPTION
SE190515,2027_Spring,5,ISM302,3,CURRICULUM_ASSUMPTION
SE190515,2027_Spring,5,ISP392,3,CURRICULUM_ASSUMPTION
SE190515,2027_Spring,5,ITA301,3,CURRICULUM_ASSUMPTION
SE190515,2027_Spring,5,ITE302c,3,CURRICULUM_ASSUMPTION
SE190516,2027_Spring,5,IS_COM*1,3,CURRICULUM_ASSUMPTION
SE190516,2027_Spring,5,ISM302,3,CURRICULUM_ASSUMPTION
SE190516,2027_Spring,5,ISP392,3,CURRICULUM_ASSUMPTION
SE190516,2027_Spring,5,ITA301,3,CURRICULUM_ASSUMPTION
SE190516,2027_Spring,5,ITE302c,3,CURRICULUM_ASSUMPTION
SE190517,2027_Spring,5,IS_COM*1,3,CURRICULUM_ASSUMPTION
SE190517,2027_Spring,5,ISM302,3,CURRICULUM_ASSUMPTION
SE190517,2027_Spring,5,ISP392,3,CURRICULUM_ASSUMPTION
SE190517,2027_Spring,5,ITA301,3,CURRICULUM_ASSUMPTION
SE190517,2027_Spring,5,ITE302c,3,CURRICULUM_ASSUMPTION
SE190518,2027_Spring,5,IS_COM*1,3,CURRICULUM_ASSUMPTION
SE190518,2027_Spring,5,ISM302,3,CURRICULUM_ASSUMPTION
SE190518,2027_Spring,5,ISP392,3,CURRICULUM_ASSUMPTION
SE190518,2027_Spring,5,ITA301,3,CURRICULUM_ASSUMPTION
SE190518,2027_Spring,5,ITE302c,3,CURRICULUM_ASSUMPTION
SE190519,2027_Spring,5,IS_COM*1,3,CURRICULUM_ASSUMPTION
SE190519,2027_Spring,5,ISM302,3,CURRICULUM_ASSUMPTION
SE190519,2027_Spring,5,ISP392,3,CURRICULUM_ASSUMPTION
SE190519,2027_Spring,5,ITA301,3,CURRICULUM_ASSUMPTION
SE190519,2027_Spring,5,ITE302c,3,CURRICULUM_ASSUMPTION
SE190520,2027_Spring,5,IS_COM*1,3,CURRICULUM_ASSUMPTION
SE190520,2027_Spring,5,ISM302,3,CURRICULUM_ASSUMPTION
SE190520,2027_Spring,5,ISP392,3,CURRICULUM_ASSUMPTION
SE190520,2027_Spring,5,ITA301,3,CURRICULUM_ASSUMPTION
SE190520,2027_Spring,5,ITE302c,3,CURRICULUM_ASSUMPTION
SE190521,2027_Spring,5,IS_COM*1,3,CURRICULUM_ASSUMPTION
SE190521,2027_Spring,5,ISM302,3,CURRICULUM_ASSUMPTION
SE190521,2027_Spring,5,ISP392,3,CURRICULUM_ASSUMPTION
SE190521,2027_Spring,5,ITA301,3,CURRICULUM_ASSUMPTION
SE190521,2027_Spring,5,ITE302c,3,CURRICULUM_ASSUMPTION
SE190522,2027_Spring,5,IS_COM*1,3,CURRICULUM_ASSUMPTION
SE190522,2027_Spring,5,ISM302,3,CURRICULUM_ASSUMPTION
SE190522,2027_Spring,5,ISP392,3,CURRICULUM_ASSUMPTION
SE190522,2027_Spring,5,ITA301,3,CURRICULUM_ASSUMPTION
SE190522,2027_Spring,5,ITE302c,3,CURRICULUM_ASSUMPTION
SE190523,2027_Spring,5,IS_COM*1,3,CURRICULUM_ASSUMPTION
SE190523,2027_Spring,5,ISM302,3,CURRICULUM_ASSUMPTION
SE190523,2027_Spring,5,ISP392,3,CURRICULUM_ASSUMPTION
SE190523,2027_Spring,5,ITA301,3,CURRICULUM_ASSUMPTION
SE190523,2027_Spring,5,ITE302c,3,CURRICULUM_ASSUMPTION
SE190524,2027_Spring,5,IS_COM*1,3,CURRICULUM_ASSUMPTION
SE190524,2027_Spring,5,ISM302,3,CURRICULUM_ASSUMPTION
SE190524,2027_Spring,5,ISP392,3,CURRICULUM_ASSUMPTION
SE190524,2027_Spring,5,ITA301,3,CURRICULUM_ASSUMPTION
SE190524,2027_Spring,5,ITE302c,3,CURRICULUM_ASSUMPTION
SE190525,2027_Spring,5,IS_COM*1,3,CURRICULUM_ASSUMPTION
SE190525,2027_Spring,5,ISM302,3,CURRICULUM_ASSUMPTION
SE190525,2027_Spring,5,ISP392,3,CURRICULUM_ASSUMPTION
SE190525,2027_Spring,5,ITA301,3,CURRICULUM_ASSUMPTION
SE190525,2027_Spring,5,ITE302c,3,CURRICULUM_ASSUMPTION
SE190526,2027_Spring,5,IS_COM*1,3,CURRICULUM_ASSUMPTION
SE190526,2027_Spring,5,ISM302,3,CURRICULUM_ASSUMPTION
SE190526,2027_Spring,5,ISP392,3,CURRICULUM_ASSUMPTION
SE190526,2027_Spring,5,ITA301,3,CURRICULUM_ASSUMPTION
SE190526,2027_Spring,5,ITE302c,3,CURRICULUM_ASSUMPTION
SE190527,2027_Spring,5,IS_COM*1,3,CURRICULUM_ASSUMPTION
SE190527,2027_Spring,5,ISM302,3,CURRICULUM_ASSUMPTION
SE190527,2027_Spring,5,ISP392,3,CURRICULUM_ASSUMPTION
SE190527,2027_Spring,5,ITA301,3,CURRICULUM_ASSUMPTION
SE190527,2027_Spring,5,ITE302c,3,CURRICULUM_ASSUMPTION
SE190528,2027_Spring,5,IS_COM*1,3,CURRICULUM_ASSUMPTION
SE190528,2027_Spring,5,ISM302,3,CURRICULUM_ASSUMPTION
SE190528,2027_Spring,5,ISP392,3,CURRICULUM_ASSUMPTION
SE190528,2027_Spring,5,ITA301,3,CURRICULUM_ASSUMPTION
SE190528,2027_Spring,5,ITE302c,3,CURRICULUM_ASSUMPTION
SE190529,2027_Spring,5,IS_COM*1,3,CURRICULUM_ASSUMPTION
SE190529,2027_Spring,5,ISM302,3,CURRICULUM_ASSUMPTION
SE190529,2027_Spring,5,ISP392,3,CURRICULUM_ASSUMPTION
SE190529,2027_Spring,5,ITA301,3,CURRICULUM_ASSUMPTION
SE190529,2027_Spring,5,ITE302c,3,CURRICULUM_ASSUMPTION
SE190530,2027_Spring,5,IS_COM*1,3,CURRICULUM_ASSUMPTION
SE190530,2027_Spring,5,ISM302,3,CURRICULUM_ASSUMPTION
SE190530,2027_Spring,5,ISP392,3,CURRICULUM_ASSUMPTION
SE190530,2027_Spring,5,ITA301,3,CURRICULUM_ASSUMPTION
SE190530,2027_Spring,5,ITE302c,3,CURRICULUM_ASSUMPTION
SE190531,2027_Spring,5,IS_COM*1,3,CURRICULUM_ASSUMPTION
SE190531,2027_Spring,5,ISM302,3,CURRICULUM_ASSUMPTION
SE190531,2027_Spring,5,ISP392,3,CURRICULUM_ASSUMPTION
SE190531,2027_Spring,5,ITA301,3,CURRICULUM_ASSUMPTION
SE190531,2027_Spring,5,ITE302c,3,CURRICULUM_ASSUMPTION
SE190532,2027_Spring,5,IS_COM*1,3,CURRICULUM_ASSUMPTION
SE190532,2027_Spring,5,ISM302,3,CURRICULUM_ASSUMPTION
SE190532,2027_Spring,5,ISP392,3,CURRICULUM_ASSUMPTION
SE190532,2027_Spring,5,ITA301,3,CURRICULUM_ASSUMPTION
SE190532,2027_Spring,5,ITE302c,3,CURRICULUM_ASSUMPTION
SE190533,2027_Spring,5,IS_COM*1,3,CURRICULUM_ASSUMPTION
SE190533,2027_Spring,5,ISM302,3,CURRICULUM_ASSUMPTION
SE190533,2027_Spring,5,ISP392,3,CURRICULUM_ASSUMPTION
SE190533,2027_Spring,5,ITA301,3,CURRICULUM_ASSUMPTION
SE190533,2027_Spring,5,ITE302c,3,CURRICULUM_ASSUMPTION
SE190534,2027_Spring,5,IS_COM*1,3,CURRICULUM_ASSUMPTION
SE190534,2027_Spring,5,ISM302,3,CURRICULUM_ASSUMPTION
SE190534,2027_Spring,5,ISP392,3,CURRICULUM_ASSUMPTION
SE190534,2027_Spring,5,ITA301,3,CURRICULUM_ASSUMPTION
SE190534,2027_Spring,5,ITE302c,3,CURRICULUM_ASSUMPTION
SE190535,2027_Spring,5,IS_COM*1,3,CURRICULUM_ASSUMPTION
SE190535,2027_Spring,5,ISM302,3,CURRICULUM_ASSUMPTION
SE190535,2027_Spring,5,ISP392,3,CURRICULUM_ASSUMPTION
SE190535,2027_Spring,5,ITA301,3,CURRICULUM_ASSUMPTION
SE190535,2027_Spring,5,ITE302c,3,CURRICULUM_ASSUMPTION
SE190536,2027_Spring,5,IS_COM*1,3,CURRICULUM_ASSUMPTION
SE190536,2027_Spring,5,ISM302,3,CURRICULUM_ASSUMPTION
SE190536,2027_Spring,5,ISP392,3,CURRICULUM_ASSUMPTION
SE190536,2027_Spring,5,ITA301,3,CURRICULUM_ASSUMPTION
SE190536,2027_Spring,5,ITE302c,3,CURRICULUM_ASSUMPTION
SE190537,2027_Spring,5,IS_COM*1,3,CURRICULUM_ASSUMPTION
SE190537,2027_Spring,5,ISM302,3,CURRICULUM_ASSUMPTION
SE190537,2027_Spring,5,ISP392,3,CURRICULUM_ASSUMPTION
SE190537,2027_Spring,5,ITA301,3,CURRICULUM_ASSUMPTION
SE190537,2027_Spring,5,ITE302c,3,CURRICULUM_ASSUMPTION
SE190538,2027_Spring,5,IS_COM*1,3,CURRICULUM_ASSUMPTION
SE190538,2027_Spring,5,ISM302,3,CURRICULUM_ASSUMPTION
SE190538,2027_Spring,5,ISP392,3,CURRICULUM_ASSUMPTION
SE190538,2027_Spring,5,ITA301,3,CURRICULUM_ASSUMPTION
SE190538,2027_Spring,5,ITE302c,3,CURRICULUM_ASSUMPTION
SE190539,2027_Spring,5,IS_COM*1,3,CURRICULUM_ASSUMPTION
SE190539,2027_Spring,5,ISM302,3,CURRICULUM_ASSUMPTION
SE190539,2027_Spring,5,ISP392,3,CURRICULUM_ASSUMPTION
SE190539,2027_Spring,5,ITA301,3,CURRICULUM_ASSUMPTION
SE190539,2027_Spring,5,ITE302c,3,CURRICULUM_ASSUMPTION
SE190540,2027_Spring,5,IS_COM*1,3,CURRICULUM_ASSUMPTION
SE190540,2027_Spring,5,ISM302,3,CURRICULUM_ASSUMPTION
SE190540,2027_Spring,5,ISP392,3,CURRICULUM_ASSUMPTION
SE190540,2027_Spring,5,ITA301,3,CURRICULUM_ASSUMPTION
SE190540,2027_Spring,5,ITE302c,3,CURRICULUM_ASSUMPTION
SE190541,2027_Spring,5,IS_COM*1,3,CURRICULUM_ASSUMPTION
SE190541,2027_Spring,5,ISM302,3,CURRICULUM_ASSUMPTION
SE190541,2027_Spring,5,ISP392,3,CURRICULUM_ASSUMPTION
SE190541,2027_Spring,5,ITA301,3,CURRICULUM_ASSUMPTION
SE190541,2027_Spring,5,ITE302c,3,CURRICULUM_ASSUMPTION
SE190542,2027_Spring,5,IS_COM*1,3,CURRICULUM_ASSUMPTION
SE190542,2027_Spring,5,ISM302,3,CURRICULUM_ASSUMPTION
SE190542,2027_Spring,5,ISP392,3,CURRICULUM_ASSUMPTION
SE190542,2027_Spring,5,ITA301,3,CURRICULUM_ASSUMPTION
SE190542,2027_Spring,5,ITE302c,3,CURRICULUM_ASSUMPTION
SE190543,2027_Spring,5,IS_COM*1,3,CURRICULUM_ASSUMPTION
SE190543,2027_Spring,5,ISM302,3,CURRICULUM_ASSUMPTION
SE190543,2027_Spring,5,ISP392,3,CURRICULUM_ASSUMPTION
SE190543,2027_Spring,5,ITA301,3,CURRICULUM_ASSUMPTION
SE190543,2027_Spring,5,ITE302c,3,CURRICULUM_ASSUMPTION
SE190544,2027_Spring,5,IS_COM*1,3,CURRICULUM_ASSUMPTION
SE190544,2027_Spring,5,ISM302,3,CURRICULUM_ASSUMPTION
SE190544,2027_Spring,5,ISP392,3,CURRICULUM_ASSUMPTION
SE190544,2027_Spring,5,ITA301,3,CURRICULUM_ASSUMPTION
SE190544,2027_Spring,5,ITE302c,3,CURRICULUM_ASSUMPTION
SE190545,2027_Spring,5,IS_COM*1,3,CURRICULUM_ASSUMPTION
SE190545,2027_Spring,5,ISM302,3,CURRICULUM_ASSUMPTION
SE190545,2027_Spring,5,ISP392,3,CURRICULUM_ASSUMPTION
SE190545,2027_Spring,5,ITA301,3,CURRICULUM_ASSUMPTION
SE190545,2027_Spring,5,ITE302c,3,CURRICULUM_ASSUMPTION
SE190546,2027_Spring,5,IS_COM*1,3,CURRICULUM_ASSUMPTION
SE190546,2027_Spring,5,ISM302,3,CURRICULUM_ASSUMPTION
SE190546,2027_Spring,5,ISP392,3,CURRICULUM_ASSUMPTION
SE190546,2027_Spring,5,ITA301,3,CURRICULUM_ASSUMPTION
SE190546,2027_Spring,5,ITE302c,3,CURRICULUM_ASSUMPTION
SE190547,2027_Spring,5,IS_COM*1,3,CURRICULUM_ASSUMPTION
SE190547,2027_Spring,5,ISM302,3,CURRICULUM_ASSUMPTION
SE190547,2027_Spring,5,ISP392,3,CURRICULUM_ASSUMPTION
SE190547,2027_Spring,5,ITA301,3,CURRICULUM_ASSUMPTION
SE190547,2027_Spring,5,ITE302c,3,CURRICULUM_ASSUMPTION
SE190548,2027_Spring,5,IS_COM*1,3,CURRICULUM_ASSUMPTION
SE190548,2027_Spring,5,ISM302,3,CURRICULUM_ASSUMPTION
SE190548,2027_Spring,5,ISP392,3,CURRICULUM_ASSUMPTION
SE190548,2027_Spring,5,ITA301,3,CURRICULUM_ASSUMPTION
SE190548,2027_Spring,5,ITE302c,3,CURRICULUM_ASSUMPTION
SE190549,2027_Spring,5,IS_COM*1,3,CURRICULUM_ASSUMPTION
SE190549,2027_Spring,5,ISM302,3,CURRICULUM_ASSUMPTION
SE190549,2027_Spring,5,ISP392,3,CURRICULUM_ASSUMPTION
SE190549,2027_Spring,5,ITA301,3,CURRICULUM_ASSUMPTION
SE190549,2027_Spring,5,ITE302c,3,CURRICULUM_ASSUMPTION
SE190550,2027_Spring,5,IS_COM*1,3,CURRICULUM_ASSUMPTION
SE190550,2027_Spring,5,ISM302,3,CURRICULUM_ASSUMPTION
SE190550,2027_Spring,5,ISP392,3,CURRICULUM_ASSUMPTION
SE190550,2027_Spring,5,ITA301,3,CURRICULUM_ASSUMPTION
SE190550,2027_Spring,5,ITE302c,3,CURRICULUM_ASSUMPTION
SE190551,2027_Spring,5,IS_COM*1,3,CURRICULUM_ASSUMPTION
SE190551,2027_Spring,5,ISM302,3,CURRICULUM_ASSUMPTION
SE190551,2027_Spring,5,ISP392,3,CURRICULUM_ASSUMPTION
SE190551,2027_Spring,5,ITA301,3,CURRICULUM_ASSUMPTION
SE190551,2027_Spring,5,ITE302c,3,CURRICULUM_ASSUMPTION
SE190552,2027_Spring,5,IS_COM*1,3,CURRICULUM_ASSUMPTION
SE190552,2027_Spring,5,ISM302,3,CURRICULUM_ASSUMPTION
SE190552,2027_Spring,5,ISP392,3,CURRICULUM_ASSUMPTION
SE190552,2027_Spring,5,ITA301,3,CURRICULUM_ASSUMPTION
SE190552,2027_Spring,5,ITE302c,3,CURRICULUM_ASSUMPTION
SE190553,2027_Spring,5,IS_COM*1,3,CURRICULUM_ASSUMPTION
SE190553,2027_Spring,5,ISM302,3,CURRICULUM_ASSUMPTION
SE190553,2027_Spring,5,ISP392,3,CURRICULUM_ASSUMPTION
SE190553,2027_Spring,5,ITA301,3,CURRICULUM_ASSUMPTION
SE190553,2027_Spring,5,ITE302c,3,CURRICULUM_ASSUMPTION
SE190554,2027_Spring,5,IS_COM*1,3,CURRICULUM_ASSUMPTION
SE190554,2027_Spring,5,ISM302,3,CURRICULUM_ASSUMPTION
SE190554,2027_Spring,5,ISP392,3,CURRICULUM_ASSUMPTION
SE190554,2027_Spring,5,ITA301,3,CURRICULUM_ASSUMPTION
SE190554,2027_Spring,5,ITE302c,3,CURRICULUM_ASSUMPTION
SE190555,2027_Spring,5,IS_COM*1,3,CURRICULUM_ASSUMPTION
SE190555,2027_Spring,5,ISM302,3,CURRICULUM_ASSUMPTION
SE190555,2027_Spring,5,ISP392,3,CURRICULUM_ASSUMPTION
SE190555,2027_Spring,5,ITA301,3,CURRICULUM_ASSUMPTION
SE190555,2027_Spring,5,ITE302c,3,CURRICULUM_ASSUMPTION
SE190556,2027_Spring,5,IS_COM*1,3,CURRICULUM_ASSUMPTION
SE190556,2027_Spring,5,ISM302,3,CURRICULUM_ASSUMPTION
SE190556,2027_Spring,5,ISP392,3,CURRICULUM_ASSUMPTION
SE190556,2027_Spring,5,ITA301,3,CURRICULUM_ASSUMPTION
SE190556,2027_Spring,5,ITE302c,3,CURRICULUM_ASSUMPTION
SE190557,2027_Spring,5,IS_COM*1,3,CURRICULUM_ASSUMPTION
SE190557,2027_Spring,5,ISM302,3,CURRICULUM_ASSUMPTION
SE190557,2027_Spring,5,ISP392,3,CURRICULUM_ASSUMPTION
SE190557,2027_Spring,5,ITA301,3,CURRICULUM_ASSUMPTION
SE190557,2027_Spring,5,ITE302c,3,CURRICULUM_ASSUMPTION
SE190558,2027_Spring,5,IS_COM*1,3,CURRICULUM_ASSUMPTION
SE190558,2027_Spring,5,ISM302,3,CURRICULUM_ASSUMPTION
SE190558,2027_Spring,5,ISP392,3,CURRICULUM_ASSUMPTION
SE190558,2027_Spring,5,ITA301,3,CURRICULUM_ASSUMPTION
SE190558,2027_Spring,5,ITE302c,3,CURRICULUM_ASSUMPTION
SE190559,2027_Spring,5,IS_COM*1,3,CURRICULUM_ASSUMPTION
SE190559,2027_Spring,5,ISM302,3,CURRICULUM_ASSUMPTION
SE190559,2027_Spring,5,ISP392,3,CURRICULUM_ASSUMPTION
SE190559,2027_Spring,5,ITA301,3,CURRICULUM_ASSUMPTION
SE190559,2027_Spring,5,ITE302c,3,CURRICULUM_ASSUMPTION
SE190560,2027_Spring,5,IS_COM*1,3,CURRICULUM_ASSUMPTION
SE190560,2027_Spring,5,ISM302,3,CURRICULUM_ASSUMPTION
SE190560,2027_Spring,5,ISP392,3,CURRICULUM_ASSUMPTION
SE190560,2027_Spring,5,ITA301,3,CURRICULUM_ASSUMPTION
SE190560,2027_Spring,5,ITE302c,3,CURRICULUM_ASSUMPTION
SE190561,2027_Spring,5,IS_COM*1,3,CURRICULUM_ASSUMPTION
SE190561,2027_Spring,5,ISM302,3,CURRICULUM_ASSUMPTION
SE190561,2027_Spring,5,ISP392,3,CURRICULUM_ASSUMPTION
SE190561,2027_Spring,5,ITA301,3,CURRICULUM_ASSUMPTION
SE190561,2027_Spring,5,ITE302c,3,CURRICULUM_ASSUMPTION
SE190562,2027_Spring,5,IS_COM*1,3,CURRICULUM_ASSUMPTION
SE190562,2027_Spring,5,ISM302,3,CURRICULUM_ASSUMPTION
SE190562,2027_Spring,5,ISP392,3,CURRICULUM_ASSUMPTION
SE190562,2027_Spring,5,ITA301,3,CURRICULUM_ASSUMPTION
SE190562,2027_Spring,5,ITE302c,3,CURRICULUM_ASSUMPTION
SE190563,2027_Spring,5,IS_COM*1,3,CURRICULUM_ASSUMPTION
SE190563,2027_Spring,5,ISM302,3,CURRICULUM_ASSUMPTION
SE190563,2027_Spring,5,ISP392,3,CURRICULUM_ASSUMPTION
SE190563,2027_Spring,5,ITA301,3,CURRICULUM_ASSUMPTION
SE190563,2027_Spring,5,ITE302c,3,CURRICULUM_ASSUMPTION
SE190564,2027_Spring,5,IS_COM*1,3,CURRICULUM_ASSUMPTION
SE190564,2027_Spring,5,ISM302,3,CURRICULUM_ASSUMPTION
SE190564,2027_Spring,5,ISP392,3,CURRICULUM_ASSUMPTION
SE190564,2027_Spring,5,ITA301,3,CURRICULUM_ASSUMPTION
SE190564,2027_Spring,5,ITE302c,3,CURRICULUM_ASSUMPTION
SE190565,2027_Spring,5,IS_COM*1,3,CURRICULUM_ASSUMPTION
SE190565,2027_Spring,5,ISM302,3,CURRICULUM_ASSUMPTION
SE190565,2027_Spring,5,ISP392,3,CURRICULUM_ASSUMPTION
SE190565,2027_Spring,5,ITA301,3,CURRICULUM_ASSUMPTION
SE190565,2027_Spring,5,ITE302c,3,CURRICULUM_ASSUMPTION
SE190566,2027_Spring,5,IS_COM*1,3,CURRICULUM_ASSUMPTION
SE190566,2027_Spring,5,ISM302,3,CURRICULUM_ASSUMPTION
SE190566,2027_Spring,5,ISP392,3,CURRICULUM_ASSUMPTION
SE190566,2027_Spring,5,ITA301,3,CURRICULUM_ASSUMPTION
SE190566,2027_Spring,5,ITE302c,3,CURRICULUM_ASSUMPTION
SE190567,2027_Spring,5,IS_COM*1,3,CURRICULUM_ASSUMPTION
SE190567,2027_Spring,5,ISM302,3,CURRICULUM_ASSUMPTION
SE190567,2027_Spring,5,ISP392,3,CURRICULUM_ASSUMPTION
SE190567,2027_Spring,5,ITA301,3,CURRICULUM_ASSUMPTION
SE190567,2027_Spring,5,ITE302c,3,CURRICULUM_ASSUMPTION
SE190568,2027_Spring,5,IS_COM*1,3,CURRICULUM_ASSUMPTION
SE190568,2027_Spring,5,ISM302,3,CURRICULUM_ASSUMPTION
SE190568,2027_Spring,5,ISP392,3,CURRICULUM_ASSUMPTION
SE190568,2027_Spring,5,ITA301,3,CURRICULUM_ASSUMPTION
SE190568,2027_Spring,5,ITE302c,3,CURRICULUM_ASSUMPTION
SE190569,2027_Spring,5,IS_COM*1,3,CURRICULUM_ASSUMPTION
SE190569,2027_Spring,5,ISM302,3,CURRICULUM_ASSUMPTION
SE190569,2027_Spring,5,ISP392,3,CURRICULUM_ASSUMPTION
SE190569,2027_Spring,5,ITA301,3,CURRICULUM_ASSUMPTION
SE190569,2027_Spring,5,ITE302c,3,CURRICULUM_ASSUMPTION
SE190570,2027_Spring,5,IS_COM*1,3,CURRICULUM_ASSUMPTION
SE190570,2027_Spring,5,ISM302,3,CURRICULUM_ASSUMPTION
SE190570,2027_Spring,5,ISP392,3,CURRICULUM_ASSUMPTION
SE190570,2027_Spring,5,ITA301,3,CURRICULUM_ASSUMPTION
SE190570,2027_Spring,5,ITE302c,3,CURRICULUM_ASSUMPTION
SE190571,2027_Spring,5,IS_COM*1,3,CURRICULUM_ASSUMPTION
SE190571,2027_Spring,5,ISM302,3,CURRICULUM_ASSUMPTION
SE190571,2027_Spring,5,ISP392,3,CURRICULUM_ASSUMPTION
SE190571,2027_Spring,5,ITA301,3,CURRICULUM_ASSUMPTION
SE190571,2027_Spring,5,ITE302c,3,CURRICULUM_ASSUMPTION
SE190572,2027_Spring,5,IS_COM*1,3,CURRICULUM_ASSUMPTION
SE190572,2027_Spring,5,ISM302,3,CURRICULUM_ASSUMPTION
SE190572,2027_Spring,5,ISP392,3,CURRICULUM_ASSUMPTION
SE190572,2027_Spring,5,ITA301,3,CURRICULUM_ASSUMPTION
SE190572,2027_Spring,5,ITE302c,3,CURRICULUM_ASSUMPTION
SE190573,2027_Spring,5,IS_COM*1,3,CURRICULUM_ASSUMPTION
SE190573,2027_Spring,5,ISM302,3,CURRICULUM_ASSUMPTION
SE190573,2027_Spring,5,ISP392,3,CURRICULUM_ASSUMPTION
SE190573,2027_Spring,5,ITA301,3,CURRICULUM_ASSUMPTION
SE190573,2027_Spring,5,ITE302c,3,CURRICULUM_ASSUMPTION
SE190574,2027_Spring,5,IS_COM*1,3,CURRICULUM_ASSUMPTION
SE190574,2027_Spring,5,ISM302,3,CURRICULUM_ASSUMPTION
SE190574,2027_Spring,5,ISP392,3,CURRICULUM_ASSUMPTION
SE190574,2027_Spring,5,ITA301,3,CURRICULUM_ASSUMPTION
SE190574,2027_Spring,5,ITE302c,3,CURRICULUM_ASSUMPTION
SE190575,2027_Spring,5,IS_COM*1,3,CURRICULUM_ASSUMPTION
SE190575,2027_Spring,5,ISM302,3,CURRICULUM_ASSUMPTION
SE190575,2027_Spring,5,ISP392,3,CURRICULUM_ASSUMPTION
SE190575,2027_Spring,5,ITA301,3,CURRICULUM_ASSUMPTION
SE190575,2027_Spring,5,ITE302c,3,CURRICULUM_ASSUMPTION
SE190576,2027_Spring,5,IS_COM*1,3,CURRICULUM_ASSUMPTION
SE190576,2027_Spring,5,ISM302,3,CURRICULUM_ASSUMPTION
SE190576,2027_Spring,5,ISP392,3,CURRICULUM_ASSUMPTION
SE190576,2027_Spring,5,ITA301,3,CURRICULUM_ASSUMPTION
SE190576,2027_Spring,5,ITE302c,3,CURRICULUM_ASSUMPTION
SE190577,2027_Spring,5,IS_COM*1,3,CURRICULUM_ASSUMPTION
SE190577,2027_Spring,5,ISM302,3,CURRICULUM_ASSUMPTION
SE190577,2027_Spring,5,ISP392,3,CURRICULUM_ASSUMPTION
SE190577,2027_Spring,5,ITA301,3,CURRICULUM_ASSUMPTION
SE190577,2027_Spring,5,ITE302c,3,CURRICULUM_ASSUMPTION
SE190578,2027_Spring,5,IS_COM*1,3,CURRICULUM_ASSUMPTION
SE190578,2027_Spring,5,ISM302,3,CURRICULUM_ASSUMPTION
SE190578,2027_Spring,5,ISP392,3,CURRICULUM_ASSUMPTION
SE190578,2027_Spring,5,ITA301,3,CURRICULUM_ASSUMPTION
SE190578,2027_Spring,5,ITE302c,3,CURRICULUM_ASSUMPTION
SE190579,2027_Spring,5,IS_COM*1,3,CURRICULUM_ASSUMPTION
SE190579,2027_Spring,5,ISM302,3,CURRICULUM_ASSUMPTION
SE190579,2027_Spring,5,ISP392,3,CURRICULUM_ASSUMPTION
SE190579,2027_Spring,5,ITA301,3,CURRICULUM_ASSUMPTION
SE190579,2027_Spring,5,ITE302c,3,CURRICULUM_ASSUMPTION
SE190580,2027_Spring,5,IS_COM*1,3,CURRICULUM_ASSUMPTION
SE190580,2027_Spring,5,ISM302,3,CURRICULUM_ASSUMPTION
SE190580,2027_Spring,5,ISP392,3,CURRICULUM_ASSUMPTION
SE190580,2027_Spring,5,ITA301,3,CURRICULUM_ASSUMPTION
SE190580,2027_Spring,5,ITE302c,3,CURRICULUM_ASSUMPTION
SE190581,2027_Spring,5,IS_COM*1,3,CURRICULUM_ASSUMPTION
SE190581,2027_Spring,5,ISM302,3,CURRICULUM_ASSUMPTION
SE190581,2027_Spring,5,ISP392,3,CURRICULUM_ASSUMPTION
SE190581,2027_Spring,5,ITA301,3,CURRICULUM_ASSUMPTION
SE190581,2027_Spring,5,ITE302c,3,CURRICULUM_ASSUMPTION
SE190582,2027_Spring,5,IS_COM*1,3,CURRICULUM_ASSUMPTION
SE190582,2027_Spring,5,ISM302,3,CURRICULUM_ASSUMPTION
SE190582,2027_Spring,5,ISP392,3,CURRICULUM_ASSUMPTION
SE190582,2027_Spring,5,ITA301,3,CURRICULUM_ASSUMPTION
SE190582,2027_Spring,5,ITE302c,3,CURRICULUM_ASSUMPTION
SE190583,2027_Spring,5,IS_COM*1,3,CURRICULUM_ASSUMPTION
SE190583,2027_Spring,5,ISM302,3,CURRICULUM_ASSUMPTION
SE190583,2027_Spring,5,ISP392,3,CURRICULUM_ASSUMPTION
SE190583,2027_Spring,5,ITA301,3,CURRICULUM_ASSUMPTION
SE190583,2027_Spring,5,ITE302c,3,CURRICULUM_ASSUMPTION
SE190584,2027_Spring,5,IS_COM*1,3,CURRICULUM_ASSUMPTION
SE190584,2027_Spring,5,ISM302,3,CURRICULUM_ASSUMPTION
SE190584,2027_Spring,5,ISP392,3,CURRICULUM_ASSUMPTION
SE190584,2027_Spring,5,ITA301,3,CURRICULUM_ASSUMPTION
SE190584,2027_Spring,5,ITE302c,3,CURRICULUM_ASSUMPTION
SE190585,2027_Spring,5,IS_COM*1,3,CURRICULUM_ASSUMPTION
SE190585,2027_Spring,5,ISM302,3,CURRICULUM_ASSUMPTION
SE190585,2027_Spring,5,ISP392,3,CURRICULUM_ASSUMPTION
SE190585,2027_Spring,5,ITA301,3,CURRICULUM_ASSUMPTION
SE190585,2027_Spring,5,ITE302c,3,CURRICULUM_ASSUMPTION
SE190586,2027_Spring,5,IS_COM*1,3,CURRICULUM_ASSUMPTION
SE190586,2027_Spring,5,ISM302,3,CURRICULUM_ASSUMPTION
SE190586,2027_Spring,5,ISP392,3,CURRICULUM_ASSUMPTION
SE190586,2027_Spring,5,ITA301,3,CURRICULUM_ASSUMPTION
SE190586,2027_Spring,5,ITE302c,3,CURRICULUM_ASSUMPTION
SE190587,2027_Spring,5,IS_COM*1,3,CURRICULUM_ASSUMPTION
SE190587,2027_Spring,5,ISM302,3,CURRICULUM_ASSUMPTION
SE190587,2027_Spring,5,ISP392,3,CURRICULUM_ASSUMPTION
SE190587,2027_Spring,5,ITA301,3,CURRICULUM_ASSUMPTION
SE190587,2027_Spring,5,ITE302c,3,CURRICULUM_ASSUMPTION
SE190588,2027_Spring,5,IS_COM*1,3,CURRICULUM_ASSUMPTION
SE190588,2027_Spring,5,ISM302,3,CURRICULUM_ASSUMPTION
SE190588,2027_Spring,5,ISP392,3,CURRICULUM_ASSUMPTION
SE190588,2027_Spring,5,ITA301,3,CURRICULUM_ASSUMPTION
SE190588,2027_Spring,5,ITE302c,3,CURRICULUM_ASSUMPTION
SE190589,2027_Spring,5,IS_COM*1,3,CURRICULUM_ASSUMPTION
SE190589,2027_Spring,5,ISM302,3,CURRICULUM_ASSUMPTION
SE190589,2027_Spring,5,ISP392,3,CURRICULUM_ASSUMPTION
SE190589,2027_Spring,5,ITA301,3,CURRICULUM_ASSUMPTION
SE190589,2027_Spring,5,ITE302c,3,CURRICULUM_ASSUMPTION
SE190590,2027_Spring,5,IS_COM*1,3,CURRICULUM_ASSUMPTION
SE190590,2027_Spring,5,ISM302,3,CURRICULUM_ASSUMPTION
SE190590,2027_Spring,5,ISP392,3,CURRICULUM_ASSUMPTION
SE190590,2027_Spring,5,ITA301,3,CURRICULUM_ASSUMPTION
SE190590,2027_Spring,5,ITE302c,3,CURRICULUM_ASSUMPTION
SE190591,2027_Spring,5,IS_COM*1,3,CURRICULUM_ASSUMPTION
SE190591,2027_Spring,5,ISM302,3,CURRICULUM_ASSUMPTION
SE190591,2027_Spring,5,ISP392,3,CURRICULUM_ASSUMPTION
SE190591,2027_Spring,5,ITA301,3,CURRICULUM_ASSUMPTION
SE190591,2027_Spring,5,ITE302c,3,CURRICULUM_ASSUMPTION
SE190592,2027_Spring,5,IS_COM*1,3,CURRICULUM_ASSUMPTION
SE190592,2027_Spring,5,ISM302,3,CURRICULUM_ASSUMPTION
SE190592,2027_Spring,5,ISP392,3,CURRICULUM_ASSUMPTION
SE190592,2027_Spring,5,ITA301,3,CURRICULUM_ASSUMPTION
SE190592,2027_Spring,5,ITE302c,3,CURRICULUM_ASSUMPTION
SE190593,2027_Spring,5,IS_COM*1,3,CURRICULUM_ASSUMPTION
SE190593,2027_Spring,5,ISM302,3,CURRICULUM_ASSUMPTION
SE190593,2027_Spring,5,ISP392,3,CURRICULUM_ASSUMPTION
SE190593,2027_Spring,5,ITA301,3,CURRICULUM_ASSUMPTION
SE190593,2027_Spring,5,ITE302c,3,CURRICULUM_ASSUMPTION
SE190594,2027_Spring,5,IS_COM*1,3,CURRICULUM_ASSUMPTION
SE190594,2027_Spring,5,ISM302,3,CURRICULUM_ASSUMPTION
SE190594,2027_Spring,5,ISP392,3,CURRICULUM_ASSUMPTION
SE190594,2027_Spring,5,ITA301,3,CURRICULUM_ASSUMPTION
SE190594,2027_Spring,5,ITE302c,3,CURRICULUM_ASSUMPTION
SE190595,2027_Spring,5,IS_COM*1,3,CURRICULUM_ASSUMPTION
SE190595,2027_Spring,5,ISM302,3,CURRICULUM_ASSUMPTION
SE190595,2027_Spring,5,ISP392,3,CURRICULUM_ASSUMPTION
SE190595,2027_Spring,5,ITA301,3,CURRICULUM_ASSUMPTION
SE190595,2027_Spring,5,ITE302c,3,CURRICULUM_ASSUMPTION
SE190596,2027_Spring,5,IS_COM*1,3,CURRICULUM_ASSUMPTION
SE190596,2027_Spring,5,ISM302,3,CURRICULUM_ASSUMPTION
SE190596,2027_Spring,5,ISP392,3,CURRICULUM_ASSUMPTION
SE190596,2027_Spring,5,ITA301,3,CURRICULUM_ASSUMPTION
SE190596,2027_Spring,5,ITE302c,3,CURRICULUM_ASSUMPTION
SE190597,2027_Spring,5,IS_COM*1,3,CURRICULUM_ASSUMPTION
SE190597,2027_Spring,5,ISM302,3,CURRICULUM_ASSUMPTION
SE190597,2027_Spring,5,ISP392,3,CURRICULUM_ASSUMPTION
SE190597,2027_Spring,5,ITA301,3,CURRICULUM_ASSUMPTION
SE190597,2027_Spring,5,ITE302c,3,CURRICULUM_ASSUMPTION
SE190598,2027_Spring,5,IS_COM*1,3,CURRICULUM_ASSUMPTION
SE190598,2027_Spring,5,ISM302,3,CURRICULUM_ASSUMPTION
SE190598,2027_Spring,5,ISP392,3,CURRICULUM_ASSUMPTION
SE190598,2027_Spring,5,ITA301,3,CURRICULUM_ASSUMPTION
SE190598,2027_Spring,5,ITE302c,3,CURRICULUM_ASSUMPTION
SE190599,2027_Spring,5,IS_COM*1,3,CURRICULUM_ASSUMPTION
SE190599,2027_Spring,5,ISM302,3,CURRICULUM_ASSUMPTION
SE190599,2027_Spring,5,ISP392,3,CURRICULUM_ASSUMPTION
SE190599,2027_Spring,5,ITA301,3,CURRICULUM_ASSUMPTION
SE190599,2027_Spring,5,ITE302c,3,CURRICULUM_ASSUMPTION
SE190600,2027_Spring,5,IS_COM*1,3,CURRICULUM_ASSUMPTION
SE190600,2027_Spring,5,ISM302,3,CURRICULUM_ASSUMPTION
SE190600,2027_Spring,5,ISP392,3,CURRICULUM_ASSUMPTION
SE190600,2027_Spring,5,ITA301,3,CURRICULUM_ASSUMPTION
SE190600,2027_Spring,5,ITE302c,3,CURRICULUM_ASSUMPTION
SE190601,2027_Spring,5,IS_COM*1,3,CURRICULUM_ASSUMPTION
SE190601,2027_Spring,5,ISM302,3,CURRICULUM_ASSUMPTION
SE190601,2027_Spring,5,ISP392,3,CURRICULUM_ASSUMPTION
SE190601,2027_Spring,5,ITA301,3,CURRICULUM_ASSUMPTION
SE190601,2027_Spring,5,ITE302c,3,CURRICULUM_ASSUMPTION
SE190602,2027_Spring,5,IS_COM*1,3,CURRICULUM_ASSUMPTION
SE190602,2027_Spring,5,ISM302,3,CURRICULUM_ASSUMPTION
SE190602,2027_Spring,5,ISP392,3,CURRICULUM_ASSUMPTION
SE190602,2027_Spring,5,ITA301,3,CURRICULUM_ASSUMPTION
SE190602,2027_Spring,5,ITE302c,3,CURRICULUM_ASSUMPTION
SE190603,2027_Spring,5,IS_COM*1,3,CURRICULUM_ASSUMPTION
SE190603,2027_Spring,5,ISM302,3,CURRICULUM_ASSUMPTION
SE190603,2027_Spring,5,ISP392,3,CURRICULUM_ASSUMPTION
SE190603,2027_Spring,5,ITA301,3,CURRICULUM_ASSUMPTION
SE190603,2027_Spring,5,ITE302c,3,CURRICULUM_ASSUMPTION
SE190604,2027_Spring,5,IS_COM*1,3,CURRICULUM_ASSUMPTION
SE190604,2027_Spring,5,ISM302,3,CURRICULUM_ASSUMPTION
SE190604,2027_Spring,5,ISP392,3,CURRICULUM_ASSUMPTION
SE190604,2027_Spring,5,ITA301,3,CURRICULUM_ASSUMPTION
SE190604,2027_Spring,5,ITE302c,3,CURRICULUM_ASSUMPTION
SE190605,2027_Spring,5,IS_COM*1,3,CURRICULUM_ASSUMPTION
SE190605,2027_Spring,5,ISM302,3,CURRICULUM_ASSUMPTION
SE190605,2027_Spring,5,ISP392,3,CURRICULUM_ASSUMPTION
SE190605,2027_Spring,5,ITA301,3,CURRICULUM_ASSUMPTION
SE190605,2027_Spring,5,ITE302c,3,CURRICULUM_ASSUMPTION
SE190606,2027_Spring,5,IS_COM*1,3,CURRICULUM_ASSUMPTION
SE190606,2027_Spring,5,ISM302,3,CURRICULUM_ASSUMPTION
SE190606,2027_Spring,5,ISP392,3,CURRICULUM_ASSUMPTION
SE190606,2027_Spring,5,ITA301,3,CURRICULUM_ASSUMPTION
SE190606,2027_Spring,5,ITE302c,3,CURRICULUM_ASSUMPTION
SE190607,2027_Spring,5,IS_COM*1,3,CURRICULUM_ASSUMPTION
SE190607,2027_Spring,5,ISM302,3,CURRICULUM_ASSUMPTION
SE190607,2027_Spring,5,ISP392,3,CURRICULUM_ASSUMPTION
SE190607,2027_Spring,5,ITA301,3,CURRICULUM_ASSUMPTION
SE190607,2027_Spring,5,ITE302c,3,CURRICULUM_ASSUMPTION
SE190608,2027_Spring,5,IS_COM*1,3,CURRICULUM_ASSUMPTION
SE190608,2027_Spring,5,ISM302,3,CURRICULUM_ASSUMPTION
SE190608,2027_Spring,5,ISP392,3,CURRICULUM_ASSUMPTION
SE190608,2027_Spring,5,ITA301,3,CURRICULUM_ASSUMPTION
SE190608,2027_Spring,5,ITE302c,3,CURRICULUM_ASSUMPTION
SE190609,2027_Spring,5,IS_COM*1,3,CURRICULUM_ASSUMPTION
SE190609,2027_Spring,5,ISM302,3,CURRICULUM_ASSUMPTION
SE190609,2027_Spring,5,ISP392,3,CURRICULUM_ASSUMPTION
SE190609,2027_Spring,5,ITA301,3,CURRICULUM_ASSUMPTION
SE190609,2027_Spring,5,ITE302c,3,CURRICULUM_ASSUMPTION
SE190610,2027_Spring,5,IS_COM*1,3,CURRICULUM_ASSUMPTION
SE190610,2027_Spring,5,ISM302,3,CURRICULUM_ASSUMPTION
SE190610,2027_Spring,5,ISP392,3,CURRICULUM_ASSUMPTION
SE190610,2027_Spring,5,ITA301,3,CURRICULUM_ASSUMPTION
SE190610,2027_Spring,5,ITE302c,3,CURRICULUM_ASSUMPTION
SE190611,2027_Spring,5,IS_COM*1,3,CURRICULUM_ASSUMPTION
SE190611,2027_Spring,5,ISM302,3,CURRICULUM_ASSUMPTION
SE190611,2027_Spring,5,ISP392,3,CURRICULUM_ASSUMPTION
SE190611,2027_Spring,5,ITA301,3,CURRICULUM_ASSUMPTION
SE190611,2027_Spring,5,ITE302c,3,CURRICULUM_ASSUMPTION
SE190612,2027_Spring,5,IS_COM*1,3,CURRICULUM_ASSUMPTION
SE190612,2027_Spring,5,ISM302,3,CURRICULUM_ASSUMPTION
SE190612,2027_Spring,5,ISP392,3,CURRICULUM_ASSUMPTION
SE190612,2027_Spring,5,ITA301,3,CURRICULUM_ASSUMPTION
SE190612,2027_Spring,5,ITE302c,3,CURRICULUM_ASSUMPTION
SE190613,2027_Spring,5,IS_COM*1,3,CURRICULUM_ASSUMPTION
SE190613,2027_Spring,5,ISM302,3,CURRICULUM_ASSUMPTION
SE190613,2027_Spring,5,ISP392,3,CURRICULUM_ASSUMPTION
SE190613,2027_Spring,5,ITA301,3,CURRICULUM_ASSUMPTION
SE190613,2027_Spring,5,ITE302c,3,CURRICULUM_ASSUMPTION
SE190614,2027_Spring,5,IS_COM*1,3,CURRICULUM_ASSUMPTION
SE190614,2027_Spring,5,ISM302,3,CURRICULUM_ASSUMPTION
SE190614,2027_Spring,5,ISP392,3,CURRICULUM_ASSUMPTION
SE190614,2027_Spring,5,ITA301,3,CURRICULUM_ASSUMPTION
SE190614,2027_Spring,5,ITE302c,3,CURRICULUM_ASSUMPTION
SE190615,2027_Spring,5,IS_COM*1,3,CURRICULUM_ASSUMPTION
SE190615,2027_Spring,5,ISM302,3,CURRICULUM_ASSUMPTION
SE190615,2027_Spring,5,ISP392,3,CURRICULUM_ASSUMPTION
SE190615,2027_Spring,5,ITA301,3,CURRICULUM_ASSUMPTION
SE190615,2027_Spring,5,ITE302c,3,CURRICULUM_ASSUMPTION
SE190616,2027_Spring,5,IS_COM*1,3,CURRICULUM_ASSUMPTION
SE190616,2027_Spring,5,ISM302,3,CURRICULUM_ASSUMPTION
SE190616,2027_Spring,5,ISP392,3,CURRICULUM_ASSUMPTION
SE190616,2027_Spring,5,ITA301,3,CURRICULUM_ASSUMPTION
SE190616,2027_Spring,5,ITE302c,3,CURRICULUM_ASSUMPTION
SE190617,2027_Spring,5,IS_COM*1,3,CURRICULUM_ASSUMPTION
SE190617,2027_Spring,5,ISM302,3,CURRICULUM_ASSUMPTION
SE190617,2027_Spring,5,ISP392,3,CURRICULUM_ASSUMPTION
SE190617,2027_Spring,5,ITA301,3,CURRICULUM_ASSUMPTION
SE190617,2027_Spring,5,ITE302c,3,CURRICULUM_ASSUMPTION
SE190618,2027_Spring,5,IS_COM*1,3,CURRICULUM_ASSUMPTION
SE190618,2027_Spring,5,ISM302,3,CURRICULUM_ASSUMPTION
SE190618,2027_Spring,5,ISP392,3,CURRICULUM_ASSUMPTION
SE190618,2027_Spring,5,ITA301,3,CURRICULUM_ASSUMPTION
SE190618,2027_Spring,5,ITE302c,3,CURRICULUM_ASSUMPTION
SE190619,2027_Spring,5,IS_COM*1,3,CURRICULUM_ASSUMPTION
SE190619,2027_Spring,5,ISM302,3,CURRICULUM_ASSUMPTION
SE190619,2027_Spring,5,ISP392,3,CURRICULUM_ASSUMPTION
SE190619,2027_Spring,5,ITA301,3,CURRICULUM_ASSUMPTION
SE190619,2027_Spring,5,ITE302c,3,CURRICULUM_ASSUMPTION
SE190620,2027_Spring,5,IS_COM*1,3,CURRICULUM_ASSUMPTION
SE190620,2027_Spring,5,ISM302,3,CURRICULUM_ASSUMPTION
SE190620,2027_Spring,5,ISP392,3,CURRICULUM_ASSUMPTION
SE190620,2027_Spring,5,ITA301,3,CURRICULUM_ASSUMPTION
SE190620,2027_Spring,5,ITE302c,3,CURRICULUM_ASSUMPTION
SE190621,2027_Spring,5,IS_COM*1,3,CURRICULUM_ASSUMPTION
SE190621,2027_Spring,5,ISM302,3,CURRICULUM_ASSUMPTION
SE190621,2027_Spring,5,ISP392,3,CURRICULUM_ASSUMPTION
SE190621,2027_Spring,5,ITA301,3,CURRICULUM_ASSUMPTION
SE190621,2027_Spring,5,ITE302c,3,CURRICULUM_ASSUMPTION
SE190622,2027_Spring,5,IS_COM*1,3,CURRICULUM_ASSUMPTION
SE190622,2027_Spring,5,ISM302,3,CURRICULUM_ASSUMPTION
SE190622,2027_Spring,5,ISP392,3,CURRICULUM_ASSUMPTION
SE190622,2027_Spring,5,ITA301,3,CURRICULUM_ASSUMPTION
SE190622,2027_Spring,5,ITE302c,3,CURRICULUM_ASSUMPTION
SE190623,2027_Spring,5,IS_COM*1,3,CURRICULUM_ASSUMPTION
SE190623,2027_Spring,5,ISM302,3,CURRICULUM_ASSUMPTION
SE190623,2027_Spring,5,ISP392,3,CURRICULUM_ASSUMPTION
SE190623,2027_Spring,5,ITA301,3,CURRICULUM_ASSUMPTION
SE190623,2027_Spring,5,ITE302c,3,CURRICULUM_ASSUMPTION
SE190624,2027_Spring,5,IS_COM*1,3,CURRICULUM_ASSUMPTION
SE190624,2027_Spring,5,ISM302,3,CURRICULUM_ASSUMPTION
SE190624,2027_Spring,5,ISP392,3,CURRICULUM_ASSUMPTION
SE190624,2027_Spring,5,ITA301,3,CURRICULUM_ASSUMPTION
SE190624,2027_Spring,5,ITE302c,3,CURRICULUM_ASSUMPTION
SE190625,2027_Spring,5,IS_COM*1,3,CURRICULUM_ASSUMPTION
SE190625,2027_Spring,5,ISM302,3,CURRICULUM_ASSUMPTION
SE190625,2027_Spring,5,ISP392,3,CURRICULUM_ASSUMPTION
SE190625,2027_Spring,5,ITA301,3,CURRICULUM_ASSUMPTION
SE190625,2027_Spring,5,ITE302c,3,CURRICULUM_ASSUMPTION
SE190626,2027_Spring,5,IS_COM*1,3,CURRICULUM_ASSUMPTION
SE190626,2027_Spring,5,ISM302,3,CURRICULUM_ASSUMPTION
SE190626,2027_Spring,5,ISP392,3,CURRICULUM_ASSUMPTION
SE190626,2027_Spring,5,ITA301,3,CURRICULUM_ASSUMPTION
SE190626,2027_Spring,5,ITE302c,3,CURRICULUM_ASSUMPTION
SE190627,2027_Spring,5,IS_COM*1,3,CURRICULUM_ASSUMPTION
SE190627,2027_Spring,5,ISM302,3,CURRICULUM_ASSUMPTION
SE190627,2027_Spring,5,ISP392,3,CURRICULUM_ASSUMPTION
SE190627,2027_Spring,5,ITA301,3,CURRICULUM_ASSUMPTION
SE190627,2027_Spring,5,ITE302c,3,CURRICULUM_ASSUMPTION
SE190628,2027_Spring,5,IS_COM*1,3,CURRICULUM_ASSUMPTION
SE190628,2027_Spring,5,ISM302,3,CURRICULUM_ASSUMPTION
SE190628,2027_Spring,5,ISP392,3,CURRICULUM_ASSUMPTION
SE190628,2027_Spring,5,ITA301,3,CURRICULUM_ASSUMPTION
SE190628,2027_Spring,5,ITE302c,3,CURRICULUM_ASSUMPTION
SE190629,2027_Spring,5,IS_COM*1,3,CURRICULUM_ASSUMPTION
SE190629,2027_Spring,5,ISM302,3,CURRICULUM_ASSUMPTION
SE190629,2027_Spring,5,ISP392,3,CURRICULUM_ASSUMPTION
SE190629,2027_Spring,5,ITA301,3,CURRICULUM_ASSUMPTION
SE190629,2027_Spring,5,ITE302c,3,CURRICULUM_ASSUMPTION
SE190630,2027_Spring,5,IS_COM*1,3,CURRICULUM_ASSUMPTION
SE190630,2027_Spring,5,ISM302,3,CURRICULUM_ASSUMPTION
SE190630,2027_Spring,5,ISP392,3,CURRICULUM_ASSUMPTION
SE190630,2027_Spring,5,ITA301,3,CURRICULUM_ASSUMPTION
SE190630,2027_Spring,5,ITE302c,3,CURRICULUM_ASSUMPTION
SE190631,2027_Spring,5,IS_COM*1,3,CURRICULUM_ASSUMPTION
SE190631,2027_Spring,5,ISM302,3,CURRICULUM_ASSUMPTION
SE190631,2027_Spring,5,ISP392,3,CURRICULUM_ASSUMPTION
SE190631,2027_Spring,5,ITA301,3,CURRICULUM_ASSUMPTION
SE190631,2027_Spring,5,ITE302c,3,CURRICULUM_ASSUMPTION
SE190632,2027_Spring,5,IS_COM*1,3,CURRICULUM_ASSUMPTION
SE190632,2027_Spring,5,ISM302,3,CURRICULUM_ASSUMPTION
SE190632,2027_Spring,5,ISP392,3,CURRICULUM_ASSUMPTION
SE190632,2027_Spring,5,ITA301,3,CURRICULUM_ASSUMPTION
SE190632,2027_Spring,5,ITE302c,3,CURRICULUM_ASSUMPTION
SE190633,2027_Spring,5,IS_COM*1,3,CURRICULUM_ASSUMPTION
SE190633,2027_Spring,5,ISM302,3,CURRICULUM_ASSUMPTION
SE190633,2027_Spring,5,ISP392,3,CURRICULUM_ASSUMPTION
SE190633,2027_Spring,5,ITA301,3,CURRICULUM_ASSUMPTION
SE190633,2027_Spring,5,ITE302c,3,CURRICULUM_ASSUMPTION
SE190634,2027_Spring,5,IS_COM*1,3,CURRICULUM_ASSUMPTION
SE190634,2027_Spring,5,ISM302,3,CURRICULUM_ASSUMPTION
SE190634,2027_Spring,5,ISP392,3,CURRICULUM_ASSUMPTION
SE190634,2027_Spring,5,ITA301,3,CURRICULUM_ASSUMPTION
SE190634,2027_Spring,5,ITE302c,3,CURRICULUM_ASSUMPTION
SE190635,2027_Spring,5,IS_COM*1,3,CURRICULUM_ASSUMPTION
SE190635,2027_Spring,5,ISM302,3,CURRICULUM_ASSUMPTION
SE190635,2027_Spring,5,ISP392,3,CURRICULUM_ASSUMPTION
SE190635,2027_Spring,5,ITA301,3,CURRICULUM_ASSUMPTION
SE190635,2027_Spring,5,ITE302c,3,CURRICULUM_ASSUMPTION
SE190636,2027_Spring,5,IS_COM*1,3,CURRICULUM_ASSUMPTION
SE190636,2027_Spring,5,ISM302,3,CURRICULUM_ASSUMPTION
SE190636,2027_Spring,5,ISP392,3,CURRICULUM_ASSUMPTION
SE190636,2027_Spring,5,ITA301,3,CURRICULUM_ASSUMPTION
SE190636,2027_Spring,5,ITE302c,3,CURRICULUM_ASSUMPTION
SE190637,2027_Spring,5,IS_COM*1,3,CURRICULUM_ASSUMPTION
SE190637,2027_Spring,5,ISM302,3,CURRICULUM_ASSUMPTION
SE190637,2027_Spring,5,ISP392,3,CURRICULUM_ASSUMPTION
SE190637,2027_Spring,5,ITA301,3,CURRICULUM_ASSUMPTION
SE190637,2027_Spring,5,ITE302c,3,CURRICULUM_ASSUMPTION
SE190638,2027_Spring,5,IS_COM*1,3,CURRICULUM_ASSUMPTION
SE190638,2027_Spring,5,ISM302,3,CURRICULUM_ASSUMPTION
SE190638,2027_Spring,5,ISP392,3,CURRICULUM_ASSUMPTION
SE190638,2027_Spring,5,ITA301,3,CURRICULUM_ASSUMPTION
SE190638,2027_Spring,5,ITE302c,3,CURRICULUM_ASSUMPTION
SE190639,2027_Spring,5,IS_COM*1,3,CURRICULUM_ASSUMPTION
SE190639,2027_Spring,5,ISM302,3,CURRICULUM_ASSUMPTION
SE190639,2027_Spring,5,ISP392,3,CURRICULUM_ASSUMPTION
SE190639,2027_Spring,5,ITA301,3,CURRICULUM_ASSUMPTION
SE190639,2027_Spring,5,ITE302c,3,CURRICULUM_ASSUMPTION
SE190640,2027_Spring,5,IS_COM*1,3,CURRICULUM_ASSUMPTION
SE190640,2027_Spring,5,ISM302,3,CURRICULUM_ASSUMPTION
SE190640,2027_Spring,5,ISP392,3,CURRICULUM_ASSUMPTION
SE190640,2027_Spring,5,ITA301,3,CURRICULUM_ASSUMPTION
SE190640,2027_Spring,5,ITE302c,3,CURRICULUM_ASSUMPTION
SE190641,2027_Spring,5,IS_COM*1,3,CURRICULUM_ASSUMPTION
SE190641,2027_Spring,5,ISM302,3,CURRICULUM_ASSUMPTION
SE190641,2027_Spring,5,ISP392,3,CURRICULUM_ASSUMPTION
SE190641,2027_Spring,5,ITA301,3,CURRICULUM_ASSUMPTION
SE190641,2027_Spring,5,ITE302c,3,CURRICULUM_ASSUMPTION
SE190642,2027_Spring,5,IS_COM*1,3,CURRICULUM_ASSUMPTION
SE190642,2027_Spring,5,ISM302,3,CURRICULUM_ASSUMPTION
SE190642,2027_Spring,5,ISP392,3,CURRICULUM_ASSUMPTION
SE190642,2027_Spring,5,ITA301,3,CURRICULUM_ASSUMPTION
SE190642,2027_Spring,5,ITE302c,3,CURRICULUM_ASSUMPTION
SE190643,2027_Spring,5,IS_COM*1,3,CURRICULUM_ASSUMPTION
SE190643,2027_Spring,5,ISM302,3,CURRICULUM_ASSUMPTION
SE190643,2027_Spring,5,ISP392,3,CURRICULUM_ASSUMPTION
SE190643,2027_Spring,5,ITA301,3,CURRICULUM_ASSUMPTION
SE190643,2027_Spring,5,ITE302c,3,CURRICULUM_ASSUMPTION
SE190644,2027_Spring,5,IS_COM*1,3,CURRICULUM_ASSUMPTION
SE190644,2027_Spring,5,ISM302,3,CURRICULUM_ASSUMPTION
SE190644,2027_Spring,5,ISP392,3,CURRICULUM_ASSUMPTION
SE190644,2027_Spring,5,ITA301,3,CURRICULUM_ASSUMPTION
SE190644,2027_Spring,5,ITE302c,3,CURRICULUM_ASSUMPTION
SE190645,2027_Spring,5,IS_COM*1,3,CURRICULUM_ASSUMPTION
SE190645,2027_Spring,5,ISM302,3,CURRICULUM_ASSUMPTION
SE190645,2027_Spring,5,ISP392,3,CURRICULUM_ASSUMPTION
SE190645,2027_Spring,5,ITA301,3,CURRICULUM_ASSUMPTION
SE190645,2027_Spring,5,ITE302c,3,CURRICULUM_ASSUMPTION
SE190646,2027_Spring,5,IS_COM*1,3,CURRICULUM_ASSUMPTION
SE190646,2027_Spring,5,ISM302,3,CURRICULUM_ASSUMPTION
SE190646,2027_Spring,5,ISP392,3,CURRICULUM_ASSUMPTION
SE190646,2027_Spring,5,ITA301,3,CURRICULUM_ASSUMPTION
SE190646,2027_Spring,5,ITE302c,3,CURRICULUM_ASSUMPTION
SE190647,2027_Spring,5,IS_COM*1,3,CURRICULUM_ASSUMPTION
SE190647,2027_Spring,5,ISM302,3,CURRICULUM_ASSUMPTION
SE190647,2027_Spring,5,ISP392,3,CURRICULUM_ASSUMPTION
SE190647,2027_Spring,5,ITA301,3,CURRICULUM_ASSUMPTION
SE190647,2027_Spring,5,ITE302c,3,CURRICULUM_ASSUMPTION
SE190648,2027_Spring,5,IS_COM*1,3,CURRICULUM_ASSUMPTION
SE190648,2027_Spring,5,ISM302,3,CURRICULUM_ASSUMPTION
SE190648,2027_Spring,5,ISP392,3,CURRICULUM_ASSUMPTION
SE190648,2027_Spring,5,ITA301,3,CURRICULUM_ASSUMPTION
SE190648,2027_Spring,5,ITE302c,3,CURRICULUM_ASSUMPTION
SE190649,2027_Spring,5,IS_COM*1,3,CURRICULUM_ASSUMPTION
SE190649,2027_Spring,5,ISM302,3,CURRICULUM_ASSUMPTION
SE190649,2027_Spring,5,ISP392,3,CURRICULUM_ASSUMPTION
SE190649,2027_Spring,5,ITA301,3,CURRICULUM_ASSUMPTION
SE190649,2027_Spring,5,ITE302c,3,CURRICULUM_ASSUMPTION
SE190650,2027_Spring,5,IS_COM*1,3,CURRICULUM_ASSUMPTION
SE190650,2027_Spring,5,ISM302,3,CURRICULUM_ASSUMPTION
SE190650,2027_Spring,5,ISP392,3,CURRICULUM_ASSUMPTION
SE190650,2027_Spring,5,ITA301,3,CURRICULUM_ASSUMPTION
SE190650,2027_Spring,5,ITE302c,3,CURRICULUM_ASSUMPTION
SE190651,2027_Spring,5,IS_COM*1,3,CURRICULUM_ASSUMPTION
SE190651,2027_Spring,5,ISM302,3,CURRICULUM_ASSUMPTION
SE190651,2027_Spring,5,ISP392,3,CURRICULUM_ASSUMPTION
SE190651,2027_Spring,5,ITA301,3,CURRICULUM_ASSUMPTION
SE190651,2027_Spring,5,ITE302c,3,CURRICULUM_ASSUMPTION
SE190652,2027_Spring,5,IS_COM*1,3,CURRICULUM_ASSUMPTION
SE190652,2027_Spring,5,ISM302,3,CURRICULUM_ASSUMPTION
SE190652,2027_Spring,5,ISP392,3,CURRICULUM_ASSUMPTION
SE190652,2027_Spring,5,ITA301,3,CURRICULUM_ASSUMPTION
SE190652,2027_Spring,5,ITE302c,3,CURRICULUM_ASSUMPTION
SE190653,2027_Spring,5,IS_COM*1,3,CURRICULUM_ASSUMPTION
SE190653,2027_Spring,5,ISM302,3,CURRICULUM_ASSUMPTION
SE190653,2027_Spring,5,ISP392,3,CURRICULUM_ASSUMPTION
SE190653,2027_Spring,5,ITA301,3,CURRICULUM_ASSUMPTION
SE190653,2027_Spring,5,ITE302c,3,CURRICULUM_ASSUMPTION
SE190654,2027_Spring,5,IS_COM*1,3,CURRICULUM_ASSUMPTION
SE190654,2027_Spring,5,ISM302,3,CURRICULUM_ASSUMPTION
SE190654,2027_Spring,5,ISP392,3,CURRICULUM_ASSUMPTION
SE190654,2027_Spring,5,ITA301,3,CURRICULUM_ASSUMPTION
SE190654,2027_Spring,5,ITE302c,3,CURRICULUM_ASSUMPTION
SE190655,2027_Spring,5,IS_COM*1,3,CURRICULUM_ASSUMPTION
SE190655,2027_Spring,5,ISM302,3,CURRICULUM_ASSUMPTION
SE190655,2027_Spring,5,ISP392,3,CURRICULUM_ASSUMPTION
SE190655,2027_Spring,5,ITA301,3,CURRICULUM_ASSUMPTION
SE190655,2027_Spring,5,ITE302c,3,CURRICULUM_ASSUMPTION
SE190656,2027_Spring,5,IS_COM*1,3,CURRICULUM_ASSUMPTION
SE190656,2027_Spring,5,ISM302,3,CURRICULUM_ASSUMPTION
SE190656,2027_Spring,5,ISP392,3,CURRICULUM_ASSUMPTION
SE190656,2027_Spring,5,ITA301,3,CURRICULUM_ASSUMPTION
SE190656,2027_Spring,5,ITE302c,3,CURRICULUM_ASSUMPTION
SE190657,2027_Spring,5,IS_COM*1,3,CURRICULUM_ASSUMPTION
SE190657,2027_Spring,5,ISM302,3,CURRICULUM_ASSUMPTION
SE190657,2027_Spring,5,ISP392,3,CURRICULUM_ASSUMPTION
SE190657,2027_Spring,5,ITA301,3,CURRICULUM_ASSUMPTION
SE190657,2027_Spring,5,ITE302c,3,CURRICULUM_ASSUMPTION
SE190658,2027_Spring,5,IS_COM*1,3,CURRICULUM_ASSUMPTION
SE190658,2027_Spring,5,ISM302,3,CURRICULUM_ASSUMPTION
SE190658,2027_Spring,5,ISP392,3,CURRICULUM_ASSUMPTION
SE190658,2027_Spring,5,ITA301,3,CURRICULUM_ASSUMPTION
SE190658,2027_Spring,5,ITE302c,3,CURRICULUM_ASSUMPTION
SE190659,2027_Spring,5,IS_COM*1,3,CURRICULUM_ASSUMPTION
SE190659,2027_Spring,5,ISM302,3,CURRICULUM_ASSUMPTION
SE190659,2027_Spring,5,ISP392,3,CURRICULUM_ASSUMPTION
SE190659,2027_Spring,5,ITA301,3,CURRICULUM_ASSUMPTION
SE190659,2027_Spring,5,ITE302c,3,CURRICULUM_ASSUMPTION
SE190660,2027_Spring,5,IS_COM*1,3,CURRICULUM_ASSUMPTION
SE190660,2027_Spring,5,ISM302,3,CURRICULUM_ASSUMPTION
SE190660,2027_Spring,5,ISP392,3,CURRICULUM_ASSUMPTION
SE190660,2027_Spring,5,ITA301,3,CURRICULUM_ASSUMPTION
SE190660,2027_Spring,5,ITE302c,3,CURRICULUM_ASSUMPTION
SE190661,2027_Spring,5,IS_COM*1,3,CURRICULUM_ASSUMPTION
SE190661,2027_Spring,5,ISM302,3,CURRICULUM_ASSUMPTION
SE190661,2027_Spring,5,ISP392,3,CURRICULUM_ASSUMPTION
SE190661,2027_Spring,5,ITA301,3,CURRICULUM_ASSUMPTION
SE190661,2027_Spring,5,ITE302c,3,CURRICULUM_ASSUMPTION
SE190662,2027_Spring,5,IS_COM*1,3,CURRICULUM_ASSUMPTION
SE190662,2027_Spring,5,ISM302,3,CURRICULUM_ASSUMPTION
SE190662,2027_Spring,5,ISP392,3,CURRICULUM_ASSUMPTION
SE190662,2027_Spring,5,ITA301,3,CURRICULUM_ASSUMPTION
SE190662,2027_Spring,5,ITE302c,3,CURRICULUM_ASSUMPTION
SE190663,2027_Spring,5,IS_COM*1,3,CURRICULUM_ASSUMPTION
SE190663,2027_Spring,5,ISM302,3,CURRICULUM_ASSUMPTION
SE190663,2027_Spring,5,ISP392,3,CURRICULUM_ASSUMPTION
SE190663,2027_Spring,5,ITA301,3,CURRICULUM_ASSUMPTION
SE190663,2027_Spring,5,ITE302c,3,CURRICULUM_ASSUMPTION
SE190664,2027_Spring,5,IS_COM*1,3,CURRICULUM_ASSUMPTION
SE190664,2027_Spring,5,ISM302,3,CURRICULUM_ASSUMPTION
SE190664,2027_Spring,5,ISP392,3,CURRICULUM_ASSUMPTION
SE190664,2027_Spring,5,ITA301,3,CURRICULUM_ASSUMPTION
SE190664,2027_Spring,5,ITE302c,3,CURRICULUM_ASSUMPTION
SE190665,2027_Spring,5,IS_COM*1,3,CURRICULUM_ASSUMPTION
SE190665,2027_Spring,5,ISM302,3,CURRICULUM_ASSUMPTION
SE190665,2027_Spring,5,ISP392,3,CURRICULUM_ASSUMPTION
SE190665,2027_Spring,5,ITA301,3,CURRICULUM_ASSUMPTION
SE190665,2027_Spring,5,ITE302c,3,CURRICULUM_ASSUMPTION
SE190666,2027_Spring,5,IS_COM*1,3,CURRICULUM_ASSUMPTION
SE190666,2027_Spring,5,ISM302,3,CURRICULUM_ASSUMPTION
SE190666,2027_Spring,5,ISP392,3,CURRICULUM_ASSUMPTION
SE190666,2027_Spring,5,ITA301,3,CURRICULUM_ASSUMPTION
SE190666,2027_Spring,5,ITE302c,3,CURRICULUM_ASSUMPTION
SE200667,2027_Spring,5,IS_COM*1,3,CURRICULUM_ASSUMPTION
SE200667,2027_Spring,5,ISM302,3,CURRICULUM_ASSUMPTION
SE200667,2027_Spring,5,ISP392,3,CURRICULUM_ASSUMPTION
SE200667,2027_Spring,5,ITA301,3,CURRICULUM_ASSUMPTION
SE200667,2027_Spring,5,ITE302c,3,CURRICULUM_ASSUMPTION
SE200668,2027_Spring,5,IS_COM*1,3,CURRICULUM_ASSUMPTION
SE200668,2027_Spring,5,ISM302,3,CURRICULUM_ASSUMPTION
SE200668,2027_Spring,5,ISP392,3,CURRICULUM_ASSUMPTION
SE200668,2027_Spring,5,ITA301,3,CURRICULUM_ASSUMPTION
SE200668,2027_Spring,5,ITE302c,3,CURRICULUM_ASSUMPTION
SE200669,2027_Spring,5,IS_COM*1,3,CURRICULUM_ASSUMPTION
SE200669,2027_Spring,5,ISM302,3,CURRICULUM_ASSUMPTION
SE200669,2027_Spring,5,ISP392,3,CURRICULUM_ASSUMPTION
SE200669,2027_Spring,5,ITA301,3,CURRICULUM_ASSUMPTION
SE200669,2027_Spring,5,ITE302c,3,CURRICULUM_ASSUMPTION
SE200670,2027_Spring,5,IS_COM*1,3,CURRICULUM_ASSUMPTION
SE200670,2027_Spring,5,ISM302,3,CURRICULUM_ASSUMPTION
SE200670,2027_Spring,5,ISP392,3,CURRICULUM_ASSUMPTION
SE200670,2027_Spring,5,ITA301,3,CURRICULUM_ASSUMPTION
SE200670,2027_Spring,5,ITE302c,3,CURRICULUM_ASSUMPTION
SE200671,2027_Spring,5,IS_COM*1,3,CURRICULUM_ASSUMPTION
SE200671,2027_Spring,5,ISM302,3,CURRICULUM_ASSUMPTION
SE200671,2027_Spring,5,ISP392,3,CURRICULUM_ASSUMPTION
SE200671,2027_Spring,5,ITA301,3,CURRICULUM_ASSUMPTION
SE200671,2027_Spring,5,ITE302c,3,CURRICULUM_ASSUMPTION
SE200672,2027_Spring,5,IS_COM*1,3,CURRICULUM_ASSUMPTION
SE200672,2027_Spring,5,ISM302,3,CURRICULUM_ASSUMPTION
SE200672,2027_Spring,5,ISP392,3,CURRICULUM_ASSUMPTION
SE200672,2027_Spring,5,ITA301,3,CURRICULUM_ASSUMPTION
SE200672,2027_Spring,5,ITE302c,3,CURRICULUM_ASSUMPTION
SE200673,2027_Spring,5,IS_COM*1,3,CURRICULUM_ASSUMPTION
SE200673,2027_Spring,5,ISM302,3,CURRICULUM_ASSUMPTION
SE200673,2027_Spring,5,ISP392,3,CURRICULUM_ASSUMPTION
SE200673,2027_Spring,5,ITA301,3,CURRICULUM_ASSUMPTION
SE200673,2027_Spring,5,ITE302c,3,CURRICULUM_ASSUMPTION
SE200674,2027_Spring,5,IS_COM*1,3,CURRICULUM_ASSUMPTION
SE200674,2027_Spring,5,ISM302,3,CURRICULUM_ASSUMPTION
SE200674,2027_Spring,5,ISP392,3,CURRICULUM_ASSUMPTION
SE200674,2027_Spring,5,ITA301,3,CURRICULUM_ASSUMPTION
SE200674,2027_Spring,5,ITE302c,3,CURRICULUM_ASSUMPTION
SE200675,2027_Spring,5,IS_COM*1,3,CURRICULUM_ASSUMPTION
SE200675,2027_Spring,5,ISM302,3,CURRICULUM_ASSUMPTION
SE200675,2027_Spring,5,ISP392,3,CURRICULUM_ASSUMPTION
SE200675,2027_Spring,5,ITA301,3,CURRICULUM_ASSUMPTION
SE200675,2027_Spring,5,ITE302c,3,CURRICULUM_ASSUMPTION
SE200676,2027_Spring,5,IS_COM*1,3,CURRICULUM_ASSUMPTION
SE200676,2027_Spring,5,ISM302,3,CURRICULUM_ASSUMPTION
SE200676,2027_Spring,5,ISP392,3,CURRICULUM_ASSUMPTION
SE200676,2027_Spring,5,ITA301,3,CURRICULUM_ASSUMPTION
SE200676,2027_Spring,5,ITE302c,3,CURRICULUM_ASSUMPTION
SE200677,2027_Spring,5,IS_COM*1,3,CURRICULUM_ASSUMPTION
SE200677,2027_Spring,5,ISM302,3,CURRICULUM_ASSUMPTION
SE200677,2027_Spring,5,ISP392,3,CURRICULUM_ASSUMPTION
SE200677,2027_Spring,5,ITA301,3,CURRICULUM_ASSUMPTION
SE200677,2027_Spring,5,ITE302c,3,CURRICULUM_ASSUMPTION
SE200678,2027_Spring,5,IS_COM*1,3,CURRICULUM_ASSUMPTION
SE200678,2027_Spring,5,ISM302,3,CURRICULUM_ASSUMPTION
SE200678,2027_Spring,5,ISP392,3,CURRICULUM_ASSUMPTION
SE200678,2027_Spring,5,ITA301,3,CURRICULUM_ASSUMPTION
SE200678,2027_Spring,5,ITE302c,3,CURRICULUM_ASSUMPTION
SE200679,2027_Spring,5,IS_COM*1,3,CURRICULUM_ASSUMPTION
SE200679,2027_Spring,5,ISM302,3,CURRICULUM_ASSUMPTION
SE200679,2027_Spring,5,ISP392,3,CURRICULUM_ASSUMPTION
SE200679,2027_Spring,5,ITA301,3,CURRICULUM_ASSUMPTION
SE200679,2027_Spring,5,ITE302c,3,CURRICULUM_ASSUMPTION
SE200680,2027_Spring,5,IS_COM*1,3,CURRICULUM_ASSUMPTION
SE200680,2027_Spring,5,ISM302,3,CURRICULUM_ASSUMPTION
SE200680,2027_Spring,5,ISP392,3,CURRICULUM_ASSUMPTION
SE200680,2027_Spring,5,ITA301,3,CURRICULUM_ASSUMPTION
SE200680,2027_Spring,5,ITE302c,3,CURRICULUM_ASSUMPTION
SE200681,2027_Spring,5,IS_COM*1,3,CURRICULUM_ASSUMPTION
SE200681,2027_Spring,5,ISM302,3,CURRICULUM_ASSUMPTION
SE200681,2027_Spring,5,ISP392,3,CURRICULUM_ASSUMPTION
SE200681,2027_Spring,5,ITA301,3,CURRICULUM_ASSUMPTION
SE200681,2027_Spring,5,ITE302c,3,CURRICULUM_ASSUMPTION
SE200682,2027_Spring,5,IS_COM*1,3,CURRICULUM_ASSUMPTION
SE200682,2027_Spring,5,ISM302,3,CURRICULUM_ASSUMPTION
SE200682,2027_Spring,5,ISP392,3,CURRICULUM_ASSUMPTION
SE200682,2027_Spring,5,ITA301,3,CURRICULUM_ASSUMPTION
SE200682,2027_Spring,5,ITE302c,3,CURRICULUM_ASSUMPTION
SE200683,2027_Spring,5,IS_COM*1,3,CURRICULUM_ASSUMPTION
SE200683,2027_Spring,5,ISM302,3,CURRICULUM_ASSUMPTION
SE200683,2027_Spring,5,ISP392,3,CURRICULUM_ASSUMPTION
SE200683,2027_Spring,5,ITA301,3,CURRICULUM_ASSUMPTION
SE200683,2027_Spring,5,ITE302c,3,CURRICULUM_ASSUMPTION
SE200684,2027_Spring,5,IS_COM*1,3,CURRICULUM_ASSUMPTION
SE200684,2027_Spring,5,ISM302,3,CURRICULUM_ASSUMPTION
SE200684,2027_Spring,5,ISP392,3,CURRICULUM_ASSUMPTION
SE200684,2027_Spring,5,ITA301,3,CURRICULUM_ASSUMPTION
SE200684,2027_Spring,5,ITE302c,3,CURRICULUM_ASSUMPTION
SE200685,2027_Spring,5,IS_COM*1,3,CURRICULUM_ASSUMPTION
SE200685,2027_Spring,5,ISM302,3,CURRICULUM_ASSUMPTION
SE200685,2027_Spring,5,ISP392,3,CURRICULUM_ASSUMPTION
SE200685,2027_Spring,5,ITA301,3,CURRICULUM_ASSUMPTION
SE200685,2027_Spring,5,ITE302c,3,CURRICULUM_ASSUMPTION
SE200686,2027_Spring,5,IS_COM*1,3,CURRICULUM_ASSUMPTION
SE200686,2027_Spring,5,ISM302,3,CURRICULUM_ASSUMPTION
SE200686,2027_Spring,5,ISP392,3,CURRICULUM_ASSUMPTION
SE200686,2027_Spring,5,ITA301,3,CURRICULUM_ASSUMPTION
SE200686,2027_Spring,5,ITE302c,3,CURRICULUM_ASSUMPTION
SE200687,2027_Spring,5,IS_COM*1,3,CURRICULUM_ASSUMPTION
SE200687,2027_Spring,5,ISM302,3,CURRICULUM_ASSUMPTION
SE200687,2027_Spring,5,ISP392,3,CURRICULUM_ASSUMPTION
SE200687,2027_Spring,5,ITA301,3,CURRICULUM_ASSUMPTION
SE200687,2027_Spring,5,ITE302c,3,CURRICULUM_ASSUMPTION
SE200688,2027_Spring,5,IS_COM*1,3,CURRICULUM_ASSUMPTION
SE200688,2027_Spring,5,ISM302,3,CURRICULUM_ASSUMPTION
SE200688,2027_Spring,5,ISP392,3,CURRICULUM_ASSUMPTION
SE200688,2027_Spring,5,ITA301,3,CURRICULUM_ASSUMPTION
SE200688,2027_Spring,5,ITE302c,3,CURRICULUM_ASSUMPTION
SE200689,2027_Spring,5,IS_COM*1,3,CURRICULUM_ASSUMPTION
SE200689,2027_Spring,5,ISM302,3,CURRICULUM_ASSUMPTION
SE200689,2027_Spring,5,ISP392,3,CURRICULUM_ASSUMPTION
SE200689,2027_Spring,5,ITA301,3,CURRICULUM_ASSUMPTION
SE200689,2027_Spring,5,ITE302c,3,CURRICULUM_ASSUMPTION
SE200690,2027_Spring,5,IS_COM*1,3,CURRICULUM_ASSUMPTION
SE200690,2027_Spring,5,ISM302,3,CURRICULUM_ASSUMPTION
SE200690,2027_Spring,5,ISP392,3,CURRICULUM_ASSUMPTION
SE200690,2027_Spring,5,ITA301,3,CURRICULUM_ASSUMPTION
SE200690,2027_Spring,5,ITE302c,3,CURRICULUM_ASSUMPTION
SE200691,2027_Spring,5,IS_COM*1,3,CURRICULUM_ASSUMPTION
SE200691,2027_Spring,5,ISM302,3,CURRICULUM_ASSUMPTION
SE200691,2027_Spring,5,ISP392,3,CURRICULUM_ASSUMPTION
SE200691,2027_Spring,5,ITA301,3,CURRICULUM_ASSUMPTION
SE200691,2027_Spring,5,ITE302c,3,CURRICULUM_ASSUMPTION
SE200692,2027_Spring,5,IS_COM*1,3,CURRICULUM_ASSUMPTION
SE200692,2027_Spring,5,ISM302,3,CURRICULUM_ASSUMPTION
SE200692,2027_Spring,5,ISP392,3,CURRICULUM_ASSUMPTION
SE200692,2027_Spring,5,ITA301,3,CURRICULUM_ASSUMPTION
SE200692,2027_Spring,5,ITE302c,3,CURRICULUM_ASSUMPTION
SE200693,2027_Spring,5,IS_COM*1,3,CURRICULUM_ASSUMPTION
SE200693,2027_Spring,5,ISM302,3,CURRICULUM_ASSUMPTION
SE200693,2027_Spring,5,ISP392,3,CURRICULUM_ASSUMPTION
SE200693,2027_Spring,5,ITA301,3,CURRICULUM_ASSUMPTION
SE200693,2027_Spring,5,ITE302c,3,CURRICULUM_ASSUMPTION
SE200694,2027_Spring,5,IS_COM*1,3,CURRICULUM_ASSUMPTION
SE200694,2027_Spring,5,ISM302,3,CURRICULUM_ASSUMPTION
SE200694,2027_Spring,5,ISP392,3,CURRICULUM_ASSUMPTION
SE200694,2027_Spring,5,ITA301,3,CURRICULUM_ASSUMPTION
SE200694,2027_Spring,5,ITE302c,3,CURRICULUM_ASSUMPTION
SE200695,2027_Spring,5,IS_COM*1,3,CURRICULUM_ASSUMPTION
SE200695,2027_Spring,5,ISM302,3,CURRICULUM_ASSUMPTION
SE200695,2027_Spring,5,ISP392,3,CURRICULUM_ASSUMPTION
SE200695,2027_Spring,5,ITA301,3,CURRICULUM_ASSUMPTION
SE200695,2027_Spring,5,ITE302c,3,CURRICULUM_ASSUMPTION
SE200696,2027_Spring,5,IS_COM*1,3,CURRICULUM_ASSUMPTION
SE200696,2027_Spring,5,ISM302,3,CURRICULUM_ASSUMPTION
SE200696,2027_Spring,5,ISP392,3,CURRICULUM_ASSUMPTION
SE200696,2027_Spring,5,ITA301,3,CURRICULUM_ASSUMPTION
SE200696,2027_Spring,5,ITE302c,3,CURRICULUM_ASSUMPTION
SE200697,2027_Spring,5,IS_COM*1,3,CURRICULUM_ASSUMPTION
SE200697,2027_Spring,5,ISM302,3,CURRICULUM_ASSUMPTION
SE200697,2027_Spring,5,ISP392,3,CURRICULUM_ASSUMPTION
SE200697,2027_Spring,5,ITA301,3,CURRICULUM_ASSUMPTION
SE200697,2027_Spring,5,ITE302c,3,CURRICULUM_ASSUMPTION
SE200698,2027_Spring,5,IS_COM*1,3,CURRICULUM_ASSUMPTION
SE200698,2027_Spring,5,ISM302,3,CURRICULUM_ASSUMPTION
SE200698,2027_Spring,5,ISP392,3,CURRICULUM_ASSUMPTION
SE200698,2027_Spring,5,ITA301,3,CURRICULUM_ASSUMPTION
SE200698,2027_Spring,5,ITE302c,3,CURRICULUM_ASSUMPTION
SE200699,2027_Spring,5,IS_COM*1,3,CURRICULUM_ASSUMPTION
SE200699,2027_Spring,5,ISM302,3,CURRICULUM_ASSUMPTION
SE200699,2027_Spring,5,ISP392,3,CURRICULUM_ASSUMPTION
SE200699,2027_Spring,5,ITA301,3,CURRICULUM_ASSUMPTION
SE200699,2027_Spring,5,ITE302c,3,CURRICULUM_ASSUMPTION
SE200700,2027_Spring,5,IS_COM*1,3,CURRICULUM_ASSUMPTION
SE200700,2027_Spring,5,ISM302,3,CURRICULUM_ASSUMPTION
SE200700,2027_Spring,5,ISP392,3,CURRICULUM_ASSUMPTION
SE200700,2027_Spring,5,ITA301,3,CURRICULUM_ASSUMPTION
SE200700,2027_Spring,5,ITE302c,3,CURRICULUM_ASSUMPTION
SE200701,2027_Spring,5,IS_COM*1,3,CURRICULUM_ASSUMPTION
SE200701,2027_Spring,5,ISM302,3,CURRICULUM_ASSUMPTION
SE200701,2027_Spring,5,ISP392,3,CURRICULUM_ASSUMPTION
SE200701,2027_Spring,5,ITA301,3,CURRICULUM_ASSUMPTION
SE200701,2027_Spring,5,ITE302c,3,CURRICULUM_ASSUMPTION
SE200702,2027_Spring,5,IS_COM*1,3,CURRICULUM_ASSUMPTION
SE200702,2027_Spring,5,ISM302,3,CURRICULUM_ASSUMPTION
SE200702,2027_Spring,5,ISP392,3,CURRICULUM_ASSUMPTION
SE200702,2027_Spring,5,ITA301,3,CURRICULUM_ASSUMPTION
SE200702,2027_Spring,5,ITE302c,3,CURRICULUM_ASSUMPTION
SE200703,2027_Spring,5,IS_COM*1,3,CURRICULUM_ASSUMPTION
SE200703,2027_Spring,5,ISM302,3,CURRICULUM_ASSUMPTION
SE200703,2027_Spring,5,ISP392,3,CURRICULUM_ASSUMPTION
SE200703,2027_Spring,5,ITA301,3,CURRICULUM_ASSUMPTION
SE200703,2027_Spring,5,ITE302c,3,CURRICULUM_ASSUMPTION
SE200704,2027_Spring,5,IS_COM*1,3,CURRICULUM_ASSUMPTION
SE200704,2027_Spring,5,ISM302,3,CURRICULUM_ASSUMPTION
SE200704,2027_Spring,5,ISP392,3,CURRICULUM_ASSUMPTION
SE200704,2027_Spring,5,ITA301,3,CURRICULUM_ASSUMPTION
SE200704,2027_Spring,5,ITE302c,3,CURRICULUM_ASSUMPTION
SE200705,2027_Spring,5,IS_COM*1,3,CURRICULUM_ASSUMPTION
SE200705,2027_Spring,5,ISM302,3,CURRICULUM_ASSUMPTION
SE200705,2027_Spring,5,ISP392,3,CURRICULUM_ASSUMPTION
SE200705,2027_Spring,5,ITA301,3,CURRICULUM_ASSUMPTION
SE200705,2027_Spring,5,ITE302c,3,CURRICULUM_ASSUMPTION
SE200706,2027_Spring,5,IS_COM*1,3,CURRICULUM_ASSUMPTION
SE200706,2027_Spring,5,ISM302,3,CURRICULUM_ASSUMPTION
SE200706,2027_Spring,5,ISP392,3,CURRICULUM_ASSUMPTION
SE200706,2027_Spring,5,ITA301,3,CURRICULUM_ASSUMPTION
SE200706,2027_Spring,5,ITE302c,3,CURRICULUM_ASSUMPTION
SE200707,2027_Spring,5,IS_COM*1,3,CURRICULUM_ASSUMPTION
SE200707,2027_Spring,5,ISM302,3,CURRICULUM_ASSUMPTION
SE200707,2027_Spring,5,ISP392,3,CURRICULUM_ASSUMPTION
SE200707,2027_Spring,5,ITA301,3,CURRICULUM_ASSUMPTION
SE200707,2027_Spring,5,ITE302c,3,CURRICULUM_ASSUMPTION
SE200708,2027_Spring,5,IS_COM*1,3,CURRICULUM_ASSUMPTION
SE200708,2027_Spring,5,ISM302,3,CURRICULUM_ASSUMPTION
SE200708,2027_Spring,5,ISP392,3,CURRICULUM_ASSUMPTION
SE200708,2027_Spring,5,ITA301,3,CURRICULUM_ASSUMPTION
SE200708,2027_Spring,5,ITE302c,3,CURRICULUM_ASSUMPTION
SE200709,2027_Spring,5,IS_COM*1,3,CURRICULUM_ASSUMPTION
SE200709,2027_Spring,5,ISM302,3,CURRICULUM_ASSUMPTION
SE200709,2027_Spring,5,ISP392,3,CURRICULUM_ASSUMPTION
SE200709,2027_Spring,5,ITA301,3,CURRICULUM_ASSUMPTION
SE200709,2027_Spring,5,ITE302c,3,CURRICULUM_ASSUMPTION
SE200710,2027_Spring,5,IS_COM*1,3,CURRICULUM_ASSUMPTION
SE200710,2027_Spring,5,ISM302,3,CURRICULUM_ASSUMPTION
SE200710,2027_Spring,5,ISP392,3,CURRICULUM_ASSUMPTION
SE200710,2027_Spring,5,ITA301,3,CURRICULUM_ASSUMPTION
SE200710,2027_Spring,5,ITE302c,3,CURRICULUM_ASSUMPTION
SE200711,2027_Spring,5,IS_COM*1,3,CURRICULUM_ASSUMPTION
SE200711,2027_Spring,5,ISM302,3,CURRICULUM_ASSUMPTION
SE200711,2027_Spring,5,ISP392,3,CURRICULUM_ASSUMPTION
SE200711,2027_Spring,5,ITA301,3,CURRICULUM_ASSUMPTION
SE200711,2027_Spring,5,ITE302c,3,CURRICULUM_ASSUMPTION
SE200712,2027_Spring,5,IS_COM*1,3,CURRICULUM_ASSUMPTION
SE200712,2027_Spring,5,ISM302,3,CURRICULUM_ASSUMPTION
SE200712,2027_Spring,5,ISP392,3,CURRICULUM_ASSUMPTION
SE200712,2027_Spring,5,ITA301,3,CURRICULUM_ASSUMPTION
SE200712,2027_Spring,5,ITE302c,3,CURRICULUM_ASSUMPTION
SE200713,2027_Spring,5,IS_COM*1,3,CURRICULUM_ASSUMPTION
SE200713,2027_Spring,5,ISM302,3,CURRICULUM_ASSUMPTION
SE200713,2027_Spring,5,ISP392,3,CURRICULUM_ASSUMPTION
SE200713,2027_Spring,5,ITA301,3,CURRICULUM_ASSUMPTION
SE200713,2027_Spring,5,ITE302c,3,CURRICULUM_ASSUMPTION
SE200714,2027_Spring,5,IS_COM*1,3,CURRICULUM_ASSUMPTION
SE200714,2027_Spring,5,ISM302,3,CURRICULUM_ASSUMPTION
SE200714,2027_Spring,5,ISP392,3,CURRICULUM_ASSUMPTION
SE200714,2027_Spring,5,ITA301,3,CURRICULUM_ASSUMPTION
SE200714,2027_Spring,5,ITE302c,3,CURRICULUM_ASSUMPTION
SE200715,2027_Spring,5,IS_COM*1,3,CURRICULUM_ASSUMPTION
SE200715,2027_Spring,5,ISM302,3,CURRICULUM_ASSUMPTION
SE200715,2027_Spring,5,ISP392,3,CURRICULUM_ASSUMPTION
SE200715,2027_Spring,5,ITA301,3,CURRICULUM_ASSUMPTION
SE200715,2027_Spring,5,ITE302c,3,CURRICULUM_ASSUMPTION
SE200716,2027_Spring,5,IS_COM*1,3,CURRICULUM_ASSUMPTION
SE200716,2027_Spring,5,ISM302,3,CURRICULUM_ASSUMPTION
SE200716,2027_Spring,5,ISP392,3,CURRICULUM_ASSUMPTION
SE200716,2027_Spring,5,ITA301,3,CURRICULUM_ASSUMPTION
SE200716,2027_Spring,5,ITE302c,3,CURRICULUM_ASSUMPTION
SE200717,2027_Spring,5,IS_COM*1,3,CURRICULUM_ASSUMPTION
SE200717,2027_Spring,5,ISM302,3,CURRICULUM_ASSUMPTION
SE200717,2027_Spring,5,ISP392,3,CURRICULUM_ASSUMPTION
SE200717,2027_Spring,5,ITA301,3,CURRICULUM_ASSUMPTION
SE200717,2027_Spring,5,ITE302c,3,CURRICULUM_ASSUMPTION
SE200718,2027_Spring,5,IS_COM*1,3,CURRICULUM_ASSUMPTION
SE200718,2027_Spring,5,ISM302,3,CURRICULUM_ASSUMPTION
SE200718,2027_Spring,5,ISP392,3,CURRICULUM_ASSUMPTION
SE200718,2027_Spring,5,ITA301,3,CURRICULUM_ASSUMPTION
SE200718,2027_Spring,5,ITE302c,3,CURRICULUM_ASSUMPTION
SE200719,2027_Spring,5,IS_COM*1,3,CURRICULUM_ASSUMPTION
SE200719,2027_Spring,5,ISM302,3,CURRICULUM_ASSUMPTION
SE200719,2027_Spring,5,ISP392,3,CURRICULUM_ASSUMPTION
SE200719,2027_Spring,5,ITA301,3,CURRICULUM_ASSUMPTION
SE200719,2027_Spring,5,ITE302c,3,CURRICULUM_ASSUMPTION
SE200720,2027_Spring,5,IS_COM*1,3,CURRICULUM_ASSUMPTION
SE200720,2027_Spring,5,ISM302,3,CURRICULUM_ASSUMPTION
SE200720,2027_Spring,5,ISP392,3,CURRICULUM_ASSUMPTION
SE200720,2027_Spring,5,ITA301,3,CURRICULUM_ASSUMPTION
SE200720,2027_Spring,5,ITE302c,3,CURRICULUM_ASSUMPTION
SE200721,2027_Spring,5,IS_COM*1,3,CURRICULUM_ASSUMPTION
SE200721,2027_Spring,5,ISM302,3,CURRICULUM_ASSUMPTION
SE200721,2027_Spring,5,ISP392,3,CURRICULUM_ASSUMPTION
SE200721,2027_Spring,5,ITA301,3,CURRICULUM_ASSUMPTION
SE200721,2027_Spring,5,ITE302c,3,CURRICULUM_ASSUMPTION
SE200722,2027_Spring,5,IS_COM*1,3,CURRICULUM_ASSUMPTION
SE200722,2027_Spring,5,ISM302,3,CURRICULUM_ASSUMPTION
SE200722,2027_Spring,5,ISP392,3,CURRICULUM_ASSUMPTION
SE200722,2027_Spring,5,ITA301,3,CURRICULUM_ASSUMPTION
SE200722,2027_Spring,5,ITE302c,3,CURRICULUM_ASSUMPTION
SE200723,2027_Spring,5,IS_COM*1,3,CURRICULUM_ASSUMPTION
SE200723,2027_Spring,5,ISM302,3,CURRICULUM_ASSUMPTION
SE200723,2027_Spring,5,ISP392,3,CURRICULUM_ASSUMPTION
SE200723,2027_Spring,5,ITA301,3,CURRICULUM_ASSUMPTION
SE200723,2027_Spring,5,ITE302c,3,CURRICULUM_ASSUMPTION
SE200724,2027_Spring,5,IS_COM*1,3,CURRICULUM_ASSUMPTION
SE200724,2027_Spring,5,ISM302,3,CURRICULUM_ASSUMPTION
SE200724,2027_Spring,5,ISP392,3,CURRICULUM_ASSUMPTION
SE200724,2027_Spring,5,ITA301,3,CURRICULUM_ASSUMPTION
SE200724,2027_Spring,5,ITE302c,3,CURRICULUM_ASSUMPTION
SE200725,2027_Spring,5,IS_COM*1,3,CURRICULUM_ASSUMPTION
SE200725,2027_Spring,5,ISM302,3,CURRICULUM_ASSUMPTION
SE200725,2027_Spring,5,ISP392,3,CURRICULUM_ASSUMPTION
SE200725,2027_Spring,5,ITA301,3,CURRICULUM_ASSUMPTION
SE200725,2027_Spring,5,ITE302c,3,CURRICULUM_ASSUMPTION
SE200726,2027_Spring,5,IS_COM*1,3,CURRICULUM_ASSUMPTION
SE200726,2027_Spring,5,ISM302,3,CURRICULUM_ASSUMPTION
SE200726,2027_Spring,5,ISP392,3,CURRICULUM_ASSUMPTION
SE200726,2027_Spring,5,ITA301,3,CURRICULUM_ASSUMPTION
SE200726,2027_Spring,5,ITE302c,3,CURRICULUM_ASSUMPTION
SE200727,2027_Spring,5,IS_COM*1,3,CURRICULUM_ASSUMPTION
SE200727,2027_Spring,5,ISM302,3,CURRICULUM_ASSUMPTION
SE200727,2027_Spring,5,ISP392,3,CURRICULUM_ASSUMPTION
SE200727,2027_Spring,5,ITA301,3,CURRICULUM_ASSUMPTION
SE200727,2027_Spring,5,ITE302c,3,CURRICULUM_ASSUMPTION
SE200728,2027_Spring,5,IS_COM*1,3,CURRICULUM_ASSUMPTION
SE200728,2027_Spring,5,ISM302,3,CURRICULUM_ASSUMPTION
SE200728,2027_Spring,5,ISP392,3,CURRICULUM_ASSUMPTION
SE200728,2027_Spring,5,ITA301,3,CURRICULUM_ASSUMPTION
SE200728,2027_Spring,5,ITE302c,3,CURRICULUM_ASSUMPTION
SE200729,2027_Spring,5,IS_COM*1,3,CURRICULUM_ASSUMPTION
SE200729,2027_Spring,5,ISM302,3,CURRICULUM_ASSUMPTION
SE200729,2027_Spring,5,ISP392,3,CURRICULUM_ASSUMPTION
SE200729,2027_Spring,5,ITA301,3,CURRICULUM_ASSUMPTION
SE200729,2027_Spring,5,ITE302c,3,CURRICULUM_ASSUMPTION
SE200730,2027_Spring,5,IS_COM*1,3,CURRICULUM_ASSUMPTION
SE200730,2027_Spring,5,ISM302,3,CURRICULUM_ASSUMPTION
SE200730,2027_Spring,5,ISP392,3,CURRICULUM_ASSUMPTION
SE200730,2027_Spring,5,ITA301,3,CURRICULUM_ASSUMPTION
SE200730,2027_Spring,5,ITE302c,3,CURRICULUM_ASSUMPTION
SE200731,2027_Spring,5,IS_COM*1,3,CURRICULUM_ASSUMPTION
SE200731,2027_Spring,5,ISM302,3,CURRICULUM_ASSUMPTION
SE200731,2027_Spring,5,ISP392,3,CURRICULUM_ASSUMPTION
SE200731,2027_Spring,5,ITA301,3,CURRICULUM_ASSUMPTION
SE200731,2027_Spring,5,ITE302c,3,CURRICULUM_ASSUMPTION
SE200732,2027_Spring,5,IS_COM*1,3,CURRICULUM_ASSUMPTION
SE200732,2027_Spring,5,ISM302,3,CURRICULUM_ASSUMPTION
SE200732,2027_Spring,5,ISP392,3,CURRICULUM_ASSUMPTION
SE200732,2027_Spring,5,ITA301,3,CURRICULUM_ASSUMPTION
SE200732,2027_Spring,5,ITE302c,3,CURRICULUM_ASSUMPTION
SE200733,2027_Spring,5,IS_COM*1,3,CURRICULUM_ASSUMPTION
SE200733,2027_Spring,5,ISM302,3,CURRICULUM_ASSUMPTION
SE200733,2027_Spring,5,ISP392,3,CURRICULUM_ASSUMPTION
SE200733,2027_Spring,5,ITA301,3,CURRICULUM_ASSUMPTION
SE200733,2027_Spring,5,ITE302c,3,CURRICULUM_ASSUMPTION
SE200734,2027_Spring,5,IS_COM*1,3,CURRICULUM_ASSUMPTION
SE200734,2027_Spring,5,ISM302,3,CURRICULUM_ASSUMPTION
SE200734,2027_Spring,5,ISP392,3,CURRICULUM_ASSUMPTION
SE200734,2027_Spring,5,ITA301,3,CURRICULUM_ASSUMPTION
SE200734,2027_Spring,5,ITE302c,3,CURRICULUM_ASSUMPTION
SE200735,2027_Spring,5,IS_COM*1,3,CURRICULUM_ASSUMPTION
SE200735,2027_Spring,5,ISM302,3,CURRICULUM_ASSUMPTION
SE200735,2027_Spring,5,ISP392,3,CURRICULUM_ASSUMPTION
SE200735,2027_Spring,5,ITA301,3,CURRICULUM_ASSUMPTION
SE200735,2027_Spring,5,ITE302c,3,CURRICULUM_ASSUMPTION
SE200736,2027_Spring,5,IS_COM*1,3,CURRICULUM_ASSUMPTION
SE200736,2027_Spring,5,ISM302,3,CURRICULUM_ASSUMPTION
SE200736,2027_Spring,5,ISP392,3,CURRICULUM_ASSUMPTION
SE200736,2027_Spring,5,ITA301,3,CURRICULUM_ASSUMPTION
SE200736,2027_Spring,5,ITE302c,3,CURRICULUM_ASSUMPTION
SE200737,2027_Spring,5,IS_COM*1,3,CURRICULUM_ASSUMPTION
SE200737,2027_Spring,5,ISM302,3,CURRICULUM_ASSUMPTION
SE200737,2027_Spring,5,ISP392,3,CURRICULUM_ASSUMPTION
SE200737,2027_Spring,5,ITA301,3,CURRICULUM_ASSUMPTION
SE200737,2027_Spring,5,ITE302c,3,CURRICULUM_ASSUMPTION
SE200738,2027_Spring,5,IS_COM*1,3,CURRICULUM_ASSUMPTION
SE200738,2027_Spring,5,ISM302,3,CURRICULUM_ASSUMPTION
SE200738,2027_Spring,5,ISP392,3,CURRICULUM_ASSUMPTION
SE200738,2027_Spring,5,ITA301,3,CURRICULUM_ASSUMPTION
SE200738,2027_Spring,5,ITE302c,3,CURRICULUM_ASSUMPTION
SE200739,2027_Spring,5,IS_COM*1,3,CURRICULUM_ASSUMPTION
SE200739,2027_Spring,5,ISM302,3,CURRICULUM_ASSUMPTION
SE200739,2027_Spring,5,ISP392,3,CURRICULUM_ASSUMPTION
SE200739,2027_Spring,5,ITA301,3,CURRICULUM_ASSUMPTION
SE200739,2027_Spring,5,ITE302c,3,CURRICULUM_ASSUMPTION
SE200740,2027_Spring,5,IS_COM*1,3,CURRICULUM_ASSUMPTION
SE200740,2027_Spring,5,ISM302,3,CURRICULUM_ASSUMPTION
SE200740,2027_Spring,5,ISP392,3,CURRICULUM_ASSUMPTION
SE200740,2027_Spring,5,ITA301,3,CURRICULUM_ASSUMPTION
SE200740,2027_Spring,5,ITE302c,3,CURRICULUM_ASSUMPTION
SE200741,2027_Spring,5,IS_COM*1,3,CURRICULUM_ASSUMPTION
SE200741,2027_Spring,5,ISM302,3,CURRICULUM_ASSUMPTION
SE200741,2027_Spring,5,ISP392,3,CURRICULUM_ASSUMPTION
SE200741,2027_Spring,5,ITA301,3,CURRICULUM_ASSUMPTION
SE200741,2027_Spring,5,ITE302c,3,CURRICULUM_ASSUMPTION
SE200742,2027_Spring,5,IS_COM*1,3,CURRICULUM_ASSUMPTION
SE200742,2027_Spring,5,ISM302,3,CURRICULUM_ASSUMPTION
SE200742,2027_Spring,5,ISP392,3,CURRICULUM_ASSUMPTION
SE200742,2027_Spring,5,ITA301,3,CURRICULUM_ASSUMPTION
SE200742,2027_Spring,5,ITE302c,3,CURRICULUM_ASSUMPTION
SE200743,2027_Spring,5,IS_COM*1,3,CURRICULUM_ASSUMPTION
SE200743,2027_Spring,5,ISM302,3,CURRICULUM_ASSUMPTION
SE200743,2027_Spring,5,ISP392,3,CURRICULUM_ASSUMPTION
SE200743,2027_Spring,5,ITA301,3,CURRICULUM_ASSUMPTION
SE200743,2027_Spring,5,ITE302c,3,CURRICULUM_ASSUMPTION
SE200744,2027_Spring,5,IS_COM*1,3,CURRICULUM_ASSUMPTION
SE200744,2027_Spring,5,ISM302,3,CURRICULUM_ASSUMPTION
SE200744,2027_Spring,5,ISP392,3,CURRICULUM_ASSUMPTION
SE200744,2027_Spring,5,ITA301,3,CURRICULUM_ASSUMPTION
SE200744,2027_Spring,5,ITE302c,3,CURRICULUM_ASSUMPTION
SE200745,2027_Spring,5,IS_COM*1,3,CURRICULUM_ASSUMPTION
SE200745,2027_Spring,5,ISM302,3,CURRICULUM_ASSUMPTION
SE200745,2027_Spring,5,ISP392,3,CURRICULUM_ASSUMPTION
SE200745,2027_Spring,5,ITA301,3,CURRICULUM_ASSUMPTION
SE200745,2027_Spring,5,ITE302c,3,CURRICULUM_ASSUMPTION
SE200746,2027_Spring,5,IS_COM*1,3,CURRICULUM_ASSUMPTION
SE200746,2027_Spring,5,ISM302,3,CURRICULUM_ASSUMPTION
SE200746,2027_Spring,5,ISP392,3,CURRICULUM_ASSUMPTION
SE200746,2027_Spring,5,ITA301,3,CURRICULUM_ASSUMPTION
SE200746,2027_Spring,5,ITE302c,3,CURRICULUM_ASSUMPTION
SE200747,2027_Spring,5,IS_COM*1,3,CURRICULUM_ASSUMPTION
SE200747,2027_Spring,5,ISM302,3,CURRICULUM_ASSUMPTION
SE200747,2027_Spring,5,ISP392,3,CURRICULUM_ASSUMPTION
SE200747,2027_Spring,5,ITA301,3,CURRICULUM_ASSUMPTION
SE200747,2027_Spring,5,ITE302c,3,CURRICULUM_ASSUMPTION
SE200748,2027_Spring,5,IS_COM*1,3,CURRICULUM_ASSUMPTION
SE200748,2027_Spring,5,ISM302,3,CURRICULUM_ASSUMPTION
SE200748,2027_Spring,5,ISP392,3,CURRICULUM_ASSUMPTION
SE200748,2027_Spring,5,ITA301,3,CURRICULUM_ASSUMPTION
SE200748,2027_Spring,5,ITE302c,3,CURRICULUM_ASSUMPTION
SE200749,2027_Spring,5,IS_COM*1,3,CURRICULUM_ASSUMPTION
SE200749,2027_Spring,5,ISM302,3,CURRICULUM_ASSUMPTION
SE200749,2027_Spring,5,ISP392,3,CURRICULUM_ASSUMPTION
SE200749,2027_Spring,5,ITA301,3,CURRICULUM_ASSUMPTION
SE200749,2027_Spring,5,ITE302c,3,CURRICULUM_ASSUMPTION
SE200750,2027_Spring,5,IS_COM*1,3,CURRICULUM_ASSUMPTION
SE200750,2027_Spring,5,ISM302,3,CURRICULUM_ASSUMPTION
SE200750,2027_Spring,5,ISP392,3,CURRICULUM_ASSUMPTION
SE200750,2027_Spring,5,ITA301,3,CURRICULUM_ASSUMPTION
SE200750,2027_Spring,5,ITE302c,3,CURRICULUM_ASSUMPTION
SE200751,2027_Spring,5,IS_COM*1,3,CURRICULUM_ASSUMPTION
SE200751,2027_Spring,5,ISM302,3,CURRICULUM_ASSUMPTION
SE200751,2027_Spring,5,ISP392,3,CURRICULUM_ASSUMPTION
SE200751,2027_Spring,5,ITA301,3,CURRICULUM_ASSUMPTION
SE200751,2027_Spring,5,ITE302c,3,CURRICULUM_ASSUMPTION
SE200752,2027_Spring,5,IS_COM*1,3,CURRICULUM_ASSUMPTION
SE200752,2027_Spring,5,ISM302,3,CURRICULUM_ASSUMPTION
SE200752,2027_Spring,5,ISP392,3,CURRICULUM_ASSUMPTION
SE200752,2027_Spring,5,ITA301,3,CURRICULUM_ASSUMPTION
SE200752,2027_Spring,5,ITE302c,3,CURRICULUM_ASSUMPTION
SE200753,2027_Spring,5,IS_COM*1,3,CURRICULUM_ASSUMPTION
SE200753,2027_Spring,5,ISM302,3,CURRICULUM_ASSUMPTION
SE200753,2027_Spring,5,ISP392,3,CURRICULUM_ASSUMPTION
SE200753,2027_Spring,5,ITA301,3,CURRICULUM_ASSUMPTION
SE200753,2027_Spring,5,ITE302c,3,CURRICULUM_ASSUMPTION
SE200754,2027_Spring,5,IS_COM*1,3,CURRICULUM_ASSUMPTION
SE200754,2027_Spring,5,ISM302,3,CURRICULUM_ASSUMPTION
SE200754,2027_Spring,5,ISP392,3,CURRICULUM_ASSUMPTION
SE200754,2027_Spring,5,ITA301,3,CURRICULUM_ASSUMPTION
SE200754,2027_Spring,5,ITE302c,3,CURRICULUM_ASSUMPTION
SE200755,2027_Spring,5,IS_COM*1,3,CURRICULUM_ASSUMPTION
SE200755,2027_Spring,5,ISM302,3,CURRICULUM_ASSUMPTION
SE200755,2027_Spring,5,ISP392,3,CURRICULUM_ASSUMPTION
SE200755,2027_Spring,5,ITA301,3,CURRICULUM_ASSUMPTION
SE200755,2027_Spring,5,ITE302c,3,CURRICULUM_ASSUMPTION
SE200756,2027_Spring,5,IS_COM*1,3,CURRICULUM_ASSUMPTION
SE200756,2027_Spring,5,ISM302,3,CURRICULUM_ASSUMPTION
SE200756,2027_Spring,5,ISP392,3,CURRICULUM_ASSUMPTION
SE200756,2027_Spring,5,ITA301,3,CURRICULUM_ASSUMPTION
SE200756,2027_Spring,5,ITE302c,3,CURRICULUM_ASSUMPTION
SE200757,2027_Spring,5,IS_COM*1,3,CURRICULUM_ASSUMPTION
SE200757,2027_Spring,5,ISM302,3,CURRICULUM_ASSUMPTION
SE200757,2027_Spring,5,ISP392,3,CURRICULUM_ASSUMPTION
SE200757,2027_Spring,5,ITA301,3,CURRICULUM_ASSUMPTION
SE200757,2027_Spring,5,ITE302c,3,CURRICULUM_ASSUMPTION
SE200758,2027_Spring,5,IS_COM*1,3,CURRICULUM_ASSUMPTION
SE200758,2027_Spring,5,ISM302,3,CURRICULUM_ASSUMPTION
SE200758,2027_Spring,5,ISP392,3,CURRICULUM_ASSUMPTION
SE200758,2027_Spring,5,ITA301,3,CURRICULUM_ASSUMPTION
SE200758,2027_Spring,5,ITE302c,3,CURRICULUM_ASSUMPTION
SE200759,2027_Spring,5,IS_COM*1,3,CURRICULUM_ASSUMPTION
SE200759,2027_Spring,5,ISM302,3,CURRICULUM_ASSUMPTION
SE200759,2027_Spring,5,ISP392,3,CURRICULUM_ASSUMPTION
SE200759,2027_Spring,5,ITA301,3,CURRICULUM_ASSUMPTION
SE200759,2027_Spring,5,ITE302c,3,CURRICULUM_ASSUMPTION
SE200760,2027_Spring,5,IS_COM*1,3,CURRICULUM_ASSUMPTION
SE200760,2027_Spring,5,ISM302,3,CURRICULUM_ASSUMPTION
SE200760,2027_Spring,5,ISP392,3,CURRICULUM_ASSUMPTION
SE200760,2027_Spring,5,ITA301,3,CURRICULUM_ASSUMPTION
SE200760,2027_Spring,5,ITE302c,3,CURRICULUM_ASSUMPTION
SE200761,2027_Spring,5,IS_COM*1,3,CURRICULUM_ASSUMPTION
SE200761,2027_Spring,5,ISM302,3,CURRICULUM_ASSUMPTION
SE200761,2027_Spring,5,ISP392,3,CURRICULUM_ASSUMPTION
SE200761,2027_Spring,5,ITA301,3,CURRICULUM_ASSUMPTION
SE200761,2027_Spring,5,ITE302c,3,CURRICULUM_ASSUMPTION
SE200762,2027_Spring,5,IS_COM*1,3,CURRICULUM_ASSUMPTION
SE200762,2027_Spring,5,ISM302,3,CURRICULUM_ASSUMPTION
SE200762,2027_Spring,5,ISP392,3,CURRICULUM_ASSUMPTION
SE200762,2027_Spring,5,ITA301,3,CURRICULUM_ASSUMPTION
SE200762,2027_Spring,5,ITE302c,3,CURRICULUM_ASSUMPTION
SE200763,2027_Spring,5,IS_COM*1,3,CURRICULUM_ASSUMPTION
SE200763,2027_Spring,5,ISM302,3,CURRICULUM_ASSUMPTION
SE200763,2027_Spring,5,ISP392,3,CURRICULUM_ASSUMPTION
SE200763,2027_Spring,5,ITA301,3,CURRICULUM_ASSUMPTION
SE200763,2027_Spring,5,ITE302c,3,CURRICULUM_ASSUMPTION
SE200764,2027_Spring,5,IS_COM*1,3,CURRICULUM_ASSUMPTION
SE200764,2027_Spring,5,ISM302,3,CURRICULUM_ASSUMPTION
SE200764,2027_Spring,5,ISP392,3,CURRICULUM_ASSUMPTION
SE200764,2027_Spring,5,ITA301,3,CURRICULUM_ASSUMPTION
SE200764,2027_Spring,5,ITE302c,3,CURRICULUM_ASSUMPTION
SE200765,2027_Spring,5,IS_COM*1,3,CURRICULUM_ASSUMPTION
SE200765,2027_Spring,5,ISM302,3,CURRICULUM_ASSUMPTION
SE200765,2027_Spring,5,ISP392,3,CURRICULUM_ASSUMPTION
SE200765,2027_Spring,5,ITA301,3,CURRICULUM_ASSUMPTION
SE200765,2027_Spring,5,ITE302c,3,CURRICULUM_ASSUMPTION
SE200766,2027_Spring,5,IS_COM*1,3,CURRICULUM_ASSUMPTION
SE200766,2027_Spring,5,ISM302,3,CURRICULUM_ASSUMPTION
SE200766,2027_Spring,5,ISP392,3,CURRICULUM_ASSUMPTION
SE200766,2027_Spring,5,ITA301,3,CURRICULUM_ASSUMPTION
SE200766,2027_Spring,5,ITE302c,3,CURRICULUM_ASSUMPTION
SE200767,2027_Spring,5,IS_COM*1,3,CURRICULUM_ASSUMPTION
SE200767,2027_Spring,5,ISM302,3,CURRICULUM_ASSUMPTION
SE200767,2027_Spring,5,ISP392,3,CURRICULUM_ASSUMPTION
SE200767,2027_Spring,5,ITA301,3,CURRICULUM_ASSUMPTION
SE200767,2027_Spring,5,ITE302c,3,CURRICULUM_ASSUMPTION
SE200768,2027_Spring,5,IS_COM*1,3,CURRICULUM_ASSUMPTION
SE200768,2027_Spring,5,ISM302,3,CURRICULUM_ASSUMPTION
SE200768,2027_Spring,5,ISP392,3,CURRICULUM_ASSUMPTION
SE200768,2027_Spring,5,ITA301,3,CURRICULUM_ASSUMPTION
SE200768,2027_Spring,5,ITE302c,3,CURRICULUM_ASSUMPTION
SE200769,2027_Spring,5,IS_COM*1,3,CURRICULUM_ASSUMPTION
SE200769,2027_Spring,5,ISM302,3,CURRICULUM_ASSUMPTION
SE200769,2027_Spring,5,ISP392,3,CURRICULUM_ASSUMPTION
SE200769,2027_Spring,5,ITA301,3,CURRICULUM_ASSUMPTION
SE200769,2027_Spring,5,ITE302c,3,CURRICULUM_ASSUMPTION
SE200770,2027_Spring,5,IS_COM*1,3,CURRICULUM_ASSUMPTION
SE200770,2027_Spring,5,ISM302,3,CURRICULUM_ASSUMPTION
SE200770,2027_Spring,5,ISP392,3,CURRICULUM_ASSUMPTION
SE200770,2027_Spring,5,ITA301,3,CURRICULUM_ASSUMPTION
SE200770,2027_Spring,5,ITE302c,3,CURRICULUM_ASSUMPTION
SE200771,2027_Spring,5,IS_COM*1,3,CURRICULUM_ASSUMPTION
SE200771,2027_Spring,5,ISM302,3,CURRICULUM_ASSUMPTION
SE200771,2027_Spring,5,ISP392,3,CURRICULUM_ASSUMPTION
SE200771,2027_Spring,5,ITA301,3,CURRICULUM_ASSUMPTION
SE200771,2027_Spring,5,ITE302c,3,CURRICULUM_ASSUMPTION
SE200772,2027_Spring,5,IS_COM*1,3,CURRICULUM_ASSUMPTION
SE200772,2027_Spring,5,ISM302,3,CURRICULUM_ASSUMPTION
SE200772,2027_Spring,5,ISP392,3,CURRICULUM_ASSUMPTION
SE200772,2027_Spring,5,ITA301,3,CURRICULUM_ASSUMPTION
SE200772,2027_Spring,5,ITE302c,3,CURRICULUM_ASSUMPTION
SE200773,2027_Spring,5,IS_COM*1,3,CURRICULUM_ASSUMPTION
SE200773,2027_Spring,5,ISM302,3,CURRICULUM_ASSUMPTION
SE200773,2027_Spring,5,ISP392,3,CURRICULUM_ASSUMPTION
SE200773,2027_Spring,5,ITA301,3,CURRICULUM_ASSUMPTION
SE200773,2027_Spring,5,ITE302c,3,CURRICULUM_ASSUMPTION
SE200774,2027_Spring,5,IS_COM*1,3,CURRICULUM_ASSUMPTION
SE200774,2027_Spring,5,ISM302,3,CURRICULUM_ASSUMPTION
SE200774,2027_Spring,5,ISP392,3,CURRICULUM_ASSUMPTION
SE200774,2027_Spring,5,ITA301,3,CURRICULUM_ASSUMPTION
SE200774,2027_Spring,5,ITE302c,3,CURRICULUM_ASSUMPTION
SE200775,2027_Spring,5,IS_COM*1,3,CURRICULUM_ASSUMPTION
SE200775,2027_Spring,5,ISM302,3,CURRICULUM_ASSUMPTION
SE200775,2027_Spring,5,ISP392,3,CURRICULUM_ASSUMPTION
SE200775,2027_Spring,5,ITA301,3,CURRICULUM_ASSUMPTION
SE200775,2027_Spring,5,ITE302c,3,CURRICULUM_ASSUMPTION
SE200776,2027_Spring,5,IS_COM*1,3,CURRICULUM_ASSUMPTION
SE200776,2027_Spring,5,ISM302,3,CURRICULUM_ASSUMPTION
SE200776,2027_Spring,5,ISP392,3,CURRICULUM_ASSUMPTION
SE200776,2027_Spring,5,ITA301,3,CURRICULUM_ASSUMPTION
SE200776,2027_Spring,5,ITE302c,3,CURRICULUM_ASSUMPTION
SE200777,2027_Spring,5,IS_COM*1,3,CURRICULUM_ASSUMPTION
SE200777,2027_Spring,5,ISM302,3,CURRICULUM_ASSUMPTION
SE200777,2027_Spring,5,ISP392,3,CURRICULUM_ASSUMPTION
SE200777,2027_Spring,5,ITA301,3,CURRICULUM_ASSUMPTION
SE200777,2027_Spring,5,ITE302c,3,CURRICULUM_ASSUMPTION
SE200778,2027_Spring,5,IS_COM*1,3,CURRICULUM_ASSUMPTION
SE200778,2027_Spring,5,ISM302,3,CURRICULUM_ASSUMPTION
SE200778,2027_Spring,5,ISP392,3,CURRICULUM_ASSUMPTION
SE200778,2027_Spring,5,ITA301,3,CURRICULUM_ASSUMPTION
SE200778,2027_Spring,5,ITE302c,3,CURRICULUM_ASSUMPTION
SE200779,2027_Spring,5,IS_COM*1,3,CURRICULUM_ASSUMPTION
SE200779,2027_Spring,5,ISM302,3,CURRICULUM_ASSUMPTION
SE200779,2027_Spring,5,ISP392,3,CURRICULUM_ASSUMPTION
SE200779,2027_Spring,5,ITA301,3,CURRICULUM_ASSUMPTION
SE200779,2027_Spring,5,ITE302c,3,CURRICULUM_ASSUMPTION
SE200780,2027_Spring,5,IS_COM*1,3,CURRICULUM_ASSUMPTION
SE200780,2027_Spring,5,ISM302,3,CURRICULUM_ASSUMPTION
SE200780,2027_Spring,5,ISP392,3,CURRICULUM_ASSUMPTION
SE200780,2027_Spring,5,ITA301,3,CURRICULUM_ASSUMPTION
SE200780,2027_Spring,5,ITE302c,3,CURRICULUM_ASSUMPTION
SE200781,2027_Spring,5,IS_COM*1,3,CURRICULUM_ASSUMPTION
SE200781,2027_Spring,5,ISM302,3,CURRICULUM_ASSUMPTION
SE200781,2027_Spring,5,ISP392,3,CURRICULUM_ASSUMPTION
SE200781,2027_Spring,5,ITA301,3,CURRICULUM_ASSUMPTION
SE200781,2027_Spring,5,ITE302c,3,CURRICULUM_ASSUMPTION
SE200782,2027_Spring,5,IS_COM*1,3,CURRICULUM_ASSUMPTION
SE200782,2027_Spring,5,ISM302,3,CURRICULUM_ASSUMPTION
SE200782,2027_Spring,5,ISP392,3,CURRICULUM_ASSUMPTION
SE200782,2027_Spring,5,ITA301,3,CURRICULUM_ASSUMPTION
SE200782,2027_Spring,5,ITE302c,3,CURRICULUM_ASSUMPTION
SE200783,2027_Spring,5,IS_COM*1,3,CURRICULUM_ASSUMPTION
SE200783,2027_Spring,5,ISM302,3,CURRICULUM_ASSUMPTION
SE200783,2027_Spring,5,ISP392,3,CURRICULUM_ASSUMPTION
SE200783,2027_Spring,5,ITA301,3,CURRICULUM_ASSUMPTION
SE200783,2027_Spring,5,ITE302c,3,CURRICULUM_ASSUMPTION
SE200784,2027_Spring,5,IS_COM*1,3,CURRICULUM_ASSUMPTION
SE200784,2027_Spring,5,ISM302,3,CURRICULUM_ASSUMPTION
SE200784,2027_Spring,5,ISP392,3,CURRICULUM_ASSUMPTION
SE200784,2027_Spring,5,ITA301,3,CURRICULUM_ASSUMPTION
SE200784,2027_Spring,5,ITE302c,3,CURRICULUM_ASSUMPTION
SE200785,2027_Spring,5,IS_COM*1,3,CURRICULUM_ASSUMPTION
SE200785,2027_Spring,5,ISM302,3,CURRICULUM_ASSUMPTION
SE200785,2027_Spring,5,ISP392,3,CURRICULUM_ASSUMPTION
SE200785,2027_Spring,5,ITA301,3,CURRICULUM_ASSUMPTION
SE200785,2027_Spring,5,ITE302c,3,CURRICULUM_ASSUMPTION
SE200786,2027_Spring,5,IS_COM*1,3,CURRICULUM_ASSUMPTION
SE200786,2027_Spring,5,ISM302,3,CURRICULUM_ASSUMPTION
SE200786,2027_Spring,5,ISP392,3,CURRICULUM_ASSUMPTION
SE200786,2027_Spring,5,ITA301,3,CURRICULUM_ASSUMPTION
SE200786,2027_Spring,5,ITE302c,3,CURRICULUM_ASSUMPTION
SE200787,2027_Spring,5,IS_COM*1,3,CURRICULUM_ASSUMPTION
SE200787,2027_Spring,5,ISM302,3,CURRICULUM_ASSUMPTION
SE200787,2027_Spring,5,ISP392,3,CURRICULUM_ASSUMPTION
SE200787,2027_Spring,5,ITA301,3,CURRICULUM_ASSUMPTION
SE200787,2027_Spring,5,ITE302c,3,CURRICULUM_ASSUMPTION
SE200788,2027_Spring,5,IS_COM*1,3,CURRICULUM_ASSUMPTION
SE200788,2027_Spring,5,ISM302,3,CURRICULUM_ASSUMPTION
SE200788,2027_Spring,5,ISP392,3,CURRICULUM_ASSUMPTION
SE200788,2027_Spring,5,ITA301,3,CURRICULUM_ASSUMPTION
SE200788,2027_Spring,5,ITE302c,3,CURRICULUM_ASSUMPTION
SE200789,2027_Spring,5,IS_COM*1,3,CURRICULUM_ASSUMPTION
SE200789,2027_Spring,5,ISM302,3,CURRICULUM_ASSUMPTION
SE200789,2027_Spring,5,ISP392,3,CURRICULUM_ASSUMPTION
SE200789,2027_Spring,5,ITA301,3,CURRICULUM_ASSUMPTION
SE200789,2027_Spring,5,ITE302c,3,CURRICULUM_ASSUMPTION
SE200790,2027_Spring,5,IS_COM*1,3,CURRICULUM_ASSUMPTION
SE200790,2027_Spring,5,ISM302,3,CURRICULUM_ASSUMPTION
SE200790,2027_Spring,5,ISP392,3,CURRICULUM_ASSUMPTION
SE200790,2027_Spring,5,ITA301,3,CURRICULUM_ASSUMPTION
SE200790,2027_Spring,5,ITE302c,3,CURRICULUM_ASSUMPTION
SE200791,2027_Spring,5,IS_COM*1,3,CURRICULUM_ASSUMPTION
SE200791,2027_Spring,5,ISM302,3,CURRICULUM_ASSUMPTION
SE200791,2027_Spring,5,ISP392,3,CURRICULUM_ASSUMPTION
SE200791,2027_Spring,5,ITA301,3,CURRICULUM_ASSUMPTION
SE200791,2027_Spring,5,ITE302c,3,CURRICULUM_ASSUMPTION
SE200792,2027_Spring,5,IS_COM*1,3,CURRICULUM_ASSUMPTION
SE200792,2027_Spring,5,ISM302,3,CURRICULUM_ASSUMPTION
SE200792,2027_Spring,5,ISP392,3,CURRICULUM_ASSUMPTION
SE200792,2027_Spring,5,ITA301,3,CURRICULUM_ASSUMPTION
SE200792,2027_Spring,5,ITE302c,3,CURRICULUM_ASSUMPTION
SE200793,2027_Spring,5,IS_COM*1,3,CURRICULUM_ASSUMPTION
SE200793,2027_Spring,5,ISM302,3,CURRICULUM_ASSUMPTION
SE200793,2027_Spring,5,ISP392,3,CURRICULUM_ASSUMPTION
SE200793,2027_Spring,5,ITA301,3,CURRICULUM_ASSUMPTION
SE200793,2027_Spring,5,ITE302c,3,CURRICULUM_ASSUMPTION
SE200794,2027_Spring,5,IS_COM*1,3,CURRICULUM_ASSUMPTION
SE200794,2027_Spring,5,ISM302,3,CURRICULUM_ASSUMPTION
SE200794,2027_Spring,5,ISP392,3,CURRICULUM_ASSUMPTION
SE200794,2027_Spring,5,ITA301,3,CURRICULUM_ASSUMPTION
SE200794,2027_Spring,5,ITE302c,3,CURRICULUM_ASSUMPTION
SE200795,2027_Spring,5,IS_COM*1,3,CURRICULUM_ASSUMPTION
SE200795,2027_Spring,5,ISM302,3,CURRICULUM_ASSUMPTION
SE200795,2027_Spring,5,ISP392,3,CURRICULUM_ASSUMPTION
SE200795,2027_Spring,5,ITA301,3,CURRICULUM_ASSUMPTION
SE200795,2027_Spring,5,ITE302c,3,CURRICULUM_ASSUMPTION
SE200796,2027_Spring,5,IS_COM*1,3,CURRICULUM_ASSUMPTION
SE200796,2027_Spring,5,ISM302,3,CURRICULUM_ASSUMPTION
SE200796,2027_Spring,5,ISP392,3,CURRICULUM_ASSUMPTION
SE200796,2027_Spring,5,ITA301,3,CURRICULUM_ASSUMPTION
SE200796,2027_Spring,5,ITE302c,3,CURRICULUM_ASSUMPTION
SE200797,2027_Spring,5,IS_COM*1,3,CURRICULUM_ASSUMPTION
SE200797,2027_Spring,5,ISM302,3,CURRICULUM_ASSUMPTION
SE200797,2027_Spring,5,ISP392,3,CURRICULUM_ASSUMPTION
SE200797,2027_Spring,5,ITA301,3,CURRICULUM_ASSUMPTION
SE200797,2027_Spring,5,ITE302c,3,CURRICULUM_ASSUMPTION
SE200798,2027_Spring,5,IS_COM*1,3,CURRICULUM_ASSUMPTION
SE200798,2027_Spring,5,ISM302,3,CURRICULUM_ASSUMPTION
SE200798,2027_Spring,5,ISP392,3,CURRICULUM_ASSUMPTION
SE200798,2027_Spring,5,ITA301,3,CURRICULUM_ASSUMPTION
SE200798,2027_Spring,5,ITE302c,3,CURRICULUM_ASSUMPTION
SE200799,2027_Spring,5,IS_COM*1,3,CURRICULUM_ASSUMPTION
SE200799,2027_Spring,5,ISM302,3,CURRICULUM_ASSUMPTION
SE200799,2027_Spring,5,ISP392,3,CURRICULUM_ASSUMPTION
SE200799,2027_Spring,5,ITA301,3,CURRICULUM_ASSUMPTION
SE200799,2027_Spring,5,ITE302c,3,CURRICULUM_ASSUMPTION
SE200800,2027_Spring,5,IS_COM*1,3,CURRICULUM_ASSUMPTION
SE200800,2027_Spring,5,ISM302,3,CURRICULUM_ASSUMPTION
SE200800,2027_Spring,5,ISP392,3,CURRICULUM_ASSUMPTION
SE200800,2027_Spring,5,ITA301,3,CURRICULUM_ASSUMPTION
SE200800,2027_Spring,5,ITE302c,3,CURRICULUM_ASSUMPTION
SE200801,2027_Spring,5,IS_COM*1,3,CURRICULUM_ASSUMPTION
SE200801,2027_Spring,5,ISM302,3,CURRICULUM_ASSUMPTION
SE200801,2027_Spring,5,ISP392,3,CURRICULUM_ASSUMPTION
SE200801,2027_Spring,5,ITA301,3,CURRICULUM_ASSUMPTION
SE200801,2027_Spring,5,ITE302c,3,CURRICULUM_ASSUMPTION
SE200802,2027_Spring,5,IS_COM*1,3,CURRICULUM_ASSUMPTION
SE200802,2027_Spring,5,ISM302,3,CURRICULUM_ASSUMPTION
SE200802,2027_Spring,5,ISP392,3,CURRICULUM_ASSUMPTION
SE200802,2027_Spring,5,ITA301,3,CURRICULUM_ASSUMPTION
SE200802,2027_Spring,5,ITE302c,3,CURRICULUM_ASSUMPTION
SE200803,2027_Spring,5,IS_COM*1,3,CURRICULUM_ASSUMPTION
SE200803,2027_Spring,5,ISM302,3,CURRICULUM_ASSUMPTION
SE200803,2027_Spring,5,ISP392,3,CURRICULUM_ASSUMPTION
SE200803,2027_Spring,5,ITA301,3,CURRICULUM_ASSUMPTION
SE200803,2027_Spring,5,ITE302c,3,CURRICULUM_ASSUMPTION
SE200804,2027_Spring,5,IS_COM*1,3,CURRICULUM_ASSUMPTION
SE200804,2027_Spring,5,ISM302,3,CURRICULUM_ASSUMPTION
SE200804,2027_Spring,5,ISP392,3,CURRICULUM_ASSUMPTION
SE200804,2027_Spring,5,ITA301,3,CURRICULUM_ASSUMPTION
SE200804,2027_Spring,5,ITE302c,3,CURRICULUM_ASSUMPTION
SE200805,2027_Spring,5,IS_COM*1,3,CURRICULUM_ASSUMPTION
SE200805,2027_Spring,5,ISM302,3,CURRICULUM_ASSUMPTION
SE200805,2027_Spring,5,ISP392,3,CURRICULUM_ASSUMPTION
SE200805,2027_Spring,5,ITA301,3,CURRICULUM_ASSUMPTION
SE200805,2027_Spring,5,ITE302c,3,CURRICULUM_ASSUMPTION
SE200806,2027_Spring,5,IS_COM*1,3,CURRICULUM_ASSUMPTION
SE200806,2027_Spring,5,ISM302,3,CURRICULUM_ASSUMPTION
SE200806,2027_Spring,5,ISP392,3,CURRICULUM_ASSUMPTION
SE200806,2027_Spring,5,ITA301,3,CURRICULUM_ASSUMPTION
SE200806,2027_Spring,5,ITE302c,3,CURRICULUM_ASSUMPTION
SE200807,2027_Spring,5,IS_COM*1,3,CURRICULUM_ASSUMPTION
SE200807,2027_Spring,5,ISM302,3,CURRICULUM_ASSUMPTION
SE200807,2027_Spring,5,ISP392,3,CURRICULUM_ASSUMPTION
SE200807,2027_Spring,5,ITA301,3,CURRICULUM_ASSUMPTION
SE200807,2027_Spring,5,ITE302c,3,CURRICULUM_ASSUMPTION
SE200808,2027_Spring,5,IS_COM*1,3,CURRICULUM_ASSUMPTION
SE200808,2027_Spring,5,ISM302,3,CURRICULUM_ASSUMPTION
SE200808,2027_Spring,5,ISP392,3,CURRICULUM_ASSUMPTION
SE200808,2027_Spring,5,ITA301,3,CURRICULUM_ASSUMPTION
SE200808,2027_Spring,5,ITE302c,3,CURRICULUM_ASSUMPTION
SE200809,2027_Spring,5,IS_COM*1,3,CURRICULUM_ASSUMPTION
SE200809,2027_Spring,5,ISM302,3,CURRICULUM_ASSUMPTION
SE200809,2027_Spring,5,ISP392,3,CURRICULUM_ASSUMPTION
SE200809,2027_Spring,5,ITA301,3,CURRICULUM_ASSUMPTION
SE200809,2027_Spring,5,ITE302c,3,CURRICULUM_ASSUMPTION
SE200810,2027_Spring,5,IS_COM*1,3,CURRICULUM_ASSUMPTION
SE200810,2027_Spring,5,ISM302,3,CURRICULUM_ASSUMPTION
SE200810,2027_Spring,5,ISP392,3,CURRICULUM_ASSUMPTION
SE200810,2027_Spring,5,ITA301,3,CURRICULUM_ASSUMPTION
SE200810,2027_Spring,5,ITE302c,3,CURRICULUM_ASSUMPTION
SE200811,2027_Spring,5,IS_COM*1,3,CURRICULUM_ASSUMPTION
SE200811,2027_Spring,5,ISM302,3,CURRICULUM_ASSUMPTION
SE200811,2027_Spring,5,ISP392,3,CURRICULUM_ASSUMPTION
SE200811,2027_Spring,5,ITA301,3,CURRICULUM_ASSUMPTION
SE200811,2027_Spring,5,ITE302c,3,CURRICULUM_ASSUMPTION
SE200812,2027_Spring,5,IS_COM*1,3,CURRICULUM_ASSUMPTION
SE200812,2027_Spring,5,ISM302,3,CURRICULUM_ASSUMPTION
SE200812,2027_Spring,5,ISP392,3,CURRICULUM_ASSUMPTION
SE200812,2027_Spring,5,ITA301,3,CURRICULUM_ASSUMPTION
SE200812,2027_Spring,5,ITE302c,3,CURRICULUM_ASSUMPTION
SE200813,2027_Spring,5,IS_COM*1,3,CURRICULUM_ASSUMPTION
SE200813,2027_Spring,5,ISM302,3,CURRICULUM_ASSUMPTION
SE200813,2027_Spring,5,ISP392,3,CURRICULUM_ASSUMPTION
SE200813,2027_Spring,5,ITA301,3,CURRICULUM_ASSUMPTION
SE200813,2027_Spring,5,ITE302c,3,CURRICULUM_ASSUMPTION
SE200814,2027_Spring,5,IS_COM*1,3,CURRICULUM_ASSUMPTION
SE200814,2027_Spring,5,ISM302,3,CURRICULUM_ASSUMPTION
SE200814,2027_Spring,5,ISP392,3,CURRICULUM_ASSUMPTION
SE200814,2027_Spring,5,ITA301,3,CURRICULUM_ASSUMPTION
SE200814,2027_Spring,5,ITE302c,3,CURRICULUM_ASSUMPTION
SE200815,2027_Spring,5,IS_COM*1,3,CURRICULUM_ASSUMPTION
SE200815,2027_Spring,5,ISM302,3,CURRICULUM_ASSUMPTION
SE200815,2027_Spring,5,ISP392,3,CURRICULUM_ASSUMPTION
SE200815,2027_Spring,5,ITA301,3,CURRICULUM_ASSUMPTION
SE200815,2027_Spring,5,ITE302c,3,CURRICULUM_ASSUMPTION
SE200816,2027_Spring,5,IS_COM*1,3,CURRICULUM_ASSUMPTION
SE200816,2027_Spring,5,ISM302,3,CURRICULUM_ASSUMPTION
SE200816,2027_Spring,5,ISP392,3,CURRICULUM_ASSUMPTION
SE200816,2027_Spring,5,ITA301,3,CURRICULUM_ASSUMPTION
SE200816,2027_Spring,5,ITE302c,3,CURRICULUM_ASSUMPTION
SE200817,2027_Spring,5,IS_COM*1,3,CURRICULUM_ASSUMPTION
SE200817,2027_Spring,5,ISM302,3,CURRICULUM_ASSUMPTION
SE200817,2027_Spring,5,ISP392,3,CURRICULUM_ASSUMPTION
SE200817,2027_Spring,5,ITA301,3,CURRICULUM_ASSUMPTION
SE200817,2027_Spring,5,ITE302c,3,CURRICULUM_ASSUMPTION
SE200818,2027_Spring,5,IS_COM*1,3,CURRICULUM_ASSUMPTION
SE200818,2027_Spring,5,ISM302,3,CURRICULUM_ASSUMPTION
SE200818,2027_Spring,5,ISP392,3,CURRICULUM_ASSUMPTION
SE200818,2027_Spring,5,ITA301,3,CURRICULUM_ASSUMPTION
SE200818,2027_Spring,5,ITE302c,3,CURRICULUM_ASSUMPTION
SE200819,2027_Spring,5,IS_COM*1,3,CURRICULUM_ASSUMPTION
SE200819,2027_Spring,5,ISM302,3,CURRICULUM_ASSUMPTION
SE200819,2027_Spring,5,ISP392,3,CURRICULUM_ASSUMPTION
SE200819,2027_Spring,5,ITA301,3,CURRICULUM_ASSUMPTION
SE200819,2027_Spring,5,ITE302c,3,CURRICULUM_ASSUMPTION
SE200820,2027_Spring,5,IS_COM*1,3,CURRICULUM_ASSUMPTION
SE200820,2027_Spring,5,ISM302,3,CURRICULUM_ASSUMPTION
SE200820,2027_Spring,5,ISP392,3,CURRICULUM_ASSUMPTION
SE200820,2027_Spring,5,ITA301,3,CURRICULUM_ASSUMPTION
SE200820,2027_Spring,5,ITE302c,3,CURRICULUM_ASSUMPTION
SE200821,2027_Spring,5,IS_COM*1,3,CURRICULUM_ASSUMPTION
SE200821,2027_Spring,5,ISM302,3,CURRICULUM_ASSUMPTION
SE200821,2027_Spring,5,ISP392,3,CURRICULUM_ASSUMPTION
SE200821,2027_Spring,5,ITA301,3,CURRICULUM_ASSUMPTION
SE200821,2027_Spring,5,ITE302c,3,CURRICULUM_ASSUMPTION
SE200822,2027_Spring,5,IS_COM*1,3,CURRICULUM_ASSUMPTION
SE200822,2027_Spring,5,ISM302,3,CURRICULUM_ASSUMPTION
SE200822,2027_Spring,5,ISP392,3,CURRICULUM_ASSUMPTION
SE200822,2027_Spring,5,ITA301,3,CURRICULUM_ASSUMPTION
SE200822,2027_Spring,5,ITE302c,3,CURRICULUM_ASSUMPTION
SE200823,2027_Spring,5,IS_COM*1,3,CURRICULUM_ASSUMPTION
SE200823,2027_Spring,5,ISM302,3,CURRICULUM_ASSUMPTION
SE200823,2027_Spring,5,ISP392,3,CURRICULUM_ASSUMPTION
SE200823,2027_Spring,5,ITA301,3,CURRICULUM_ASSUMPTION
SE200823,2027_Spring,5,ITE302c,3,CURRICULUM_ASSUMPTION
SE200824,2027_Spring,5,IS_COM*1,3,CURRICULUM_ASSUMPTION
SE200824,2027_Spring,5,ISM302,3,CURRICULUM_ASSUMPTION
SE200824,2027_Spring,5,ISP392,3,CURRICULUM_ASSUMPTION
SE200824,2027_Spring,5,ITA301,3,CURRICULUM_ASSUMPTION
SE200824,2027_Spring,5,ITE302c,3,CURRICULUM_ASSUMPTION
SE200825,2027_Spring,5,IS_COM*1,3,CURRICULUM_ASSUMPTION
SE200825,2027_Spring,5,ISM302,3,CURRICULUM_ASSUMPTION
SE200825,2027_Spring,5,ISP392,3,CURRICULUM_ASSUMPTION
SE200825,2027_Spring,5,ITA301,3,CURRICULUM_ASSUMPTION
SE200825,2027_Spring,5,ITE302c,3,CURRICULUM_ASSUMPTION
SE200826,2027_Spring,5,IS_COM*1,3,CURRICULUM_ASSUMPTION
SE200826,2027_Spring,5,ISM302,3,CURRICULUM_ASSUMPTION
SE200826,2027_Spring,5,ISP392,3,CURRICULUM_ASSUMPTION
SE200826,2027_Spring,5,ITA301,3,CURRICULUM_ASSUMPTION
SE200826,2027_Spring,5,ITE302c,3,CURRICULUM_ASSUMPTION
SE200827,2027_Spring,5,IS_COM*1,3,CURRICULUM_ASSUMPTION
SE200827,2027_Spring,5,ISM302,3,CURRICULUM_ASSUMPTION
SE200827,2027_Spring,5,ISP392,3,CURRICULUM_ASSUMPTION
SE200827,2027_Spring,5,ITA301,3,CURRICULUM_ASSUMPTION
SE200827,2027_Spring,5,ITE302c,3,CURRICULUM_ASSUMPTION
SE200828,2027_Spring,5,IS_COM*1,3,CURRICULUM_ASSUMPTION
SE200828,2027_Spring,5,ISM302,3,CURRICULUM_ASSUMPTION
SE200828,2027_Spring,5,ISP392,3,CURRICULUM_ASSUMPTION
SE200828,2027_Spring,5,ITA301,3,CURRICULUM_ASSUMPTION
SE200828,2027_Spring,5,ITE302c,3,CURRICULUM_ASSUMPTION
SE200829,2027_Spring,5,IS_COM*1,3,CURRICULUM_ASSUMPTION
SE200829,2027_Spring,5,ISM302,3,CURRICULUM_ASSUMPTION
SE200829,2027_Spring,5,ISP392,3,CURRICULUM_ASSUMPTION
SE200829,2027_Spring,5,ITA301,3,CURRICULUM_ASSUMPTION
SE200829,2027_Spring,5,ITE302c,3,CURRICULUM_ASSUMPTION
SE200830,2027_Spring,5,IS_COM*1,3,CURRICULUM_ASSUMPTION
SE200830,2027_Spring,5,ISM302,3,CURRICULUM_ASSUMPTION
SE200830,2027_Spring,5,ISP392,3,CURRICULUM_ASSUMPTION
SE200830,2027_Spring,5,ITA301,3,CURRICULUM_ASSUMPTION
SE200830,2027_Spring,5,ITE302c,3,CURRICULUM_ASSUMPTION
SE200831,2027_Spring,5,IS_COM*1,3,CURRICULUM_ASSUMPTION
SE200831,2027_Spring,5,ISM302,3,CURRICULUM_ASSUMPTION
SE200831,2027_Spring,5,ISP392,3,CURRICULUM_ASSUMPTION
SE200831,2027_Spring,5,ITA301,3,CURRICULUM_ASSUMPTION
SE200831,2027_Spring,5,ITE302c,3,CURRICULUM_ASSUMPTION
SE200832,2027_Spring,5,IS_COM*1,3,CURRICULUM_ASSUMPTION
SE200832,2027_Spring,5,ISM302,3,CURRICULUM_ASSUMPTION
SE200832,2027_Spring,5,ISP392,3,CURRICULUM_ASSUMPTION
SE200832,2027_Spring,5,ITA301,3,CURRICULUM_ASSUMPTION
SE200832,2027_Spring,5,ITE302c,3,CURRICULUM_ASSUMPTION
SE200833,2027_Spring,5,IS_COM*1,3,CURRICULUM_ASSUMPTION
SE200833,2027_Spring,5,ISM302,3,CURRICULUM_ASSUMPTION
SE200833,2027_Spring,5,ISP392,3,CURRICULUM_ASSUMPTION
SE200833,2027_Spring,5,ITA301,3,CURRICULUM_ASSUMPTION
SE200833,2027_Spring,5,ITE302c,3,CURRICULUM_ASSUMPTION
SE200834,2027_Spring,5,IS_COM*1,3,CURRICULUM_ASSUMPTION
SE200834,2027_Spring,5,ISM302,3,CURRICULUM_ASSUMPTION
SE200834,2027_Spring,5,ISP392,3,CURRICULUM_ASSUMPTION
SE200834,2027_Spring,5,ITA301,3,CURRICULUM_ASSUMPTION
SE200834,2027_Spring,5,ITE302c,3,CURRICULUM_ASSUMPTION
SE200835,2027_Spring,5,IS_COM*1,3,CURRICULUM_ASSUMPTION
SE200835,2027_Spring,5,ISM302,3,CURRICULUM_ASSUMPTION
SE200835,2027_Spring,5,ISP392,3,CURRICULUM_ASSUMPTION
SE200835,2027_Spring,5,ITA301,3,CURRICULUM_ASSUMPTION
SE200835,2027_Spring,5,ITE302c,3,CURRICULUM_ASSUMPTION
SE200836,2027_Spring,5,IS_COM*1,3,CURRICULUM_ASSUMPTION
SE200836,2027_Spring,5,ISM302,3,CURRICULUM_ASSUMPTION
SE200836,2027_Spring,5,ISP392,3,CURRICULUM_ASSUMPTION
SE200836,2027_Spring,5,ITA301,3,CURRICULUM_ASSUMPTION
SE200836,2027_Spring,5,ITE302c,3,CURRICULUM_ASSUMPTION
SE200837,2027_Spring,5,IS_COM*1,3,CURRICULUM_ASSUMPTION
SE200837,2027_Spring,5,ISM302,3,CURRICULUM_ASSUMPTION
SE200837,2027_Spring,5,ISP392,3,CURRICULUM_ASSUMPTION
SE200837,2027_Spring,5,ITA301,3,CURRICULUM_ASSUMPTION
SE200837,2027_Spring,5,ITE302c,3,CURRICULUM_ASSUMPTION
SE200838,2027_Spring,5,IS_COM*1,3,CURRICULUM_ASSUMPTION
SE200838,2027_Spring,5,ISM302,3,CURRICULUM_ASSUMPTION
SE200838,2027_Spring,5,ISP392,3,CURRICULUM_ASSUMPTION
SE200838,2027_Spring,5,ITA301,3,CURRICULUM_ASSUMPTION
SE200838,2027_Spring,5,ITE302c,3,CURRICULUM_ASSUMPTION
SE200839,2027_Spring,5,IS_COM*1,3,CURRICULUM_ASSUMPTION
SE200839,2027_Spring,5,ISM302,3,CURRICULUM_ASSUMPTION
SE200839,2027_Spring,5,ISP392,3,CURRICULUM_ASSUMPTION
SE200839,2027_Spring,5,ITA301,3,CURRICULUM_ASSUMPTION
SE200839,2027_Spring,5,ITE302c,3,CURRICULUM_ASSUMPTION
SE200840,2027_Spring,5,IS_COM*1,3,CURRICULUM_ASSUMPTION
SE200840,2027_Spring,5,ISM302,3,CURRICULUM_ASSUMPTION
SE200840,2027_Spring,5,ISP392,3,CURRICULUM_ASSUMPTION
SE200840,2027_Spring,5,ITA301,3,CURRICULUM_ASSUMPTION
SE200840,2027_Spring,5,ITE302c,3,CURRICULUM_ASSUMPTION
SE200841,2027_Spring,5,IS_COM*1,3,CURRICULUM_ASSUMPTION
SE200841,2027_Spring,5,ISM302,3,CURRICULUM_ASSUMPTION
SE200841,2027_Spring,5,ISP392,3,CURRICULUM_ASSUMPTION
SE200841,2027_Spring,5,ITA301,3,CURRICULUM_ASSUMPTION
SE200841,2027_Spring,5,ITE302c,3,CURRICULUM_ASSUMPTION
SE200842,2027_Spring,5,IS_COM*1,3,CURRICULUM_ASSUMPTION
SE200842,2027_Spring,5,ISM302,3,CURRICULUM_ASSUMPTION
SE200842,2027_Spring,5,ISP392,3,CURRICULUM_ASSUMPTION
SE200842,2027_Spring,5,ITA301,3,CURRICULUM_ASSUMPTION
SE200842,2027_Spring,5,ITE302c,3,CURRICULUM_ASSUMPTION
SE200843,2027_Spring,5,IS_COM*1,3,CURRICULUM_ASSUMPTION
SE200843,2027_Spring,5,ISM302,3,CURRICULUM_ASSUMPTION
SE200843,2027_Spring,5,ISP392,3,CURRICULUM_ASSUMPTION
SE200843,2027_Spring,5,ITA301,3,CURRICULUM_ASSUMPTION
SE200843,2027_Spring,5,ITE302c,3,CURRICULUM_ASSUMPTION
SE200844,2027_Spring,5,IS_COM*1,3,CURRICULUM_ASSUMPTION
SE200844,2027_Spring,5,ISM302,3,CURRICULUM_ASSUMPTION
SE200844,2027_Spring,5,ISP392,3,CURRICULUM_ASSUMPTION
SE200844,2027_Spring,5,ITA301,3,CURRICULUM_ASSUMPTION
SE200844,2027_Spring,5,ITE302c,3,CURRICULUM_ASSUMPTION
SE200845,2027_Spring,5,IS_COM*1,3,CURRICULUM_ASSUMPTION
SE200845,2027_Spring,5,ISM302,3,CURRICULUM_ASSUMPTION
SE200845,2027_Spring,5,ISP392,3,CURRICULUM_ASSUMPTION
SE200845,2027_Spring,5,ITA301,3,CURRICULUM_ASSUMPTION
SE200845,2027_Spring,5,ITE302c,3,CURRICULUM_ASSUMPTION
SE200846,2027_Spring,5,IS_COM*1,3,CURRICULUM_ASSUMPTION
SE200846,2027_Spring,5,ISM302,3,CURRICULUM_ASSUMPTION
SE200846,2027_Spring,5,ISP392,3,CURRICULUM_ASSUMPTION
SE200846,2027_Spring,5,ITA301,3,CURRICULUM_ASSUMPTION
SE200846,2027_Spring,5,ITE302c,3,CURRICULUM_ASSUMPTION
SE200847,2027_Spring,5,IS_COM*1,3,CURRICULUM_ASSUMPTION
SE200847,2027_Spring,5,ISM302,3,CURRICULUM_ASSUMPTION
SE200847,2027_Spring,5,ISP392,3,CURRICULUM_ASSUMPTION
SE200847,2027_Spring,5,ITA301,3,CURRICULUM_ASSUMPTION
SE200847,2027_Spring,5,ITE302c,3,CURRICULUM_ASSUMPTION
SE200848,2027_Spring,5,IS_COM*1,3,CURRICULUM_ASSUMPTION
SE200848,2027_Spring,5,ISM302,3,CURRICULUM_ASSUMPTION
SE200848,2027_Spring,5,ISP392,3,CURRICULUM_ASSUMPTION
SE200848,2027_Spring,5,ITA301,3,CURRICULUM_ASSUMPTION
SE200848,2027_Spring,5,ITE302c,3,CURRICULUM_ASSUMPTION
SE200849,2027_Spring,5,IS_COM*1,3,CURRICULUM_ASSUMPTION
SE200849,2027_Spring,5,ISM302,3,CURRICULUM_ASSUMPTION
SE200849,2027_Spring,5,ISP392,3,CURRICULUM_ASSUMPTION
SE200849,2027_Spring,5,ITA301,3,CURRICULUM_ASSUMPTION
SE200849,2027_Spring,5,ITE302c,3,CURRICULUM_ASSUMPTION
SE200850,2027_Spring,5,IS_COM*1,3,CURRICULUM_ASSUMPTION
SE200850,2027_Spring,5,ISM302,3,CURRICULUM_ASSUMPTION
SE200850,2027_Spring,5,ISP392,3,CURRICULUM_ASSUMPTION
SE200850,2027_Spring,5,ITA301,3,CURRICULUM_ASSUMPTION
SE200850,2027_Spring,5,ITE302c,3,CURRICULUM_ASSUMPTION
SE200851,2027_Spring,5,IS_COM*1,3,CURRICULUM_ASSUMPTION
SE200851,2027_Spring,5,ISM302,3,CURRICULUM_ASSUMPTION
SE200851,2027_Spring,5,ISP392,3,CURRICULUM_ASSUMPTION
SE200851,2027_Spring,5,ITA301,3,CURRICULUM_ASSUMPTION
SE200851,2027_Spring,5,ITE302c,3,CURRICULUM_ASSUMPTION
SE200852,2027_Spring,5,IS_COM*1,3,CURRICULUM_ASSUMPTION
SE200852,2027_Spring,5,ISM302,3,CURRICULUM_ASSUMPTION
SE200852,2027_Spring,5,ISP392,3,CURRICULUM_ASSUMPTION
SE200852,2027_Spring,5,ITA301,3,CURRICULUM_ASSUMPTION
SE200852,2027_Spring,5,ITE302c,3,CURRICULUM_ASSUMPTION
SE200853,2027_Spring,5,IS_COM*1,3,CURRICULUM_ASSUMPTION
SE200853,2027_Spring,5,ISM302,3,CURRICULUM_ASSUMPTION
SE200853,2027_Spring,5,ISP392,3,CURRICULUM_ASSUMPTION
SE200853,2027_Spring,5,ITA301,3,CURRICULUM_ASSUMPTION
SE200853,2027_Spring,5,ITE302c,3,CURRICULUM_ASSUMPTION
SE200854,2027_Spring,5,IS_COM*1,3,CURRICULUM_ASSUMPTION
SE200854,2027_Spring,5,ISM302,3,CURRICULUM_ASSUMPTION
SE200854,2027_Spring,5,ISP392,3,CURRICULUM_ASSUMPTION
SE200854,2027_Spring,5,ITA301,3,CURRICULUM_ASSUMPTION
SE200854,2027_Spring,5,ITE302c,3,CURRICULUM_ASSUMPTION
SE200855,2027_Spring,5,IS_COM*1,3,CURRICULUM_ASSUMPTION
SE200855,2027_Spring,5,ISM302,3,CURRICULUM_ASSUMPTION
SE200855,2027_Spring,5,ISP392,3,CURRICULUM_ASSUMPTION
SE200855,2027_Spring,5,ITA301,3,CURRICULUM_ASSUMPTION
SE200855,2027_Spring,5,ITE302c,3,CURRICULUM_ASSUMPTION
SE200856,2027_Spring,5,IS_COM*1,3,CURRICULUM_ASSUMPTION
SE200856,2027_Spring,5,ISM302,3,CURRICULUM_ASSUMPTION
SE200856,2027_Spring,5,ISP392,3,CURRICULUM_ASSUMPTION
SE200856,2027_Spring,5,ITA301,3,CURRICULUM_ASSUMPTION
SE200856,2027_Spring,5,ITE302c,3,CURRICULUM_ASSUMPTION
SE200857,2027_Spring,5,IS_COM*1,3,CURRICULUM_ASSUMPTION
SE200857,2027_Spring,5,ISM302,3,CURRICULUM_ASSUMPTION
SE200857,2027_Spring,5,ISP392,3,CURRICULUM_ASSUMPTION
SE200857,2027_Spring,5,ITA301,3,CURRICULUM_ASSUMPTION
SE200857,2027_Spring,5,ITE302c,3,CURRICULUM_ASSUMPTION
SE200858,2027_Spring,5,IS_COM*1,3,CURRICULUM_ASSUMPTION
SE200858,2027_Spring,5,ISM302,3,CURRICULUM_ASSUMPTION
SE200858,2027_Spring,5,ISP392,3,CURRICULUM_ASSUMPTION
SE200858,2027_Spring,5,ITA301,3,CURRICULUM_ASSUMPTION
SE200858,2027_Spring,5,ITE302c,3,CURRICULUM_ASSUMPTION
SE200859,2027_Spring,5,IS_COM*1,3,CURRICULUM_ASSUMPTION
SE200859,2027_Spring,5,ISM302,3,CURRICULUM_ASSUMPTION
SE200859,2027_Spring,5,ISP392,3,CURRICULUM_ASSUMPTION
SE200859,2027_Spring,5,ITA301,3,CURRICULUM_ASSUMPTION
SE200859,2027_Spring,5,ITE302c,3,CURRICULUM_ASSUMPTION
SE200860,2027_Spring,5,IS_COM*1,3,CURRICULUM_ASSUMPTION
SE200860,2027_Spring,5,ISM302,3,CURRICULUM_ASSUMPTION
SE200860,2027_Spring,5,ISP392,3,CURRICULUM_ASSUMPTION
SE200860,2027_Spring,5,ITA301,3,CURRICULUM_ASSUMPTION
SE200860,2027_Spring,5,ITE302c,3,CURRICULUM_ASSUMPTION
SE200861,2027_Spring,5,IS_COM*1,3,CURRICULUM_ASSUMPTION
SE200861,2027_Spring,5,ISM302,3,CURRICULUM_ASSUMPTION
SE200861,2027_Spring,5,ISP392,3,CURRICULUM_ASSUMPTION
SE200861,2027_Spring,5,ITA301,3,CURRICULUM_ASSUMPTION
SE200861,2027_Spring,5,ITE302c,3,CURRICULUM_ASSUMPTION
SE200862,2027_Spring,5,IS_COM*1,3,CURRICULUM_ASSUMPTION
SE200862,2027_Spring,5,ISM302,3,CURRICULUM_ASSUMPTION
SE200862,2027_Spring,5,ISP392,3,CURRICULUM_ASSUMPTION
SE200862,2027_Spring,5,ITA301,3,CURRICULUM_ASSUMPTION
SE200862,2027_Spring,5,ITE302c,3,CURRICULUM_ASSUMPTION
SE200863,2027_Spring,5,IS_COM*1,3,CURRICULUM_ASSUMPTION
SE200863,2027_Spring,5,ISM302,3,CURRICULUM_ASSUMPTION
SE200863,2027_Spring,5,ISP392,3,CURRICULUM_ASSUMPTION
SE200863,2027_Spring,5,ITA301,3,CURRICULUM_ASSUMPTION
SE200863,2027_Spring,5,ITE302c,3,CURRICULUM_ASSUMPTION
SE200864,2027_Spring,5,IS_COM*1,3,CURRICULUM_ASSUMPTION
SE200864,2027_Spring,5,ISM302,3,CURRICULUM_ASSUMPTION
SE200864,2027_Spring,5,ISP392,3,CURRICULUM_ASSUMPTION
SE200864,2027_Spring,5,ITA301,3,CURRICULUM_ASSUMPTION
SE200864,2027_Spring,5,ITE302c,3,CURRICULUM_ASSUMPTION
SE200865,2027_Spring,5,IS_COM*1,3,CURRICULUM_ASSUMPTION
SE200865,2027_Spring,5,ISM302,3,CURRICULUM_ASSUMPTION
SE200865,2027_Spring,5,ISP392,3,CURRICULUM_ASSUMPTION
SE200865,2027_Spring,5,ITA301,3,CURRICULUM_ASSUMPTION
SE200865,2027_Spring,5,ITE302c,3,CURRICULUM_ASSUMPTION
SE200866,2027_Spring,5,IS_COM*1,3,CURRICULUM_ASSUMPTION
SE200866,2027_Spring,5,ISM302,3,CURRICULUM_ASSUMPTION
SE200866,2027_Spring,5,ISP392,3,CURRICULUM_ASSUMPTION
SE200866,2027_Spring,5,ITA301,3,CURRICULUM_ASSUMPTION
SE200866,2027_Spring,5,ITE302c,3,CURRICULUM_ASSUMPTION
SE200867,2027_Spring,5,IS_COM*1,3,CURRICULUM_ASSUMPTION
SE200867,2027_Spring,5,ISM302,3,CURRICULUM_ASSUMPTION
SE200867,2027_Spring,5,ISP392,3,CURRICULUM_ASSUMPTION
SE200867,2027_Spring,5,ITA301,3,CURRICULUM_ASSUMPTION
SE200867,2027_Spring,5,ITE302c,3,CURRICULUM_ASSUMPTION
SE200868,2027_Spring,5,IS_COM*1,3,CURRICULUM_ASSUMPTION
SE200868,2027_Spring,5,ISM302,3,CURRICULUM_ASSUMPTION
SE200868,2027_Spring,5,ISP392,3,CURRICULUM_ASSUMPTION
SE200868,2027_Spring,5,ITA301,3,CURRICULUM_ASSUMPTION
SE200868,2027_Spring,5,ITE302c,3,CURRICULUM_ASSUMPTION
SE200869,2027_Spring,5,IS_COM*1,3,CURRICULUM_ASSUMPTION
SE200869,2027_Spring,5,ISM302,3,CURRICULUM_ASSUMPTION
SE200869,2027_Spring,5,ISP392,3,CURRICULUM_ASSUMPTION
SE200869,2027_Spring,5,ITA301,3,CURRICULUM_ASSUMPTION
SE200869,2027_Spring,5,ITE302c,3,CURRICULUM_ASSUMPTION
SE200870,2027_Spring,5,IS_COM*1,3,CURRICULUM_ASSUMPTION
SE200870,2027_Spring,5,ISM302,3,CURRICULUM_ASSUMPTION
SE200870,2027_Spring,5,ISP392,3,CURRICULUM_ASSUMPTION
SE200870,2027_Spring,5,ITA301,3,CURRICULUM_ASSUMPTION
SE200870,2027_Spring,5,ITE302c,3,CURRICULUM_ASSUMPTION
SE200871,2027_Spring,5,IS_COM*1,3,CURRICULUM_ASSUMPTION
SE200871,2027_Spring,5,ISM302,3,CURRICULUM_ASSUMPTION
SE200871,2027_Spring,5,ISP392,3,CURRICULUM_ASSUMPTION
SE200871,2027_Spring,5,ITA301,3,CURRICULUM_ASSUMPTION
SE200871,2027_Spring,5,ITE302c,3,CURRICULUM_ASSUMPTION
SE200872,2027_Spring,5,IS_COM*1,3,CURRICULUM_ASSUMPTION
SE200872,2027_Spring,5,ISM302,3,CURRICULUM_ASSUMPTION
SE200872,2027_Spring,5,ISP392,3,CURRICULUM_ASSUMPTION
SE200872,2027_Spring,5,ITA301,3,CURRICULUM_ASSUMPTION
SE200872,2027_Spring,5,ITE302c,3,CURRICULUM_ASSUMPTION
SE200873,2027_Spring,5,IS_COM*1,3,CURRICULUM_ASSUMPTION
SE200873,2027_Spring,5,ISM302,3,CURRICULUM_ASSUMPTION
SE200873,2027_Spring,5,ISP392,3,CURRICULUM_ASSUMPTION
SE200873,2027_Spring,5,ITA301,3,CURRICULUM_ASSUMPTION
SE200873,2027_Spring,5,ITE302c,3,CURRICULUM_ASSUMPTION
SE200874,2027_Spring,5,IS_COM*1,3,CURRICULUM_ASSUMPTION
SE200874,2027_Spring,5,ISM302,3,CURRICULUM_ASSUMPTION
SE200874,2027_Spring,5,ISP392,3,CURRICULUM_ASSUMPTION
SE200874,2027_Spring,5,ITA301,3,CURRICULUM_ASSUMPTION
SE200874,2027_Spring,5,ITE302c,3,CURRICULUM_ASSUMPTION
SE200875,2027_Spring,5,IS_COM*1,3,CURRICULUM_ASSUMPTION
SE200875,2027_Spring,5,ISM302,3,CURRICULUM_ASSUMPTION
SE200875,2027_Spring,5,ISP392,3,CURRICULUM_ASSUMPTION
SE200875,2027_Spring,5,ITA301,3,CURRICULUM_ASSUMPTION
SE200875,2027_Spring,5,ITE302c,3,CURRICULUM_ASSUMPTION
SE200876,2027_Spring,5,IS_COM*1,3,CURRICULUM_ASSUMPTION
SE200876,2027_Spring,5,ISM302,3,CURRICULUM_ASSUMPTION
SE200876,2027_Spring,5,ISP392,3,CURRICULUM_ASSUMPTION
SE200876,2027_Spring,5,ITA301,3,CURRICULUM_ASSUMPTION
SE200876,2027_Spring,5,ITE302c,3,CURRICULUM_ASSUMPTION
SE200877,2027_Spring,5,IS_COM*1,3,CURRICULUM_ASSUMPTION
SE200877,2027_Spring,5,ISM302,3,CURRICULUM_ASSUMPTION
SE200877,2027_Spring,5,ISP392,3,CURRICULUM_ASSUMPTION
SE200877,2027_Spring,5,ITA301,3,CURRICULUM_ASSUMPTION
SE200877,2027_Spring,5,ITE302c,3,CURRICULUM_ASSUMPTION
SE200878,2027_Spring,5,IS_COM*1,3,CURRICULUM_ASSUMPTION
SE200878,2027_Spring,5,ISM302,3,CURRICULUM_ASSUMPTION
SE200878,2027_Spring,5,ISP392,3,CURRICULUM_ASSUMPTION
SE200878,2027_Spring,5,ITA301,3,CURRICULUM_ASSUMPTION
SE200878,2027_Spring,5,ITE302c,3,CURRICULUM_ASSUMPTION
SE200879,2027_Spring,5,IS_COM*1,3,CURRICULUM_ASSUMPTION
SE200879,2027_Spring,5,ISM302,3,CURRICULUM_ASSUMPTION
SE200879,2027_Spring,5,ISP392,3,CURRICULUM_ASSUMPTION
SE200879,2027_Spring,5,ITA301,3,CURRICULUM_ASSUMPTION
SE200879,2027_Spring,5,ITE302c,3,CURRICULUM_ASSUMPTION
SE200880,2027_Spring,5,IS_COM*1,3,CURRICULUM_ASSUMPTION
SE200880,2027_Spring,5,ISM302,3,CURRICULUM_ASSUMPTION
SE200880,2027_Spring,5,ISP392,3,CURRICULUM_ASSUMPTION
SE200880,2027_Spring,5,ITA301,3,CURRICULUM_ASSUMPTION
SE200880,2027_Spring,5,ITE302c,3,CURRICULUM_ASSUMPTION
SE200881,2027_Spring,5,IS_COM*1,3,CURRICULUM_ASSUMPTION
SE200881,2027_Spring,5,ISM302,3,CURRICULUM_ASSUMPTION
SE200881,2027_Spring,5,ISP392,3,CURRICULUM_ASSUMPTION
SE200881,2027_Spring,5,ITA301,3,CURRICULUM_ASSUMPTION
SE200881,2027_Spring,5,ITE302c,3,CURRICULUM_ASSUMPTION
SE200882,2027_Spring,5,IS_COM*1,3,CURRICULUM_ASSUMPTION
SE200882,2027_Spring,5,ISM302,3,CURRICULUM_ASSUMPTION
SE200882,2027_Spring,5,ISP392,3,CURRICULUM_ASSUMPTION
SE200882,2027_Spring,5,ITA301,3,CURRICULUM_ASSUMPTION
SE200882,2027_Spring,5,ITE302c,3,CURRICULUM_ASSUMPTION
SE200883,2027_Spring,5,IS_COM*1,3,CURRICULUM_ASSUMPTION
SE200883,2027_Spring,5,ISM302,3,CURRICULUM_ASSUMPTION
SE200883,2027_Spring,5,ISP392,3,CURRICULUM_ASSUMPTION
SE200883,2027_Spring,5,ITA301,3,CURRICULUM_ASSUMPTION
SE200883,2027_Spring,5,ITE302c,3,CURRICULUM_ASSUMPTION
SE200884,2027_Spring,5,IS_COM*1,3,CURRICULUM_ASSUMPTION
SE200884,2027_Spring,5,ISM302,3,CURRICULUM_ASSUMPTION
SE200884,2027_Spring,5,ISP392,3,CURRICULUM_ASSUMPTION
SE200884,2027_Spring,5,ITA301,3,CURRICULUM_ASSUMPTION
SE200884,2027_Spring,5,ITE302c,3,CURRICULUM_ASSUMPTION
SE200885,2027_Spring,5,IS_COM*1,3,CURRICULUM_ASSUMPTION
SE200885,2027_Spring,5,ISM302,3,CURRICULUM_ASSUMPTION
SE200885,2027_Spring,5,ISP392,3,CURRICULUM_ASSUMPTION
SE200885,2027_Spring,5,ITA301,3,CURRICULUM_ASSUMPTION
SE200885,2027_Spring,5,ITE302c,3,CURRICULUM_ASSUMPTION
SE200886,2027_Spring,5,IS_COM*1,3,CURRICULUM_ASSUMPTION
SE200886,2027_Spring,5,ISM302,3,CURRICULUM_ASSUMPTION
SE200886,2027_Spring,5,ISP392,3,CURRICULUM_ASSUMPTION
SE200886,2027_Spring,5,ITA301,3,CURRICULUM_ASSUMPTION
SE200886,2027_Spring,5,ITE302c,3,CURRICULUM_ASSUMPTION
SE200887,2027_Spring,5,IS_COM*1,3,CURRICULUM_ASSUMPTION
SE200887,2027_Spring,5,ISM302,3,CURRICULUM_ASSUMPTION
SE200887,2027_Spring,5,ISP392,3,CURRICULUM_ASSUMPTION
SE200887,2027_Spring,5,ITA301,3,CURRICULUM_ASSUMPTION
SE200887,2027_Spring,5,ITE302c,3,CURRICULUM_ASSUMPTION
SE200888,2027_Spring,5,IS_COM*1,3,CURRICULUM_ASSUMPTION
SE200888,2027_Spring,5,ISM302,3,CURRICULUM_ASSUMPTION
SE200888,2027_Spring,5,ISP392,3,CURRICULUM_ASSUMPTION
SE200888,2027_Spring,5,ITA301,3,CURRICULUM_ASSUMPTION
SE200888,2027_Spring,5,ITE302c,3,CURRICULUM_ASSUMPTION
SE200889,2027_Spring,5,IS_COM*1,3,CURRICULUM_ASSUMPTION
SE200889,2027_Spring,5,ISM302,3,CURRICULUM_ASSUMPTION
SE200889,2027_Spring,5,ISP392,3,CURRICULUM_ASSUMPTION
SE200889,2027_Spring,5,ITA301,3,CURRICULUM_ASSUMPTION
SE200889,2027_Spring,5,ITE302c,3,CURRICULUM_ASSUMPTION
SE200890,2027_Spring,5,IS_COM*1,3,CURRICULUM_ASSUMPTION
SE200890,2027_Spring,5,ISM302,3,CURRICULUM_ASSUMPTION
SE200890,2027_Spring,5,ISP392,3,CURRICULUM_ASSUMPTION
SE200890,2027_Spring,5,ITA301,3,CURRICULUM_ASSUMPTION
SE200890,2027_Spring,5,ITE302c,3,CURRICULUM_ASSUMPTION
SE200891,2027_Spring,5,IS_COM*1,3,CURRICULUM_ASSUMPTION
SE200891,2027_Spring,5,ISM302,3,CURRICULUM_ASSUMPTION
SE200891,2027_Spring,5,ISP392,3,CURRICULUM_ASSUMPTION
SE200891,2027_Spring,5,ITA301,3,CURRICULUM_ASSUMPTION
SE200891,2027_Spring,5,ITE302c,3,CURRICULUM_ASSUMPTION
SE200892,2027_Spring,5,IS_COM*1,3,CURRICULUM_ASSUMPTION
SE200892,2027_Spring,5,ISM302,3,CURRICULUM_ASSUMPTION
SE200892,2027_Spring,5,ISP392,3,CURRICULUM_ASSUMPTION
SE200892,2027_Spring,5,ITA301,3,CURRICULUM_ASSUMPTION
SE200892,2027_Spring,5,ITE302c,3,CURRICULUM_ASSUMPTION
SE200893,2027_Spring,5,IS_COM*1,3,CURRICULUM_ASSUMPTION
SE200893,2027_Spring,5,ISM302,3,CURRICULUM_ASSUMPTION
SE200893,2027_Spring,5,ISP392,3,CURRICULUM_ASSUMPTION
SE200893,2027_Spring,5,ITA301,3,CURRICULUM_ASSUMPTION
SE200893,2027_Spring,5,ITE302c,3,CURRICULUM_ASSUMPTION
SE200894,2027_Spring,5,IS_COM*1,3,CURRICULUM_ASSUMPTION
SE200894,2027_Spring,5,ISM302,3,CURRICULUM_ASSUMPTION
SE200894,2027_Spring,5,ISP392,3,CURRICULUM_ASSUMPTION
SE200894,2027_Spring,5,ITA301,3,CURRICULUM_ASSUMPTION
SE200894,2027_Spring,5,ITE302c,3,CURRICULUM_ASSUMPTION
SE200895,2027_Spring,5,IS_COM*1,3,CURRICULUM_ASSUMPTION
SE200895,2027_Spring,5,ISM302,3,CURRICULUM_ASSUMPTION
SE200895,2027_Spring,5,ISP392,3,CURRICULUM_ASSUMPTION
SE200895,2027_Spring,5,ITA301,3,CURRICULUM_ASSUMPTION
SE200895,2027_Spring,5,ITE302c,3,CURRICULUM_ASSUMPTION
SE200896,2027_Spring,5,IS_COM*1,3,CURRICULUM_ASSUMPTION
SE200896,2027_Spring,5,ISM302,3,CURRICULUM_ASSUMPTION
SE200896,2027_Spring,5,ISP392,3,CURRICULUM_ASSUMPTION
SE200896,2027_Spring,5,ITA301,3,CURRICULUM_ASSUMPTION
SE200896,2027_Spring,5,ITE302c,3,CURRICULUM_ASSUMPTION
SE200897,2027_Spring,5,IS_COM*1,3,CURRICULUM_ASSUMPTION
SE200897,2027_Spring,5,ISM302,3,CURRICULUM_ASSUMPTION
SE200897,2027_Spring,5,ISP392,3,CURRICULUM_ASSUMPTION
SE200897,2027_Spring,5,ITA301,3,CURRICULUM_ASSUMPTION
SE200897,2027_Spring,5,ITE302c,3,CURRICULUM_ASSUMPTION
SE200898,2027_Spring,5,IS_COM*1,3,CURRICULUM_ASSUMPTION
SE200898,2027_Spring,5,ISM302,3,CURRICULUM_ASSUMPTION
SE200898,2027_Spring,5,ISP392,3,CURRICULUM_ASSUMPTION
SE200898,2027_Spring,5,ITA301,3,CURRICULUM_ASSUMPTION
SE200898,2027_Spring,5,ITE302c,3,CURRICULUM_ASSUMPTION
SE200899,2027_Spring,5,IS_COM*1,3,CURRICULUM_ASSUMPTION
SE200899,2027_Spring,5,ISM302,3,CURRICULUM_ASSUMPTION
SE200899,2027_Spring,5,ISP392,3,CURRICULUM_ASSUMPTION
SE200899,2027_Spring,5,ITA301,3,CURRICULUM_ASSUMPTION
SE200899,2027_Spring,5,ITE302c,3,CURRICULUM_ASSUMPTION
SE200900,2027_Spring,5,IS_COM*1,3,CURRICULUM_ASSUMPTION
SE200900,2027_Spring,5,ISM302,3,CURRICULUM_ASSUMPTION
SE200900,2027_Spring,5,ISP392,3,CURRICULUM_ASSUMPTION
SE200900,2027_Spring,5,ITA301,3,CURRICULUM_ASSUMPTION
SE200900,2027_Spring,5,ITE302c,3,CURRICULUM_ASSUMPTION
SE200901,2027_Spring,5,IS_COM*1,3,CURRICULUM_ASSUMPTION
SE200901,2027_Spring,5,ISM302,3,CURRICULUM_ASSUMPTION
SE200901,2027_Spring,5,ISP392,3,CURRICULUM_ASSUMPTION
SE200901,2027_Spring,5,ITA301,3,CURRICULUM_ASSUMPTION
SE200901,2027_Spring,5,ITE302c,3,CURRICULUM_ASSUMPTION
SE200902,2027_Spring,5,IS_COM*1,3,CURRICULUM_ASSUMPTION
SE200902,2027_Spring,5,ISM302,3,CURRICULUM_ASSUMPTION
SE200902,2027_Spring,5,ISP392,3,CURRICULUM_ASSUMPTION
SE200902,2027_Spring,5,ITA301,3,CURRICULUM_ASSUMPTION
SE200902,2027_Spring,5,ITE302c,3,CURRICULUM_ASSUMPTION
SE200903,2027_Spring,5,IS_COM*1,3,CURRICULUM_ASSUMPTION
SE200903,2027_Spring,5,ISM302,3,CURRICULUM_ASSUMPTION
SE200903,2027_Spring,5,ISP392,3,CURRICULUM_ASSUMPTION
SE200903,2027_Spring,5,ITA301,3,CURRICULUM_ASSUMPTION
SE200903,2027_Spring,5,ITE302c,3,CURRICULUM_ASSUMPTION
SE200904,2027_Spring,5,IS_COM*1,3,CURRICULUM_ASSUMPTION
SE200904,2027_Spring,5,ISM302,3,CURRICULUM_ASSUMPTION
SE200904,2027_Spring,5,ISP392,3,CURRICULUM_ASSUMPTION
SE200904,2027_Spring,5,ITA301,3,CURRICULUM_ASSUMPTION
SE200904,2027_Spring,5,ITE302c,3,CURRICULUM_ASSUMPTION
SE200905,2027_Spring,5,IS_COM*1,3,CURRICULUM_ASSUMPTION
SE200905,2027_Spring,5,ISM302,3,CURRICULUM_ASSUMPTION
SE200905,2027_Spring,5,ISP392,3,CURRICULUM_ASSUMPTION
SE200905,2027_Spring,5,ITA301,3,CURRICULUM_ASSUMPTION
SE200905,2027_Spring,5,ITE302c,3,CURRICULUM_ASSUMPTION
SE200906,2027_Spring,5,IS_COM*1,3,CURRICULUM_ASSUMPTION
SE200906,2027_Spring,5,ISM302,3,CURRICULUM_ASSUMPTION
SE200906,2027_Spring,5,ISP392,3,CURRICULUM_ASSUMPTION
SE200906,2027_Spring,5,ITA301,3,CURRICULUM_ASSUMPTION
SE200906,2027_Spring,5,ITE302c,3,CURRICULUM_ASSUMPTION
SE200907,2027_Spring,5,IS_COM*1,3,CURRICULUM_ASSUMPTION
SE200907,2027_Spring,5,ISM302,3,CURRICULUM_ASSUMPTION
SE200907,2027_Spring,5,ISP392,3,CURRICULUM_ASSUMPTION
SE200907,2027_Spring,5,ITA301,3,CURRICULUM_ASSUMPTION
SE200907,2027_Spring,5,ITE302c,3,CURRICULUM_ASSUMPTION
SE200908,2027_Spring,5,IS_COM*1,3,CURRICULUM_ASSUMPTION
SE200908,2027_Spring,5,ISM302,3,CURRICULUM_ASSUMPTION
SE200908,2027_Spring,5,ISP392,3,CURRICULUM_ASSUMPTION
SE200908,2027_Spring,5,ITA301,3,CURRICULUM_ASSUMPTION
SE200908,2027_Spring,5,ITE302c,3,CURRICULUM_ASSUMPTION
SE200909,2027_Spring,5,IS_COM*1,3,CURRICULUM_ASSUMPTION
SE200909,2027_Spring,5,ISM302,3,CURRICULUM_ASSUMPTION
SE200909,2027_Spring,5,ISP392,3,CURRICULUM_ASSUMPTION
SE200909,2027_Spring,5,ITA301,3,CURRICULUM_ASSUMPTION
SE200909,2027_Spring,5,ITE302c,3,CURRICULUM_ASSUMPTION
SE200910,2027_Spring,5,IS_COM*1,3,CURRICULUM_ASSUMPTION
SE200910,2027_Spring,5,ISM302,3,CURRICULUM_ASSUMPTION
SE200910,2027_Spring,5,ISP392,3,CURRICULUM_ASSUMPTION
SE200910,2027_Spring,5,ITA301,3,CURRICULUM_ASSUMPTION
SE200910,2027_Spring,5,ITE302c,3,CURRICULUM_ASSUMPTION
SE200911,2027_Spring,5,IS_COM*1,3,CURRICULUM_ASSUMPTION
SE200911,2027_Spring,5,ISM302,3,CURRICULUM_ASSUMPTION
SE200911,2027_Spring,5,ISP392,3,CURRICULUM_ASSUMPTION
SE200911,2027_Spring,5,ITA301,3,CURRICULUM_ASSUMPTION
SE200911,2027_Spring,5,ITE302c,3,CURRICULUM_ASSUMPTION
SE200912,2027_Spring,5,IS_COM*1,3,CURRICULUM_ASSUMPTION
SE200912,2027_Spring,5,ISM302,3,CURRICULUM_ASSUMPTION
SE200912,2027_Spring,5,ISP392,3,CURRICULUM_ASSUMPTION
SE200912,2027_Spring,5,ITA301,3,CURRICULUM_ASSUMPTION
SE200912,2027_Spring,5,ITE302c,3,CURRICULUM_ASSUMPTION
SE200913,2027_Spring,5,IS_COM*1,3,CURRICULUM_ASSUMPTION
SE200913,2027_Spring,5,ISM302,3,CURRICULUM_ASSUMPTION
SE200913,2027_Spring,5,ISP392,3,CURRICULUM_ASSUMPTION
SE200913,2027_Spring,5,ITA301,3,CURRICULUM_ASSUMPTION
SE200913,2027_Spring,5,ITE302c,3,CURRICULUM_ASSUMPTION
SE200914,2027_Spring,5,IS_COM*1,3,CURRICULUM_ASSUMPTION
SE200914,2027_Spring,5,ISM302,3,CURRICULUM_ASSUMPTION
SE200914,2027_Spring,5,ISP392,3,CURRICULUM_ASSUMPTION
SE200914,2027_Spring,5,ITA301,3,CURRICULUM_ASSUMPTION
SE200914,2027_Spring,5,ITE302c,3,CURRICULUM_ASSUMPTION
SE200915,2027_Spring,5,IS_COM*1,3,CURRICULUM_ASSUMPTION
SE200915,2027_Spring,5,ISM302,3,CURRICULUM_ASSUMPTION
SE200915,2027_Spring,5,ISP392,3,CURRICULUM_ASSUMPTION
SE200915,2027_Spring,5,ITA301,3,CURRICULUM_ASSUMPTION
SE200915,2027_Spring,5,ITE302c,3,CURRICULUM_ASSUMPTION
SE200916,2027_Spring,5,IS_COM*1,3,CURRICULUM_ASSUMPTION
SE200916,2027_Spring,5,ISM302,3,CURRICULUM_ASSUMPTION
SE200916,2027_Spring,5,ISP392,3,CURRICULUM_ASSUMPTION
SE200916,2027_Spring,5,ITA301,3,CURRICULUM_ASSUMPTION
SE200916,2027_Spring,5,ITE302c,3,CURRICULUM_ASSUMPTION
SE200917,2027_Spring,5,IS_COM*1,3,CURRICULUM_ASSUMPTION
SE200917,2027_Spring,5,ISM302,3,CURRICULUM_ASSUMPTION
SE200917,2027_Spring,5,ISP392,3,CURRICULUM_ASSUMPTION
SE200917,2027_Spring,5,ITA301,3,CURRICULUM_ASSUMPTION
SE200917,2027_Spring,5,ITE302c,3,CURRICULUM_ASSUMPTION
SE200918,2027_Spring,5,IS_COM*1,3,CURRICULUM_ASSUMPTION
SE200918,2027_Spring,5,ISM302,3,CURRICULUM_ASSUMPTION
SE200918,2027_Spring,5,ISP392,3,CURRICULUM_ASSUMPTION
SE200918,2027_Spring,5,ITA301,3,CURRICULUM_ASSUMPTION
SE200918,2027_Spring,5,ITE302c,3,CURRICULUM_ASSUMPTION
SE200919,2027_Spring,5,IS_COM*1,3,CURRICULUM_ASSUMPTION
SE200919,2027_Spring,5,ISM302,3,CURRICULUM_ASSUMPTION
SE200919,2027_Spring,5,ISP392,3,CURRICULUM_ASSUMPTION
SE200919,2027_Spring,5,ITA301,3,CURRICULUM_ASSUMPTION
SE200919,2027_Spring,5,ITE302c,3,CURRICULUM_ASSUMPTION
SE200920,2027_Spring,5,IS_COM*1,3,CURRICULUM_ASSUMPTION
SE200920,2027_Spring,5,ISM302,3,CURRICULUM_ASSUMPTION
SE200920,2027_Spring,5,ISP392,3,CURRICULUM_ASSUMPTION
SE200920,2027_Spring,5,ITA301,3,CURRICULUM_ASSUMPTION
SE200920,2027_Spring,5,ITE302c,3,CURRICULUM_ASSUMPTION
SE200921,2027_Spring,5,IS_COM*1,3,CURRICULUM_ASSUMPTION
SE200921,2027_Spring,5,ISM302,3,CURRICULUM_ASSUMPTION
SE200921,2027_Spring,5,ISP392,3,CURRICULUM_ASSUMPTION
SE200921,2027_Spring,5,ITA301,3,CURRICULUM_ASSUMPTION
SE200921,2027_Spring,5,ITE302c,3,CURRICULUM_ASSUMPTION
SE200922,2027_Spring,5,IS_COM*1,3,CURRICULUM_ASSUMPTION
SE200922,2027_Spring,5,ISM302,3,CURRICULUM_ASSUMPTION
SE200922,2027_Spring,5,ISP392,3,CURRICULUM_ASSUMPTION
SE200922,2027_Spring,5,ITA301,3,CURRICULUM_ASSUMPTION
SE200922,2027_Spring,5,ITE302c,3,CURRICULUM_ASSUMPTION
SE200923,2027_Spring,5,IS_COM*1,3,CURRICULUM_ASSUMPTION
SE200923,2027_Spring,5,ISM302,3,CURRICULUM_ASSUMPTION
SE200923,2027_Spring,5,ISP392,3,CURRICULUM_ASSUMPTION
SE200923,2027_Spring,5,ITA301,3,CURRICULUM_ASSUMPTION
SE200923,2027_Spring,5,ITE302c,3,CURRICULUM_ASSUMPTION
SE200924,2027_Spring,5,IS_COM*1,3,CURRICULUM_ASSUMPTION
SE200924,2027_Spring,5,ISM302,3,CURRICULUM_ASSUMPTION
SE200924,2027_Spring,5,ISP392,3,CURRICULUM_ASSUMPTION
SE200924,2027_Spring,5,ITA301,3,CURRICULUM_ASSUMPTION
SE200924,2027_Spring,5,ITE302c,3,CURRICULUM_ASSUMPTION
SE200925,2027_Spring,5,IS_COM*1,3,CURRICULUM_ASSUMPTION
SE200925,2027_Spring,5,ISM302,3,CURRICULUM_ASSUMPTION
SE200925,2027_Spring,5,ISP392,3,CURRICULUM_ASSUMPTION
SE200925,2027_Spring,5,ITA301,3,CURRICULUM_ASSUMPTION
SE200925,2027_Spring,5,ITE302c,3,CURRICULUM_ASSUMPTION
SE200926,2027_Spring,5,IS_COM*1,3,CURRICULUM_ASSUMPTION
SE200926,2027_Spring,5,ISM302,3,CURRICULUM_ASSUMPTION
SE200926,2027_Spring,5,ISP392,3,CURRICULUM_ASSUMPTION
SE200926,2027_Spring,5,ITA301,3,CURRICULUM_ASSUMPTION
SE200926,2027_Spring,5,ITE302c,3,CURRICULUM_ASSUMPTION
SE200927,2027_Spring,5,IS_COM*1,3,CURRICULUM_ASSUMPTION
SE200927,2027_Spring,5,ISM302,3,CURRICULUM_ASSUMPTION
SE200927,2027_Spring,5,ISP392,3,CURRICULUM_ASSUMPTION
SE200927,2027_Spring,5,ITA301,3,CURRICULUM_ASSUMPTION
SE200927,2027_Spring,5,ITE302c,3,CURRICULUM_ASSUMPTION
SE200928,2027_Spring,5,IS_COM*1,3,CURRICULUM_ASSUMPTION
SE200928,2027_Spring,5,ISM302,3,CURRICULUM_ASSUMPTION
SE200928,2027_Spring,5,ISP392,3,CURRICULUM_ASSUMPTION
SE200928,2027_Spring,5,ITA301,3,CURRICULUM_ASSUMPTION
SE200928,2027_Spring,5,ITE302c,3,CURRICULUM_ASSUMPTION
SE200929,2027_Spring,5,IS_COM*1,3,CURRICULUM_ASSUMPTION
SE200929,2027_Spring,5,ISM302,3,CURRICULUM_ASSUMPTION
SE200929,2027_Spring,5,ISP392,3,CURRICULUM_ASSUMPTION
SE200929,2027_Spring,5,ITA301,3,CURRICULUM_ASSUMPTION
SE200929,2027_Spring,5,ITE302c,3,CURRICULUM_ASSUMPTION
SE200930,2027_Spring,5,IS_COM*1,3,CURRICULUM_ASSUMPTION
SE200930,2027_Spring,5,ISM302,3,CURRICULUM_ASSUMPTION
SE200930,2027_Spring,5,ISP392,3,CURRICULUM_ASSUMPTION
SE200930,2027_Spring,5,ITA301,3,CURRICULUM_ASSUMPTION
SE200930,2027_Spring,5,ITE302c,3,CURRICULUM_ASSUMPTION
SE200931,2027_Spring,5,IS_COM*1,3,CURRICULUM_ASSUMPTION
SE200931,2027_Spring,5,ISM302,3,CURRICULUM_ASSUMPTION
SE200931,2027_Spring,5,ISP392,3,CURRICULUM_ASSUMPTION
SE200931,2027_Spring,5,ITA301,3,CURRICULUM_ASSUMPTION
SE200931,2027_Spring,5,ITE302c,3,CURRICULUM_ASSUMPTION
SE200932,2027_Spring,5,IS_COM*1,3,CURRICULUM_ASSUMPTION
SE200932,2027_Spring,5,ISM302,3,CURRICULUM_ASSUMPTION
SE200932,2027_Spring,5,ISP392,3,CURRICULUM_ASSUMPTION
SE200932,2027_Spring,5,ITA301,3,CURRICULUM_ASSUMPTION
SE200932,2027_Spring,5,ITE302c,3,CURRICULUM_ASSUMPTION
SE200933,2027_Spring,5,IS_COM*1,3,CURRICULUM_ASSUMPTION
SE200933,2027_Spring,5,ISM302,3,CURRICULUM_ASSUMPTION
SE200933,2027_Spring,5,ISP392,3,CURRICULUM_ASSUMPTION
SE200933,2027_Spring,5,ITA301,3,CURRICULUM_ASSUMPTION
SE200933,2027_Spring,5,ITE302c,3,CURRICULUM_ASSUMPTION
SE200934,2027_Spring,5,IS_COM*1,3,CURRICULUM_ASSUMPTION
SE200934,2027_Spring,5,ISM302,3,CURRICULUM_ASSUMPTION
SE200934,2027_Spring,5,ISP392,3,CURRICULUM_ASSUMPTION
SE200934,2027_Spring,5,ITA301,3,CURRICULUM_ASSUMPTION
SE200934,2027_Spring,5,ITE302c,3,CURRICULUM_ASSUMPTION
SE200935,2027_Spring,5,IS_COM*1,3,CURRICULUM_ASSUMPTION
SE200935,2027_Spring,5,ISM302,3,CURRICULUM_ASSUMPTION
SE200935,2027_Spring,5,ISP392,3,CURRICULUM_ASSUMPTION
SE200935,2027_Spring,5,ITA301,3,CURRICULUM_ASSUMPTION
SE200935,2027_Spring,5,ITE302c,3,CURRICULUM_ASSUMPTION
SE200936,2027_Spring,5,IS_COM*1,3,CURRICULUM_ASSUMPTION
SE200936,2027_Spring,5,ISM302,3,CURRICULUM_ASSUMPTION
SE200936,2027_Spring,5,ISP392,3,CURRICULUM_ASSUMPTION
SE200936,2027_Spring,5,ITA301,3,CURRICULUM_ASSUMPTION
SE200936,2027_Spring,5,ITE302c,3,CURRICULUM_ASSUMPTION
SE200937,2027_Spring,5,IS_COM*1,3,CURRICULUM_ASSUMPTION
SE200937,2027_Spring,5,ISM302,3,CURRICULUM_ASSUMPTION
SE200937,2027_Spring,5,ISP392,3,CURRICULUM_ASSUMPTION
SE200937,2027_Spring,5,ITA301,3,CURRICULUM_ASSUMPTION
SE200937,2027_Spring,5,ITE302c,3,CURRICULUM_ASSUMPTION
SE200938,2027_Spring,5,IS_COM*1,3,CURRICULUM_ASSUMPTION
SE200938,2027_Spring,5,ISM302,3,CURRICULUM_ASSUMPTION
SE200938,2027_Spring,5,ISP392,3,CURRICULUM_ASSUMPTION
SE200938,2027_Spring,5,ITA301,3,CURRICULUM_ASSUMPTION
SE200938,2027_Spring,5,ITE302c,3,CURRICULUM_ASSUMPTION
SE200939,2027_Spring,5,IS_COM*1,3,CURRICULUM_ASSUMPTION
SE200939,2027_Spring,5,ISM302,3,CURRICULUM_ASSUMPTION
SE200939,2027_Spring,5,ISP392,3,CURRICULUM_ASSUMPTION
SE200939,2027_Spring,5,ITA301,3,CURRICULUM_ASSUMPTION
SE200939,2027_Spring,5,ITE302c,3,CURRICULUM_ASSUMPTION
SE200940,2027_Spring,5,IS_COM*1,3,CURRICULUM_ASSUMPTION
SE200940,2027_Spring,5,ISM302,3,CURRICULUM_ASSUMPTION
SE200940,2027_Spring,5,ISP392,3,CURRICULUM_ASSUMPTION
SE200940,2027_Spring,5,ITA301,3,CURRICULUM_ASSUMPTION
SE200940,2027_Spring,5,ITE302c,3,CURRICULUM_ASSUMPTION
SE200941,2027_Spring,5,IS_COM*1,3,CURRICULUM_ASSUMPTION
SE200941,2027_Spring,5,ISM302,3,CURRICULUM_ASSUMPTION
SE200941,2027_Spring,5,ISP392,3,CURRICULUM_ASSUMPTION
SE200941,2027_Spring,5,ITA301,3,CURRICULUM_ASSUMPTION
SE200941,2027_Spring,5,ITE302c,3,CURRICULUM_ASSUMPTION
SE200942,2027_Spring,5,IS_COM*1,3,CURRICULUM_ASSUMPTION
SE200942,2027_Spring,5,ISM302,3,CURRICULUM_ASSUMPTION
SE200942,2027_Spring,5,ISP392,3,CURRICULUM_ASSUMPTION
SE200942,2027_Spring,5,ITA301,3,CURRICULUM_ASSUMPTION
SE200942,2027_Spring,5,ITE302c,3,CURRICULUM_ASSUMPTION
SE200943,2027_Spring,5,IS_COM*1,3,CURRICULUM_ASSUMPTION
SE200943,2027_Spring,5,ISM302,3,CURRICULUM_ASSUMPTION
SE200943,2027_Spring,5,ISP392,3,CURRICULUM_ASSUMPTION
SE200943,2027_Spring,5,ITA301,3,CURRICULUM_ASSUMPTION
SE200943,2027_Spring,5,ITE302c,3,CURRICULUM_ASSUMPTION
SE200944,2027_Spring,5,IS_COM*1,3,CURRICULUM_ASSUMPTION
SE200944,2027_Spring,5,ISM302,3,CURRICULUM_ASSUMPTION
SE200944,2027_Spring,5,ISP392,3,CURRICULUM_ASSUMPTION
SE200944,2027_Spring,5,ITA301,3,CURRICULUM_ASSUMPTION
SE200944,2027_Spring,5,ITE302c,3,CURRICULUM_ASSUMPTION
SE200945,2027_Spring,5,IS_COM*1,3,CURRICULUM_ASSUMPTION
SE200945,2027_Spring,5,ISM302,3,CURRICULUM_ASSUMPTION
SE200945,2027_Spring,5,ISP392,3,CURRICULUM_ASSUMPTION
SE200945,2027_Spring,5,ITA301,3,CURRICULUM_ASSUMPTION
SE200945,2027_Spring,5,ITE302c,3,CURRICULUM_ASSUMPTION
SE200946,2027_Spring,5,IS_COM*1,3,CURRICULUM_ASSUMPTION
SE200946,2027_Spring,5,ISM302,3,CURRICULUM_ASSUMPTION
SE200946,2027_Spring,5,ISP392,3,CURRICULUM_ASSUMPTION
SE200946,2027_Spring,5,ITA301,3,CURRICULUM_ASSUMPTION
SE200946,2027_Spring,5,ITE302c,3,CURRICULUM_ASSUMPTION
SE200947,2027_Spring,5,IS_COM*1,3,CURRICULUM_ASSUMPTION
SE200947,2027_Spring,5,ISM302,3,CURRICULUM_ASSUMPTION
SE200947,2027_Spring,5,ISP392,3,CURRICULUM_ASSUMPTION
SE200947,2027_Spring,5,ITA301,3,CURRICULUM_ASSUMPTION
SE200947,2027_Spring,5,ITE302c,3,CURRICULUM_ASSUMPTION
SE200948,2027_Spring,5,IS_COM*1,3,CURRICULUM_ASSUMPTION
SE200948,2027_Spring,5,ISM302,3,CURRICULUM_ASSUMPTION
SE200948,2027_Spring,5,ISP392,3,CURRICULUM_ASSUMPTION
SE200948,2027_Spring,5,ITA301,3,CURRICULUM_ASSUMPTION
SE200948,2027_Spring,5,ITE302c,3,CURRICULUM_ASSUMPTION
SE200949,2027_Spring,5,IS_COM*1,3,CURRICULUM_ASSUMPTION
SE200949,2027_Spring,5,ISM302,3,CURRICULUM_ASSUMPTION
SE200949,2027_Spring,5,ISP392,3,CURRICULUM_ASSUMPTION
SE200949,2027_Spring,5,ITA301,3,CURRICULUM_ASSUMPTION
SE200949,2027_Spring,5,ITE302c,3,CURRICULUM_ASSUMPTION
SE200950,2027_Spring,5,IS_COM*1,3,CURRICULUM_ASSUMPTION
SE200950,2027_Spring,5,ISM302,3,CURRICULUM_ASSUMPTION
SE200950,2027_Spring,5,ISP392,3,CURRICULUM_ASSUMPTION
SE200950,2027_Spring,5,ITA301,3,CURRICULUM_ASSUMPTION
SE200950,2027_Spring,5,ITE302c,3,CURRICULUM_ASSUMPTION
SE200951,2027_Spring,5,IS_COM*1,3,CURRICULUM_ASSUMPTION
SE200951,2027_Spring,5,ISM302,3,CURRICULUM_ASSUMPTION
SE200951,2027_Spring,5,ISP392,3,CURRICULUM_ASSUMPTION
SE200951,2027_Spring,5,ITA301,3,CURRICULUM_ASSUMPTION
SE200951,2027_Spring,5,ITE302c,3,CURRICULUM_ASSUMPTION
SE200952,2027_Spring,5,IS_COM*1,3,CURRICULUM_ASSUMPTION
SE200952,2027_Spring,5,ISM302,3,CURRICULUM_ASSUMPTION
SE200952,2027_Spring,5,ISP392,3,CURRICULUM_ASSUMPTION
SE200952,2027_Spring,5,ITA301,3,CURRICULUM_ASSUMPTION
SE200952,2027_Spring,5,ITE302c,3,CURRICULUM_ASSUMPTION
SE200953,2027_Spring,5,IS_COM*1,3,CURRICULUM_ASSUMPTION
SE200953,2027_Spring,5,ISM302,3,CURRICULUM_ASSUMPTION
SE200953,2027_Spring,5,ISP392,3,CURRICULUM_ASSUMPTION
SE200953,2027_Spring,5,ITA301,3,CURRICULUM_ASSUMPTION
SE200953,2027_Spring,5,ITE302c,3,CURRICULUM_ASSUMPTION
SE200954,2027_Spring,5,IS_COM*1,3,CURRICULUM_ASSUMPTION
SE200954,2027_Spring,5,ISM302,3,CURRICULUM_ASSUMPTION
SE200954,2027_Spring,5,ISP392,3,CURRICULUM_ASSUMPTION
SE200954,2027_Spring,5,ITA301,3,CURRICULUM_ASSUMPTION
SE200954,2027_Spring,5,ITE302c,3,CURRICULUM_ASSUMPTION
SE200955,2027_Spring,5,IS_COM*1,3,CURRICULUM_ASSUMPTION
SE200955,2027_Spring,5,ISM302,3,CURRICULUM_ASSUMPTION
SE200955,2027_Spring,5,ISP392,3,CURRICULUM_ASSUMPTION
SE200955,2027_Spring,5,ITA301,3,CURRICULUM_ASSUMPTION
SE200955,2027_Spring,5,ITE302c,3,CURRICULUM_ASSUMPTION
SE200956,2027_Spring,5,IS_COM*1,3,CURRICULUM_ASSUMPTION
SE200956,2027_Spring,5,ISM302,3,CURRICULUM_ASSUMPTION
SE200956,2027_Spring,5,ISP392,3,CURRICULUM_ASSUMPTION
SE200956,2027_Spring,5,ITA301,3,CURRICULUM_ASSUMPTION
SE200956,2027_Spring,5,ITE302c,3,CURRICULUM_ASSUMPTION
SE200957,2027_Spring,5,IS_COM*1,3,CURRICULUM_ASSUMPTION
SE200957,2027_Spring,5,ISM302,3,CURRICULUM_ASSUMPTION
SE200957,2027_Spring,5,ISP392,3,CURRICULUM_ASSUMPTION
SE200957,2027_Spring,5,ITA301,3,CURRICULUM_ASSUMPTION
SE200957,2027_Spring,5,ITE302c,3,CURRICULUM_ASSUMPTION
SE200958,2027_Spring,5,IS_COM*1,3,CURRICULUM_ASSUMPTION
SE200958,2027_Spring,5,ISM302,3,CURRICULUM_ASSUMPTION
SE200958,2027_Spring,5,ISP392,3,CURRICULUM_ASSUMPTION
SE200958,2027_Spring,5,ITA301,3,CURRICULUM_ASSUMPTION
SE200958,2027_Spring,5,ITE302c,3,CURRICULUM_ASSUMPTION
SE200959,2027_Spring,5,IS_COM*1,3,CURRICULUM_ASSUMPTION
SE200959,2027_Spring,5,ISM302,3,CURRICULUM_ASSUMPTION
SE200959,2027_Spring,5,ISP392,3,CURRICULUM_ASSUMPTION
SE200959,2027_Spring,5,ITA301,3,CURRICULUM_ASSUMPTION
SE200959,2027_Spring,5,ITE302c,3,CURRICULUM_ASSUMPTION
SE200960,2027_Spring,5,IS_COM*1,3,CURRICULUM_ASSUMPTION
SE200960,2027_Spring,5,ISM302,3,CURRICULUM_ASSUMPTION
SE200960,2027_Spring,5,ISP392,3,CURRICULUM_ASSUMPTION
SE200960,2027_Spring,5,ITA301,3,CURRICULUM_ASSUMPTION
SE200960,2027_Spring,5,ITE302c,3,CURRICULUM_ASSUMPTION
SE200961,2027_Spring,5,IS_COM*1,3,CURRICULUM_ASSUMPTION
SE200961,2027_Spring,5,ISM302,3,CURRICULUM_ASSUMPTION
SE200961,2027_Spring,5,ISP392,3,CURRICULUM_ASSUMPTION
SE200961,2027_Spring,5,ITA301,3,CURRICULUM_ASSUMPTION
SE200961,2027_Spring,5,ITE302c,3,CURRICULUM_ASSUMPTION
SE200962,2027_Spring,5,IS_COM*1,3,CURRICULUM_ASSUMPTION
SE200962,2027_Spring,5,ISM302,3,CURRICULUM_ASSUMPTION
SE200962,2027_Spring,5,ISP392,3,CURRICULUM_ASSUMPTION
SE200962,2027_Spring,5,ITA301,3,CURRICULUM_ASSUMPTION
SE200962,2027_Spring,5,ITE302c,3,CURRICULUM_ASSUMPTION
SE200963,2027_Spring,5,IS_COM*1,3,CURRICULUM_ASSUMPTION
SE200963,2027_Spring,5,ISM302,3,CURRICULUM_ASSUMPTION
SE200963,2027_Spring,5,ISP392,3,CURRICULUM_ASSUMPTION
SE200963,2027_Spring,5,ITA301,3,CURRICULUM_ASSUMPTION
SE200963,2027_Spring,5,ITE302c,3,CURRICULUM_ASSUMPTION
SE200964,2027_Spring,5,IS_COM*1,3,CURRICULUM_ASSUMPTION
SE200964,2027_Spring,5,ISM302,3,CURRICULUM_ASSUMPTION
SE200964,2027_Spring,5,ISP392,3,CURRICULUM_ASSUMPTION
SE200964,2027_Spring,5,ITA301,3,CURRICULUM_ASSUMPTION
SE200964,2027_Spring,5,ITE302c,3,CURRICULUM_ASSUMPTION
SE200965,2027_Spring,5,IS_COM*1,3,CURRICULUM_ASSUMPTION
SE200965,2027_Spring,5,ISM302,3,CURRICULUM_ASSUMPTION
SE200965,2027_Spring,5,ISP392,3,CURRICULUM_ASSUMPTION
SE200965,2027_Spring,5,ITA301,3,CURRICULUM_ASSUMPTION
SE200965,2027_Spring,5,ITE302c,3,CURRICULUM_ASSUMPTION
SE200966,2027_Spring,5,IS_COM*1,3,CURRICULUM_ASSUMPTION
SE200966,2027_Spring,5,ISM302,3,CURRICULUM_ASSUMPTION
SE200966,2027_Spring,5,ISP392,3,CURRICULUM_ASSUMPTION
SE200966,2027_Spring,5,ITA301,3,CURRICULUM_ASSUMPTION
SE200966,2027_Spring,5,ITE302c,3,CURRICULUM_ASSUMPTION
SE200967,2027_Spring,5,IS_COM*1,3,CURRICULUM_ASSUMPTION
SE200967,2027_Spring,5,ISM302,3,CURRICULUM_ASSUMPTION
SE200967,2027_Spring,5,ISP392,3,CURRICULUM_ASSUMPTION
SE200967,2027_Spring,5,ITA301,3,CURRICULUM_ASSUMPTION
SE200967,2027_Spring,5,ITE302c,3,CURRICULUM_ASSUMPTION
SE200968,2027_Spring,5,IS_COM*1,3,CURRICULUM_ASSUMPTION
SE200968,2027_Spring,5,ISM302,3,CURRICULUM_ASSUMPTION
SE200968,2027_Spring,5,ISP392,3,CURRICULUM_ASSUMPTION
SE200968,2027_Spring,5,ITA301,3,CURRICULUM_ASSUMPTION
SE200968,2027_Spring,5,ITE302c,3,CURRICULUM_ASSUMPTION
SE200969,2027_Spring,5,IS_COM*1,3,CURRICULUM_ASSUMPTION
SE200969,2027_Spring,5,ISM302,3,CURRICULUM_ASSUMPTION
SE200969,2027_Spring,5,ISP392,3,CURRICULUM_ASSUMPTION
SE200969,2027_Spring,5,ITA301,3,CURRICULUM_ASSUMPTION
SE200969,2027_Spring,5,ITE302c,3,CURRICULUM_ASSUMPTION
SE200970,2027_Spring,5,IS_COM*1,3,CURRICULUM_ASSUMPTION
SE200970,2027_Spring,5,ISM302,3,CURRICULUM_ASSUMPTION
SE200970,2027_Spring,5,ISP392,3,CURRICULUM_ASSUMPTION
SE200970,2027_Spring,5,ITA301,3,CURRICULUM_ASSUMPTION
SE200970,2027_Spring,5,ITE302c,3,CURRICULUM_ASSUMPTION
SE200971,2027_Spring,5,IS_COM*1,3,CURRICULUM_ASSUMPTION
SE200971,2027_Spring,5,ISM302,3,CURRICULUM_ASSUMPTION
SE200971,2027_Spring,5,ISP392,3,CURRICULUM_ASSUMPTION
SE200971,2027_Spring,5,ITA301,3,CURRICULUM_ASSUMPTION
SE200971,2027_Spring,5,ITE302c,3,CURRICULUM_ASSUMPTION
SE200972,2027_Spring,5,IS_COM*1,3,CURRICULUM_ASSUMPTION
SE200972,2027_Spring,5,ISM302,3,CURRICULUM_ASSUMPTION
SE200972,2027_Spring,5,ISP392,3,CURRICULUM_ASSUMPTION
SE200972,2027_Spring,5,ITA301,3,CURRICULUM_ASSUMPTION
SE200972,2027_Spring,5,ITE302c,3,CURRICULUM_ASSUMPTION
SE200973,2027_Spring,5,IS_COM*1,3,CURRICULUM_ASSUMPTION
SE200973,2027_Spring,5,ISM302,3,CURRICULUM_ASSUMPTION
SE200973,2027_Spring,5,ISP392,3,CURRICULUM_ASSUMPTION
SE200973,2027_Spring,5,ITA301,3,CURRICULUM_ASSUMPTION
SE200973,2027_Spring,5,ITE302c,3,CURRICULUM_ASSUMPTION
SE200974,2027_Spring,5,IS_COM*1,3,CURRICULUM_ASSUMPTION
SE200974,2027_Spring,5,ISM302,3,CURRICULUM_ASSUMPTION
SE200974,2027_Spring,5,ISP392,3,CURRICULUM_ASSUMPTION
SE200974,2027_Spring,5,ITA301,3,CURRICULUM_ASSUMPTION
SE200974,2027_Spring,5,ITE302c,3,CURRICULUM_ASSUMPTION
SE200975,2027_Spring,5,IS_COM*1,3,CURRICULUM_ASSUMPTION
SE200975,2027_Spring,5,ISM302,3,CURRICULUM_ASSUMPTION
SE200975,2027_Spring,5,ISP392,3,CURRICULUM_ASSUMPTION
SE200975,2027_Spring,5,ITA301,3,CURRICULUM_ASSUMPTION
SE200975,2027_Spring,5,ITE302c,3,CURRICULUM_ASSUMPTION
SE200976,2027_Spring,5,IS_COM*1,3,CURRICULUM_ASSUMPTION
SE200976,2027_Spring,5,ISM302,3,CURRICULUM_ASSUMPTION
SE200976,2027_Spring,5,ISP392,3,CURRICULUM_ASSUMPTION
SE200976,2027_Spring,5,ITA301,3,CURRICULUM_ASSUMPTION
SE200976,2027_Spring,5,ITE302c,3,CURRICULUM_ASSUMPTION
SE200977,2027_Spring,5,IS_COM*1,3,CURRICULUM_ASSUMPTION
SE200977,2027_Spring,5,ISM302,3,CURRICULUM_ASSUMPTION
SE200977,2027_Spring,5,ISP392,3,CURRICULUM_ASSUMPTION
SE200977,2027_Spring,5,ITA301,3,CURRICULUM_ASSUMPTION
SE200977,2027_Spring,5,ITE302c,3,CURRICULUM_ASSUMPTION
SE200978,2027_Spring,5,IS_COM*1,3,CURRICULUM_ASSUMPTION
SE200978,2027_Spring,5,ISM302,3,CURRICULUM_ASSUMPTION
SE200978,2027_Spring,5,ISP392,3,CURRICULUM_ASSUMPTION
SE200978,2027_Spring,5,ITA301,3,CURRICULUM_ASSUMPTION
SE200978,2027_Spring,5,ITE302c,3,CURRICULUM_ASSUMPTION
SE200979,2027_Spring,5,IS_COM*1,3,CURRICULUM_ASSUMPTION
SE200979,2027_Spring,5,ISM302,3,CURRICULUM_ASSUMPTION
SE200979,2027_Spring,5,ISP392,3,CURRICULUM_ASSUMPTION
SE200979,2027_Spring,5,ITA301,3,CURRICULUM_ASSUMPTION
SE200979,2027_Spring,5,ITE302c,3,CURRICULUM_ASSUMPTION
SE200980,2027_Spring,5,IS_COM*1,3,CURRICULUM_ASSUMPTION
SE200980,2027_Spring,5,ISM302,3,CURRICULUM_ASSUMPTION
SE200980,2027_Spring,5,ISP392,3,CURRICULUM_ASSUMPTION
SE200980,2027_Spring,5,ITA301,3,CURRICULUM_ASSUMPTION
SE200980,2027_Spring,5,ITE302c,3,CURRICULUM_ASSUMPTION
SE200981,2027_Spring,5,IS_COM*1,3,CURRICULUM_ASSUMPTION
SE200981,2027_Spring,5,ISM302,3,CURRICULUM_ASSUMPTION
SE200981,2027_Spring,5,ISP392,3,CURRICULUM_ASSUMPTION
SE200981,2027_Spring,5,ITA301,3,CURRICULUM_ASSUMPTION
SE200981,2027_Spring,5,ITE302c,3,CURRICULUM_ASSUMPTION
SE200982,2027_Spring,5,IS_COM*1,3,CURRICULUM_ASSUMPTION
SE200982,2027_Spring,5,ISM302,3,CURRICULUM_ASSUMPTION
SE200982,2027_Spring,5,ISP392,3,CURRICULUM_ASSUMPTION
SE200982,2027_Spring,5,ITA301,3,CURRICULUM_ASSUMPTION
SE200982,2027_Spring,5,ITE302c,3,CURRICULUM_ASSUMPTION
SE200983,2027_Spring,5,IS_COM*1,3,CURRICULUM_ASSUMPTION
SE200983,2027_Spring,5,ISM302,3,CURRICULUM_ASSUMPTION
SE200983,2027_Spring,5,ISP392,3,CURRICULUM_ASSUMPTION
SE200983,2027_Spring,5,ITA301,3,CURRICULUM_ASSUMPTION
SE200983,2027_Spring,5,ITE302c,3,CURRICULUM_ASSUMPTION
SE200984,2027_Spring,5,IS_COM*1,3,CURRICULUM_ASSUMPTION
SE200984,2027_Spring,5,ISM302,3,CURRICULUM_ASSUMPTION
SE200984,2027_Spring,5,ISP392,3,CURRICULUM_ASSUMPTION
SE200984,2027_Spring,5,ITA301,3,CURRICULUM_ASSUMPTION
SE200984,2027_Spring,5,ITE302c,3,CURRICULUM_ASSUMPTION
SE200985,2027_Spring,5,IS_COM*1,3,CURRICULUM_ASSUMPTION
SE200985,2027_Spring,5,ISM302,3,CURRICULUM_ASSUMPTION
SE200985,2027_Spring,5,ISP392,3,CURRICULUM_ASSUMPTION
SE200985,2027_Spring,5,ITA301,3,CURRICULUM_ASSUMPTION
SE200985,2027_Spring,5,ITE302c,3,CURRICULUM_ASSUMPTION
SE200986,2027_Spring,5,IS_COM*1,3,CURRICULUM_ASSUMPTION
SE200986,2027_Spring,5,ISM302,3,CURRICULUM_ASSUMPTION
SE200986,2027_Spring,5,ISP392,3,CURRICULUM_ASSUMPTION
SE200986,2027_Spring,5,ITA301,3,CURRICULUM_ASSUMPTION
SE200986,2027_Spring,5,ITE302c,3,CURRICULUM_ASSUMPTION
SE200987,2027_Spring,5,IS_COM*1,3,CURRICULUM_ASSUMPTION
SE200987,2027_Spring,5,ISM302,3,CURRICULUM_ASSUMPTION
SE200987,2027_Spring,5,ISP392,3,CURRICULUM_ASSUMPTION
SE200987,2027_Spring,5,ITA301,3,CURRICULUM_ASSUMPTION
SE200987,2027_Spring,5,ITE302c,3,CURRICULUM_ASSUMPTION
SE200988,2027_Spring,5,IS_COM*1,3,CURRICULUM_ASSUMPTION
SE200988,2027_Spring,5,ISM302,3,CURRICULUM_ASSUMPTION
SE200988,2027_Spring,5,ISP392,3,CURRICULUM_ASSUMPTION
SE200988,2027_Spring,5,ITA301,3,CURRICULUM_ASSUMPTION
SE200988,2027_Spring,5,ITE302c,3,CURRICULUM_ASSUMPTION
SE200989,2027_Spring,5,IS_COM*1,3,CURRICULUM_ASSUMPTION
SE200989,2027_Spring,5,ISM302,3,CURRICULUM_ASSUMPTION
SE200989,2027_Spring,5,ISP392,3,CURRICULUM_ASSUMPTION
SE200989,2027_Spring,5,ITA301,3,CURRICULUM_ASSUMPTION
SE200989,2027_Spring,5,ITE302c,3,CURRICULUM_ASSUMPTION
SE200990,2027_Spring,5,IS_COM*1,3,CURRICULUM_ASSUMPTION
SE200990,2027_Spring,5,ISM302,3,CURRICULUM_ASSUMPTION
SE200990,2027_Spring,5,ISP392,3,CURRICULUM_ASSUMPTION
SE200990,2027_Spring,5,ITA301,3,CURRICULUM_ASSUMPTION
SE200990,2027_Spring,5,ITE302c,3,CURRICULUM_ASSUMPTION
SE200991,2027_Spring,5,IS_COM*1,3,CURRICULUM_ASSUMPTION
SE200991,2027_Spring,5,ISM302,3,CURRICULUM_ASSUMPTION
SE200991,2027_Spring,5,ISP392,3,CURRICULUM_ASSUMPTION
SE200991,2027_Spring,5,ITA301,3,CURRICULUM_ASSUMPTION
SE200991,2027_Spring,5,ITE302c,3,CURRICULUM_ASSUMPTION
SE200992,2027_Spring,5,IS_COM*1,3,CURRICULUM_ASSUMPTION
SE200992,2027_Spring,5,ISM302,3,CURRICULUM_ASSUMPTION
SE200992,2027_Spring,5,ISP392,3,CURRICULUM_ASSUMPTION
SE200992,2027_Spring,5,ITA301,3,CURRICULUM_ASSUMPTION
SE200992,2027_Spring,5,ITE302c,3,CURRICULUM_ASSUMPTION
SE200993,2027_Spring,5,IS_COM*1,3,CURRICULUM_ASSUMPTION
SE200993,2027_Spring,5,ISM302,3,CURRICULUM_ASSUMPTION
SE200993,2027_Spring,5,ISP392,3,CURRICULUM_ASSUMPTION
SE200993,2027_Spring,5,ITA301,3,CURRICULUM_ASSUMPTION
SE200993,2027_Spring,5,ITE302c,3,CURRICULUM_ASSUMPTION
SE200994,2027_Spring,5,IS_COM*1,3,CURRICULUM_ASSUMPTION
SE200994,2027_Spring,5,ISM302,3,CURRICULUM_ASSUMPTION
SE200994,2027_Spring,5,ISP392,3,CURRICULUM_ASSUMPTION
SE200994,2027_Spring,5,ITA301,3,CURRICULUM_ASSUMPTION
SE200994,2027_Spring,5,ITE302c,3,CURRICULUM_ASSUMPTION
SE200995,2027_Spring,5,IS_COM*1,3,CURRICULUM_ASSUMPTION
SE200995,2027_Spring,5,ISM302,3,CURRICULUM_ASSUMPTION
SE200995,2027_Spring,5,ISP392,3,CURRICULUM_ASSUMPTION
SE200995,2027_Spring,5,ITA301,3,CURRICULUM_ASSUMPTION
SE200995,2027_Spring,5,ITE302c,3,CURRICULUM_ASSUMPTION
SE200996,2027_Spring,5,IS_COM*1,3,CURRICULUM_ASSUMPTION
SE200996,2027_Spring,5,ISM302,3,CURRICULUM_ASSUMPTION
SE200996,2027_Spring,5,ISP392,3,CURRICULUM_ASSUMPTION
SE200996,2027_Spring,5,ITA301,3,CURRICULUM_ASSUMPTION
SE200996,2027_Spring,5,ITE302c,3,CURRICULUM_ASSUMPTION
SE200997,2027_Spring,5,IS_COM*1,3,CURRICULUM_ASSUMPTION
SE200997,2027_Spring,5,ISM302,3,CURRICULUM_ASSUMPTION
SE200997,2027_Spring,5,ISP392,3,CURRICULUM_ASSUMPTION
SE200997,2027_Spring,5,ITA301,3,CURRICULUM_ASSUMPTION
SE200997,2027_Spring,5,ITE302c,3,CURRICULUM_ASSUMPTION
SE200998,2027_Spring,5,IS_COM*1,3,CURRICULUM_ASSUMPTION
SE200998,2027_Spring,5,ISM302,3,CURRICULUM_ASSUMPTION
SE200998,2027_Spring,5,ISP392,3,CURRICULUM_ASSUMPTION
SE200998,2027_Spring,5,ITA301,3,CURRICULUM_ASSUMPTION
SE200998,2027_Spring,5,ITE302c,3,CURRICULUM_ASSUMPTION
SE200999,2027_Spring,5,IS_COM*1,3,CURRICULUM_ASSUMPTION
SE200999,2027_Spring,5,ISM302,3,CURRICULUM_ASSUMPTION
SE200999,2027_Spring,5,ISP392,3,CURRICULUM_ASSUMPTION
SE200999,2027_Spring,5,ITA301,3,CURRICULUM_ASSUMPTION
SE200999,2027_Spring,5,ITE302c,3,CURRICULUM_ASSUMPTION
SE201000,2027_Spring,5,IS_COM*1,3,CURRICULUM_ASSUMPTION
SE201000,2027_Spring,5,ISM302,3,CURRICULUM_ASSUMPTION
SE201000,2027_Spring,5,ISP392,3,CURRICULUM_ASSUMPTION
SE201000,2027_Spring,5,ITA301,3,CURRICULUM_ASSUMPTION
SE201000,2027_Spring,5,ITE302c,3,CURRICULUM_ASSUMPTION
SE201001,2027_Spring,5,IS_COM*1,3,CURRICULUM_ASSUMPTION
SE201001,2027_Spring,5,ISM302,3,CURRICULUM_ASSUMPTION
SE201001,2027_Spring,5,ISP392,3,CURRICULUM_ASSUMPTION
SE201001,2027_Spring,5,ITA301,3,CURRICULUM_ASSUMPTION
SE201001,2027_Spring,5,ITE302c,3,CURRICULUM_ASSUMPTION
SE201002,2027_Spring,5,IS_COM*1,3,CURRICULUM_ASSUMPTION
SE201002,2027_Spring,5,ISM302,3,CURRICULUM_ASSUMPTION
SE201002,2027_Spring,5,ISP392,3,CURRICULUM_ASSUMPTION
SE201002,2027_Spring,5,ITA301,3,CURRICULUM_ASSUMPTION
SE201002,2027_Spring,5,ITE302c,3,CURRICULUM_ASSUMPTION
SE201003,2027_Spring,5,IS_COM*1,3,CURRICULUM_ASSUMPTION
SE201003,2027_Spring,5,ISM302,3,CURRICULUM_ASSUMPTION
SE201003,2027_Spring,5,ISP392,3,CURRICULUM_ASSUMPTION
SE201003,2027_Spring,5,ITA301,3,CURRICULUM_ASSUMPTION
SE201003,2027_Spring,5,ITE302c,3,CURRICULUM_ASSUMPTION
SE201004,2027_Spring,5,IS_COM*1,3,CURRICULUM_ASSUMPTION
SE201004,2027_Spring,5,ISM302,3,CURRICULUM_ASSUMPTION
SE201004,2027_Spring,5,ISP392,3,CURRICULUM_ASSUMPTION
SE201004,2027_Spring,5,ITA301,3,CURRICULUM_ASSUMPTION
SE201004,2027_Spring,5,ITE302c,3,CURRICULUM_ASSUMPTION
SE201005,2027_Spring,5,IS_COM*1,3,CURRICULUM_ASSUMPTION
SE201005,2027_Spring,5,ISM302,3,CURRICULUM_ASSUMPTION
SE201005,2027_Spring,5,ISP392,3,CURRICULUM_ASSUMPTION
SE201005,2027_Spring,5,ITA301,3,CURRICULUM_ASSUMPTION
SE201005,2027_Spring,5,ITE302c,3,CURRICULUM_ASSUMPTION
SE201006,2027_Spring,5,IS_COM*1,3,CURRICULUM_ASSUMPTION
SE201006,2027_Spring,5,ISM302,3,CURRICULUM_ASSUMPTION
SE201006,2027_Spring,5,ISP392,3,CURRICULUM_ASSUMPTION
SE201006,2027_Spring,5,ITA301,3,CURRICULUM_ASSUMPTION
SE201006,2027_Spring,5,ITE302c,3,CURRICULUM_ASSUMPTION
SE201007,2027_Spring,5,IS_COM*1,3,CURRICULUM_ASSUMPTION
SE201007,2027_Spring,5,ISM302,3,CURRICULUM_ASSUMPTION
SE201007,2027_Spring,5,ISP392,3,CURRICULUM_ASSUMPTION
SE201007,2027_Spring,5,ITA301,3,CURRICULUM_ASSUMPTION
SE201007,2027_Spring,5,ITE302c,3,CURRICULUM_ASSUMPTION
SE201008,2027_Spring,5,IS_COM*1,3,CURRICULUM_ASSUMPTION
SE201008,2027_Spring,5,ISM302,3,CURRICULUM_ASSUMPTION
SE201008,2027_Spring,5,ISP392,3,CURRICULUM_ASSUMPTION
SE201008,2027_Spring,5,ITA301,3,CURRICULUM_ASSUMPTION
SE201008,2027_Spring,5,ITE302c,3,CURRICULUM_ASSUMPTION
SE201009,2027_Spring,5,IS_COM*1,3,CURRICULUM_ASSUMPTION
SE201009,2027_Spring,5,ISM302,3,CURRICULUM_ASSUMPTION
SE201009,2027_Spring,5,ISP392,3,CURRICULUM_ASSUMPTION
SE201009,2027_Spring,5,ITA301,3,CURRICULUM_ASSUMPTION
SE201009,2027_Spring,5,ITE302c,3,CURRICULUM_ASSUMPTION
SE201010,2027_Spring,5,IS_COM*1,3,CURRICULUM_ASSUMPTION
SE201010,2027_Spring,5,ISM302,3,CURRICULUM_ASSUMPTION
SE201010,2027_Spring,5,ISP392,3,CURRICULUM_ASSUMPTION
SE201010,2027_Spring,5,ITA301,3,CURRICULUM_ASSUMPTION
SE201010,2027_Spring,5,ITE302c,3,CURRICULUM_ASSUMPTION
SE201011,2027_Spring,5,IS_COM*1,3,CURRICULUM_ASSUMPTION
SE201011,2027_Spring,5,ISM302,3,CURRICULUM_ASSUMPTION
SE201011,2027_Spring,5,ISP392,3,CURRICULUM_ASSUMPTION
SE201011,2027_Spring,5,ITA301,3,CURRICULUM_ASSUMPTION
SE201011,2027_Spring,5,ITE302c,3,CURRICULUM_ASSUMPTION
SE201012,2027_Spring,5,IS_COM*1,3,CURRICULUM_ASSUMPTION
SE201012,2027_Spring,5,ISM302,3,CURRICULUM_ASSUMPTION
SE201012,2027_Spring,5,ISP392,3,CURRICULUM_ASSUMPTION
SE201012,2027_Spring,5,ITA301,3,CURRICULUM_ASSUMPTION
SE201012,2027_Spring,5,ITE302c,3,CURRICULUM_ASSUMPTION
SE201013,2027_Spring,5,IS_COM*1,3,CURRICULUM_ASSUMPTION
SE201013,2027_Spring,5,ISM302,3,CURRICULUM_ASSUMPTION
SE201013,2027_Spring,5,ISP392,3,CURRICULUM_ASSUMPTION
SE201013,2027_Spring,5,ITA301,3,CURRICULUM_ASSUMPTION
SE201013,2027_Spring,5,ITE302c,3,CURRICULUM_ASSUMPTION
SE201014,2027_Spring,5,IS_COM*1,3,CURRICULUM_ASSUMPTION
SE201014,2027_Spring,5,ISM302,3,CURRICULUM_ASSUMPTION
SE201014,2027_Spring,5,ISP392,3,CURRICULUM_ASSUMPTION
SE201014,2027_Spring,5,ITA301,3,CURRICULUM_ASSUMPTION
SE201014,2027_Spring,5,ITE302c,3,CURRICULUM_ASSUMPTION
SE201015,2027_Spring,5,IS_COM*1,3,CURRICULUM_ASSUMPTION
SE201015,2027_Spring,5,ISM302,3,CURRICULUM_ASSUMPTION
SE201015,2027_Spring,5,ISP392,3,CURRICULUM_ASSUMPTION
SE201015,2027_Spring,5,ITA301,3,CURRICULUM_ASSUMPTION
SE201015,2027_Spring,5,ITE302c,3,CURRICULUM_ASSUMPTION
SE201016,2027_Spring,5,IS_COM*1,3,CURRICULUM_ASSUMPTION
SE201016,2027_Spring,5,ISM302,3,CURRICULUM_ASSUMPTION
SE201016,2027_Spring,5,ISP392,3,CURRICULUM_ASSUMPTION
SE201016,2027_Spring,5,ITA301,3,CURRICULUM_ASSUMPTION
SE201016,2027_Spring,5,ITE302c,3,CURRICULUM_ASSUMPTION
SE201017,2027_Spring,5,IS_COM*1,3,CURRICULUM_ASSUMPTION
SE201017,2027_Spring,5,ISM302,3,CURRICULUM_ASSUMPTION
SE201017,2027_Spring,5,ISP392,3,CURRICULUM_ASSUMPTION
SE201017,2027_Spring,5,ITA301,3,CURRICULUM_ASSUMPTION
SE201017,2027_Spring,5,ITE302c,3,CURRICULUM_ASSUMPTION
SE201018,2027_Spring,5,IS_COM*1,3,CURRICULUM_ASSUMPTION
SE201018,2027_Spring,5,ISM302,3,CURRICULUM_ASSUMPTION
SE201018,2027_Spring,5,ISP392,3,CURRICULUM_ASSUMPTION
SE201018,2027_Spring,5,ITA301,3,CURRICULUM_ASSUMPTION
SE201018,2027_Spring,5,ITE302c,3,CURRICULUM_ASSUMPTION
SE201019,2027_Spring,5,IS_COM*1,3,CURRICULUM_ASSUMPTION
SE201019,2027_Spring,5,ISM302,3,CURRICULUM_ASSUMPTION
SE201019,2027_Spring,5,ISP392,3,CURRICULUM_ASSUMPTION
SE201019,2027_Spring,5,ITA301,3,CURRICULUM_ASSUMPTION
SE201019,2027_Spring,5,ITE302c,3,CURRICULUM_ASSUMPTION
SE201020,2027_Spring,5,IS_COM*1,3,CURRICULUM_ASSUMPTION
SE201020,2027_Spring,5,ISM302,3,CURRICULUM_ASSUMPTION
SE201020,2027_Spring,5,ISP392,3,CURRICULUM_ASSUMPTION
SE201020,2027_Spring,5,ITA301,3,CURRICULUM_ASSUMPTION
SE201020,2027_Spring,5,ITE302c,3,CURRICULUM_ASSUMPTION
SE201021,2027_Spring,5,IS_COM*1,3,CURRICULUM_ASSUMPTION
SE201021,2027_Spring,5,ISM302,3,CURRICULUM_ASSUMPTION
SE201021,2027_Spring,5,ISP392,3,CURRICULUM_ASSUMPTION
SE201021,2027_Spring,5,ITA301,3,CURRICULUM_ASSUMPTION
SE201021,2027_Spring,5,ITE302c,3,CURRICULUM_ASSUMPTION
SE201022,2027_Spring,5,IS_COM*1,3,CURRICULUM_ASSUMPTION
SE201022,2027_Spring,5,ISM302,3,CURRICULUM_ASSUMPTION
SE201022,2027_Spring,5,ISP392,3,CURRICULUM_ASSUMPTION
SE201022,2027_Spring,5,ITA301,3,CURRICULUM_ASSUMPTION
SE201022,2027_Spring,5,ITE302c,3,CURRICULUM_ASSUMPTION
SE201023,2027_Spring,5,IS_COM*1,3,CURRICULUM_ASSUMPTION
SE201023,2027_Spring,5,ISM302,3,CURRICULUM_ASSUMPTION
SE201023,2027_Spring,5,ISP392,3,CURRICULUM_ASSUMPTION
SE201023,2027_Spring,5,ITA301,3,CURRICULUM_ASSUMPTION
SE201023,2027_Spring,5,ITE302c,3,CURRICULUM_ASSUMPTION
SE201024,2027_Spring,5,IS_COM*1,3,CURRICULUM_ASSUMPTION
SE201024,2027_Spring,5,ISM302,3,CURRICULUM_ASSUMPTION
SE201024,2027_Spring,5,ISP392,3,CURRICULUM_ASSUMPTION
SE201024,2027_Spring,5,ITA301,3,CURRICULUM_ASSUMPTION
SE201024,2027_Spring,5,ITE302c,3,CURRICULUM_ASSUMPTION
SE201025,2027_Spring,5,IS_COM*1,3,CURRICULUM_ASSUMPTION
SE201025,2027_Spring,5,ISM302,3,CURRICULUM_ASSUMPTION
SE201025,2027_Spring,5,ISP392,3,CURRICULUM_ASSUMPTION
SE201025,2027_Spring,5,ITA301,3,CURRICULUM_ASSUMPTION
SE201025,2027_Spring,5,ITE302c,3,CURRICULUM_ASSUMPTION
SE201026,2027_Spring,5,IS_COM*1,3,CURRICULUM_ASSUMPTION
SE201026,2027_Spring,5,ISM302,3,CURRICULUM_ASSUMPTION
SE201026,2027_Spring,5,ISP392,3,CURRICULUM_ASSUMPTION
SE201026,2027_Spring,5,ITA301,3,CURRICULUM_ASSUMPTION
SE201026,2027_Spring,5,ITE302c,3,CURRICULUM_ASSUMPTION
SE201027,2027_Spring,5,IS_COM*1,3,CURRICULUM_ASSUMPTION
SE201027,2027_Spring,5,ISM302,3,CURRICULUM_ASSUMPTION
SE201027,2027_Spring,5,ISP392,3,CURRICULUM_ASSUMPTION
SE201027,2027_Spring,5,ITA301,3,CURRICULUM_ASSUMPTION
SE201027,2027_Spring,5,ITE302c,3,CURRICULUM_ASSUMPTION
SE201028,2027_Spring,5,IS_COM*1,3,CURRICULUM_ASSUMPTION
SE201028,2027_Spring,5,ISM302,3,CURRICULUM_ASSUMPTION
SE201028,2027_Spring,5,ISP392,3,CURRICULUM_ASSUMPTION
SE201028,2027_Spring,5,ITA301,3,CURRICULUM_ASSUMPTION
SE201028,2027_Spring,5,ITE302c,3,CURRICULUM_ASSUMPTION
SE201029,2027_Spring,5,IS_COM*1,3,CURRICULUM_ASSUMPTION
SE201029,2027_Spring,5,ISM302,3,CURRICULUM_ASSUMPTION
SE201029,2027_Spring,5,ISP392,3,CURRICULUM_ASSUMPTION
SE201029,2027_Spring,5,ITA301,3,CURRICULUM_ASSUMPTION
SE201029,2027_Spring,5,ITE302c,3,CURRICULUM_ASSUMPTION
SE201030,2027_Spring,5,IS_COM*1,3,CURRICULUM_ASSUMPTION
SE201030,2027_Spring,5,ISM302,3,CURRICULUM_ASSUMPTION
SE201030,2027_Spring,5,ISP392,3,CURRICULUM_ASSUMPTION
SE201030,2027_Spring,5,ITA301,3,CURRICULUM_ASSUMPTION
SE201030,2027_Spring,5,ITE302c,3,CURRICULUM_ASSUMPTION
SE201031,2027_Spring,5,IS_COM*1,3,CURRICULUM_ASSUMPTION
SE201031,2027_Spring,5,ISM302,3,CURRICULUM_ASSUMPTION
SE201031,2027_Spring,5,ISP392,3,CURRICULUM_ASSUMPTION
SE201031,2027_Spring,5,ITA301,3,CURRICULUM_ASSUMPTION
SE201031,2027_Spring,5,ITE302c,3,CURRICULUM_ASSUMPTION
SE201032,2027_Spring,5,IS_COM*1,3,CURRICULUM_ASSUMPTION
SE201032,2027_Spring,5,ISM302,3,CURRICULUM_ASSUMPTION
SE201032,2027_Spring,5,ISP392,3,CURRICULUM_ASSUMPTION
SE201032,2027_Spring,5,ITA301,3,CURRICULUM_ASSUMPTION
SE201032,2027_Spring,5,ITE302c,3,CURRICULUM_ASSUMPTION
SE201033,2027_Spring,5,IS_COM*1,3,CURRICULUM_ASSUMPTION
SE201033,2027_Spring,5,ISM302,3,CURRICULUM_ASSUMPTION
SE201033,2027_Spring,5,ISP392,3,CURRICULUM_ASSUMPTION
SE201033,2027_Spring,5,ITA301,3,CURRICULUM_ASSUMPTION
SE201033,2027_Spring,5,ITE302c,3,CURRICULUM_ASSUMPTION
SE201034,2027_Spring,5,IS_COM*1,3,CURRICULUM_ASSUMPTION
SE201034,2027_Spring,5,ISM302,3,CURRICULUM_ASSUMPTION
SE201034,2027_Spring,5,ISP392,3,CURRICULUM_ASSUMPTION
SE201034,2027_Spring,5,ITA301,3,CURRICULUM_ASSUMPTION
SE201034,2027_Spring,5,ITE302c,3,CURRICULUM_ASSUMPTION
SE201035,2027_Spring,5,IS_COM*1,3,CURRICULUM_ASSUMPTION
SE201035,2027_Spring,5,ISM302,3,CURRICULUM_ASSUMPTION
SE201035,2027_Spring,5,ISP392,3,CURRICULUM_ASSUMPTION
SE201035,2027_Spring,5,ITA301,3,CURRICULUM_ASSUMPTION
SE201035,2027_Spring,5,ITE302c,3,CURRICULUM_ASSUMPTION
SE201036,2027_Spring,5,IS_COM*1,3,CURRICULUM_ASSUMPTION
SE201036,2027_Spring,5,ISM302,3,CURRICULUM_ASSUMPTION
SE201036,2027_Spring,5,ISP392,3,CURRICULUM_ASSUMPTION
SE201036,2027_Spring,5,ITA301,3,CURRICULUM_ASSUMPTION
SE201036,2027_Spring,5,ITE302c,3,CURRICULUM_ASSUMPTION
SE201037,2027_Spring,5,IS_COM*1,3,CURRICULUM_ASSUMPTION
SE201037,2027_Spring,5,ISM302,3,CURRICULUM_ASSUMPTION
SE201037,2027_Spring,5,ISP392,3,CURRICULUM_ASSUMPTION
SE201037,2027_Spring,5,ITA301,3,CURRICULUM_ASSUMPTION
SE201037,2027_Spring,5,ITE302c,3,CURRICULUM_ASSUMPTION
SE201038,2027_Spring,5,IS_COM*1,3,CURRICULUM_ASSUMPTION
SE201038,2027_Spring,5,ISM302,3,CURRICULUM_ASSUMPTION
SE201038,2027_Spring,5,ISP392,3,CURRICULUM_ASSUMPTION
SE201038,2027_Spring,5,ITA301,3,CURRICULUM_ASSUMPTION
SE201038,2027_Spring,5,ITE302c,3,CURRICULUM_ASSUMPTION
SE201039,2027_Spring,5,IS_COM*1,3,CURRICULUM_ASSUMPTION
SE201039,2027_Spring,5,ISM302,3,CURRICULUM_ASSUMPTION
SE201039,2027_Spring,5,ISP392,3,CURRICULUM_ASSUMPTION
SE201039,2027_Spring,5,ITA301,3,CURRICULUM_ASSUMPTION
SE201039,2027_Spring,5,ITE302c,3,CURRICULUM_ASSUMPTION
SE201040,2027_Spring,5,IS_COM*1,3,CURRICULUM_ASSUMPTION
SE201040,2027_Spring,5,ISM302,3,CURRICULUM_ASSUMPTION
SE201040,2027_Spring,5,ISP392,3,CURRICULUM_ASSUMPTION
SE201040,2027_Spring,5,ITA301,3,CURRICULUM_ASSUMPTION
SE201040,2027_Spring,5,ITE302c,3,CURRICULUM_ASSUMPTION
SE201041,2027_Spring,5,IS_COM*1,3,CURRICULUM_ASSUMPTION
SE201041,2027_Spring,5,ISM302,3,CURRICULUM_ASSUMPTION
SE201041,2027_Spring,5,ISP392,3,CURRICULUM_ASSUMPTION
SE201041,2027_Spring,5,ITA301,3,CURRICULUM_ASSUMPTION
SE201041,2027_Spring,5,ITE302c,3,CURRICULUM_ASSUMPTION
SE201042,2027_Spring,5,IS_COM*1,3,CURRICULUM_ASSUMPTION
SE201042,2027_Spring,5,ISM302,3,CURRICULUM_ASSUMPTION
SE201042,2027_Spring,5,ISP392,3,CURRICULUM_ASSUMPTION
SE201042,2027_Spring,5,ITA301,3,CURRICULUM_ASSUMPTION
SE201042,2027_Spring,5,ITE302c,3,CURRICULUM_ASSUMPTION
SE201043,2027_Spring,5,IS_COM*1,3,CURRICULUM_ASSUMPTION
SE201043,2027_Spring,5,ISM302,3,CURRICULUM_ASSUMPTION
SE201043,2027_Spring,5,ISP392,3,CURRICULUM_ASSUMPTION
SE201043,2027_Spring,5,ITA301,3,CURRICULUM_ASSUMPTION
SE201043,2027_Spring,5,ITE302c,3,CURRICULUM_ASSUMPTION
SE201044,2027_Spring,5,IS_COM*1,3,CURRICULUM_ASSUMPTION
SE201044,2027_Spring,5,ISM302,3,CURRICULUM_ASSUMPTION
SE201044,2027_Spring,5,ISP392,3,CURRICULUM_ASSUMPTION
SE201044,2027_Spring,5,ITA301,3,CURRICULUM_ASSUMPTION
SE201044,2027_Spring,5,ITE302c,3,CURRICULUM_ASSUMPTION
SE201045,2027_Spring,5,IS_COM*1,3,CURRICULUM_ASSUMPTION
SE201045,2027_Spring,5,ISM302,3,CURRICULUM_ASSUMPTION
SE201045,2027_Spring,5,ISP392,3,CURRICULUM_ASSUMPTION
SE201045,2027_Spring,5,ITA301,3,CURRICULUM_ASSUMPTION
SE201045,2027_Spring,5,ITE302c,3,CURRICULUM_ASSUMPTION
SE201046,2027_Spring,5,IS_COM*1,3,CURRICULUM_ASSUMPTION
SE201046,2027_Spring,5,ISM302,3,CURRICULUM_ASSUMPTION
SE201046,2027_Spring,5,ISP392,3,CURRICULUM_ASSUMPTION
SE201046,2027_Spring,5,ITA301,3,CURRICULUM_ASSUMPTION
SE201046,2027_Spring,5,ITE302c,3,CURRICULUM_ASSUMPTION
SE201047,2027_Spring,5,IS_COM*1,3,CURRICULUM_ASSUMPTION
SE201047,2027_Spring,5,ISM302,3,CURRICULUM_ASSUMPTION
SE201047,2027_Spring,5,ISP392,3,CURRICULUM_ASSUMPTION
SE201047,2027_Spring,5,ITA301,3,CURRICULUM_ASSUMPTION
SE201047,2027_Spring,5,ITE302c,3,CURRICULUM_ASSUMPTION
SE201048,2027_Spring,5,IS_COM*1,3,CURRICULUM_ASSUMPTION
SE201048,2027_Spring,5,ISM302,3,CURRICULUM_ASSUMPTION
SE201048,2027_Spring,5,ISP392,3,CURRICULUM_ASSUMPTION
SE201048,2027_Spring,5,ITA301,3,CURRICULUM_ASSUMPTION
SE201048,2027_Spring,5,ITE302c,3,CURRICULUM_ASSUMPTION
SE201049,2027_Spring,5,IS_COM*1,3,CURRICULUM_ASSUMPTION
SE201049,2027_Spring,5,ISM302,3,CURRICULUM_ASSUMPTION
SE201049,2027_Spring,5,ISP392,3,CURRICULUM_ASSUMPTION
SE201049,2027_Spring,5,ITA301,3,CURRICULUM_ASSUMPTION
SE201049,2027_Spring,5,ITE302c,3,CURRICULUM_ASSUMPTION
SE201050,2027_Spring,5,IS_COM*1,3,CURRICULUM_ASSUMPTION
SE201050,2027_Spring,5,ISM302,3,CURRICULUM_ASSUMPTION
SE201050,2027_Spring,5,ISP392,3,CURRICULUM_ASSUMPTION
SE201050,2027_Spring,5,ITA301,3,CURRICULUM_ASSUMPTION
SE201050,2027_Spring,5,ITE302c,3,CURRICULUM_ASSUMPTION
SE201051,2027_Spring,5,IS_COM*1,3,CURRICULUM_ASSUMPTION
SE201051,2027_Spring,5,ISM302,3,CURRICULUM_ASSUMPTION
SE201051,2027_Spring,5,ISP392,3,CURRICULUM_ASSUMPTION
SE201051,2027_Spring,5,ITA301,3,CURRICULUM_ASSUMPTION
SE201051,2027_Spring,5,ITE302c,3,CURRICULUM_ASSUMPTION
SE201052,2027_Spring,5,IS_COM*1,3,CURRICULUM_ASSUMPTION
SE201052,2027_Spring,5,ISM302,3,CURRICULUM_ASSUMPTION
SE201052,2027_Spring,5,ISP392,3,CURRICULUM_ASSUMPTION
SE201052,2027_Spring,5,ITA301,3,CURRICULUM_ASSUMPTION
SE201052,2027_Spring,5,ITE302c,3,CURRICULUM_ASSUMPTION
SE201053,2027_Spring,5,IS_COM*1,3,CURRICULUM_ASSUMPTION
SE201053,2027_Spring,5,ISM302,3,CURRICULUM_ASSUMPTION
SE201053,2027_Spring,5,ISP392,3,CURRICULUM_ASSUMPTION
SE201053,2027_Spring,5,ITA301,3,CURRICULUM_ASSUMPTION
SE201053,2027_Spring,5,ITE302c,3,CURRICULUM_ASSUMPTION
SE201054,2027_Spring,5,IS_COM*1,3,CURRICULUM_ASSUMPTION
SE201054,2027_Spring,5,ISM302,3,CURRICULUM_ASSUMPTION
SE201054,2027_Spring,5,ISP392,3,CURRICULUM_ASSUMPTION
SE201054,2027_Spring,5,ITA301,3,CURRICULUM_ASSUMPTION
SE201054,2027_Spring,5,ITE302c,3,CURRICULUM_ASSUMPTION
SE201055,2027_Spring,5,IS_COM*1,3,CURRICULUM_ASSUMPTION
SE201055,2027_Spring,5,ISM302,3,CURRICULUM_ASSUMPTION
SE201055,2027_Spring,5,ISP392,3,CURRICULUM_ASSUMPTION
SE201055,2027_Spring,5,ITA301,3,CURRICULUM_ASSUMPTION
SE201055,2027_Spring,5,ITE302c,3,CURRICULUM_ASSUMPTION
SE201056,2027_Spring,5,IS_COM*1,3,CURRICULUM_ASSUMPTION
SE201056,2027_Spring,5,ISM302,3,CURRICULUM_ASSUMPTION
SE201056,2027_Spring,5,ISP392,3,CURRICULUM_ASSUMPTION
SE201056,2027_Spring,5,ITA301,3,CURRICULUM_ASSUMPTION
SE201056,2027_Spring,5,ITE302c,3,CURRICULUM_ASSUMPTION
SE201057,2027_Spring,5,IS_COM*1,3,CURRICULUM_ASSUMPTION
SE201057,2027_Spring,5,ISM302,3,CURRICULUM_ASSUMPTION
SE201057,2027_Spring,5,ISP392,3,CURRICULUM_ASSUMPTION
SE201057,2027_Spring,5,ITA301,3,CURRICULUM_ASSUMPTION
SE201057,2027_Spring,5,ITE302c,3,CURRICULUM_ASSUMPTION
SE201058,2027_Spring,5,IS_COM*1,3,CURRICULUM_ASSUMPTION
SE201058,2027_Spring,5,ISM302,3,CURRICULUM_ASSUMPTION
SE201058,2027_Spring,5,ISP392,3,CURRICULUM_ASSUMPTION
SE201058,2027_Spring,5,ITA301,3,CURRICULUM_ASSUMPTION
SE201058,2027_Spring,5,ITE302c,3,CURRICULUM_ASSUMPTION
SE201059,2027_Spring,5,IS_COM*1,3,CURRICULUM_ASSUMPTION
SE201059,2027_Spring,5,ISM302,3,CURRICULUM_ASSUMPTION
SE201059,2027_Spring,5,ISP392,3,CURRICULUM_ASSUMPTION
SE201059,2027_Spring,5,ITA301,3,CURRICULUM_ASSUMPTION
SE201059,2027_Spring,5,ITE302c,3,CURRICULUM_ASSUMPTION
SE201060,2027_Spring,5,IS_COM*1,3,CURRICULUM_ASSUMPTION
SE201060,2027_Spring,5,ISM302,3,CURRICULUM_ASSUMPTION
SE201060,2027_Spring,5,ISP392,3,CURRICULUM_ASSUMPTION
SE201060,2027_Spring,5,ITA301,3,CURRICULUM_ASSUMPTION
SE201060,2027_Spring,5,ITE302c,3,CURRICULUM_ASSUMPTION
SE201061,2027_Spring,5,IS_COM*1,3,CURRICULUM_ASSUMPTION
SE201061,2027_Spring,5,ISM302,3,CURRICULUM_ASSUMPTION
SE201061,2027_Spring,5,ISP392,3,CURRICULUM_ASSUMPTION
SE201061,2027_Spring,5,ITA301,3,CURRICULUM_ASSUMPTION
SE201061,2027_Spring,5,ITE302c,3,CURRICULUM_ASSUMPTION
SE201062,2027_Spring,5,IS_COM*1,3,CURRICULUM_ASSUMPTION
SE201062,2027_Spring,5,ISM302,3,CURRICULUM_ASSUMPTION
SE201062,2027_Spring,5,ISP392,3,CURRICULUM_ASSUMPTION
SE201062,2027_Spring,5,ITA301,3,CURRICULUM_ASSUMPTION
SE201062,2027_Spring,5,ITE302c,3,CURRICULUM_ASSUMPTION
SE201063,2027_Spring,5,IS_COM*1,3,CURRICULUM_ASSUMPTION
SE201063,2027_Spring,5,ISM302,3,CURRICULUM_ASSUMPTION
SE201063,2027_Spring,5,ISP392,3,CURRICULUM_ASSUMPTION
SE201063,2027_Spring,5,ITA301,3,CURRICULUM_ASSUMPTION
SE201063,2027_Spring,5,ITE302c,3,CURRICULUM_ASSUMPTION
SE201064,2027_Spring,5,IS_COM*1,3,CURRICULUM_ASSUMPTION
SE201064,2027_Spring,5,ISM302,3,CURRICULUM_ASSUMPTION
SE201064,2027_Spring,5,ISP392,3,CURRICULUM_ASSUMPTION
SE201064,2027_Spring,5,ITA301,3,CURRICULUM_ASSUMPTION
SE201064,2027_Spring,5,ITE302c,3,CURRICULUM_ASSUMPTION
SE201065,2027_Spring,5,IS_COM*1,3,CURRICULUM_ASSUMPTION
SE201065,2027_Spring,5,ISM302,3,CURRICULUM_ASSUMPTION
SE201065,2027_Spring,5,ISP392,3,CURRICULUM_ASSUMPTION
SE201065,2027_Spring,5,ITA301,3,CURRICULUM_ASSUMPTION
SE201065,2027_Spring,5,ITE302c,3,CURRICULUM_ASSUMPTION
SE201066,2027_Spring,5,IS_COM*1,3,CURRICULUM_ASSUMPTION
SE201066,2027_Spring,5,ISM302,3,CURRICULUM_ASSUMPTION
SE201066,2027_Spring,5,ISP392,3,CURRICULUM_ASSUMPTION
SE201066,2027_Spring,5,ITA301,3,CURRICULUM_ASSUMPTION
SE201066,2027_Spring,5,ITE302c,3,CURRICULUM_ASSUMPTION
SE201067,2027_Spring,5,IS_COM*1,3,CURRICULUM_ASSUMPTION
SE201067,2027_Spring,5,ISM302,3,CURRICULUM_ASSUMPTION
SE201067,2027_Spring,5,ISP392,3,CURRICULUM_ASSUMPTION
SE201067,2027_Spring,5,ITA301,3,CURRICULUM_ASSUMPTION
SE201067,2027_Spring,5,ITE302c,3,CURRICULUM_ASSUMPTION
SE201068,2027_Spring,5,IS_COM*1,3,CURRICULUM_ASSUMPTION
SE201068,2027_Spring,5,ISM302,3,CURRICULUM_ASSUMPTION
SE201068,2027_Spring,5,ISP392,3,CURRICULUM_ASSUMPTION
SE201068,2027_Spring,5,ITA301,3,CURRICULUM_ASSUMPTION
SE201068,2027_Spring,5,ITE302c,3,CURRICULUM_ASSUMPTION
SE201069,2027_Spring,5,IS_COM*1,3,CURRICULUM_ASSUMPTION
SE201069,2027_Spring,5,ISM302,3,CURRICULUM_ASSUMPTION
SE201069,2027_Spring,5,ISP392,3,CURRICULUM_ASSUMPTION
SE201069,2027_Spring,5,ITA301,3,CURRICULUM_ASSUMPTION
SE201069,2027_Spring,5,ITE302c,3,CURRICULUM_ASSUMPTION
SE201070,2027_Spring,5,IS_COM*1,3,CURRICULUM_ASSUMPTION
SE201070,2027_Spring,5,ISM302,3,CURRICULUM_ASSUMPTION
SE201070,2027_Spring,5,ISP392,3,CURRICULUM_ASSUMPTION
SE201070,2027_Spring,5,ITA301,3,CURRICULUM_ASSUMPTION
SE201070,2027_Spring,5,ITE302c,3,CURRICULUM_ASSUMPTION
SE201071,2027_Spring,5,IS_COM*1,3,CURRICULUM_ASSUMPTION
SE201071,2027_Spring,5,ISM302,3,CURRICULUM_ASSUMPTION
SE201071,2027_Spring,5,ISP392,3,CURRICULUM_ASSUMPTION
SE201071,2027_Spring,5,ITA301,3,CURRICULUM_ASSUMPTION
SE201071,2027_Spring,5,ITE302c,3,CURRICULUM_ASSUMPTION
SE201072,2027_Spring,5,IS_COM*1,3,CURRICULUM_ASSUMPTION
SE201072,2027_Spring,5,ISM302,3,CURRICULUM_ASSUMPTION
SE201072,2027_Spring,5,ISP392,3,CURRICULUM_ASSUMPTION
SE201072,2027_Spring,5,ITA301,3,CURRICULUM_ASSUMPTION
SE201072,2027_Spring,5,ITE302c,3,CURRICULUM_ASSUMPTION
SE201073,2027_Spring,5,IS_COM*1,3,CURRICULUM_ASSUMPTION
SE201073,2027_Spring,5,ISM302,3,CURRICULUM_ASSUMPTION
SE201073,2027_Spring,5,ISP392,3,CURRICULUM_ASSUMPTION
SE201073,2027_Spring,5,ITA301,3,CURRICULUM_ASSUMPTION
SE201073,2027_Spring,5,ITE302c,3,CURRICULUM_ASSUMPTION
SE201074,2027_Spring,5,IS_COM*1,3,CURRICULUM_ASSUMPTION
SE201074,2027_Spring,5,ISM302,3,CURRICULUM_ASSUMPTION
SE201074,2027_Spring,5,ISP392,3,CURRICULUM_ASSUMPTION
SE201074,2027_Spring,5,ITA301,3,CURRICULUM_ASSUMPTION
SE201074,2027_Spring,5,ITE302c,3,CURRICULUM_ASSUMPTION
SE201075,2027_Spring,5,IS_COM*1,3,CURRICULUM_ASSUMPTION
SE201075,2027_Spring,5,ISM302,3,CURRICULUM_ASSUMPTION
SE201075,2027_Spring,5,ISP392,3,CURRICULUM_ASSUMPTION
SE201075,2027_Spring,5,ITA301,3,CURRICULUM_ASSUMPTION
SE201075,2027_Spring,5,ITE302c,3,CURRICULUM_ASSUMPTION
SE201076,2027_Spring,5,IS_COM*1,3,CURRICULUM_ASSUMPTION
SE201076,2027_Spring,5,ISM302,3,CURRICULUM_ASSUMPTION
SE201076,2027_Spring,5,ISP392,3,CURRICULUM_ASSUMPTION
SE201076,2027_Spring,5,ITA301,3,CURRICULUM_ASSUMPTION
SE201076,2027_Spring,5,ITE302c,3,CURRICULUM_ASSUMPTION
SE201077,2027_Spring,5,IS_COM*1,3,CURRICULUM_ASSUMPTION
SE201077,2027_Spring,5,ISM302,3,CURRICULUM_ASSUMPTION
SE201077,2027_Spring,5,ISP392,3,CURRICULUM_ASSUMPTION
SE201077,2027_Spring,5,ITA301,3,CURRICULUM_ASSUMPTION
SE201077,2027_Spring,5,ITE302c,3,CURRICULUM_ASSUMPTION
SE201078,2027_Spring,5,IS_COM*1,3,CURRICULUM_ASSUMPTION
SE201078,2027_Spring,5,ISM302,3,CURRICULUM_ASSUMPTION
SE201078,2027_Spring,5,ISP392,3,CURRICULUM_ASSUMPTION
SE201078,2027_Spring,5,ITA301,3,CURRICULUM_ASSUMPTION
SE201078,2027_Spring,5,ITE302c,3,CURRICULUM_ASSUMPTION
SE201079,2027_Spring,5,IS_COM*1,3,CURRICULUM_ASSUMPTION
SE201079,2027_Spring,5,ISM302,3,CURRICULUM_ASSUMPTION
SE201079,2027_Spring,5,ISP392,3,CURRICULUM_ASSUMPTION
SE201079,2027_Spring,5,ITA301,3,CURRICULUM_ASSUMPTION
SE201079,2027_Spring,5,ITE302c,3,CURRICULUM_ASSUMPTION
SE201080,2027_Spring,5,IS_COM*1,3,CURRICULUM_ASSUMPTION
SE201080,2027_Spring,5,ISM302,3,CURRICULUM_ASSUMPTION
SE201080,2027_Spring,5,ISP392,3,CURRICULUM_ASSUMPTION
SE201080,2027_Spring,5,ITA301,3,CURRICULUM_ASSUMPTION
SE201080,2027_Spring,5,ITE302c,3,CURRICULUM_ASSUMPTION
SE201081,2027_Spring,5,IS_COM*1,3,CURRICULUM_ASSUMPTION
SE201081,2027_Spring,5,ISM302,3,CURRICULUM_ASSUMPTION
SE201081,2027_Spring,5,ISP392,3,CURRICULUM_ASSUMPTION
SE201081,2027_Spring,5,ITA301,3,CURRICULUM_ASSUMPTION
SE201081,2027_Spring,5,ITE302c,3,CURRICULUM_ASSUMPTION
SE201082,2027_Spring,5,IS_COM*1,3,CURRICULUM_ASSUMPTION
SE201082,2027_Spring,5,ISM302,3,CURRICULUM_ASSUMPTION
SE201082,2027_Spring,5,ISP392,3,CURRICULUM_ASSUMPTION
SE201082,2027_Spring,5,ITA301,3,CURRICULUM_ASSUMPTION
SE201082,2027_Spring,5,ITE302c,3,CURRICULUM_ASSUMPTION
SE201083,2027_Spring,5,IS_COM*1,3,CURRICULUM_ASSUMPTION
SE201083,2027_Spring,5,ISM302,3,CURRICULUM_ASSUMPTION
SE201083,2027_Spring,5,ISP392,3,CURRICULUM_ASSUMPTION
SE201083,2027_Spring,5,ITA301,3,CURRICULUM_ASSUMPTION
SE201083,2027_Spring,5,ITE302c,3,CURRICULUM_ASSUMPTION
SE201084,2027_Spring,5,IS_COM*1,3,CURRICULUM_ASSUMPTION
SE201084,2027_Spring,5,ISM302,3,CURRICULUM_ASSUMPTION
SE201084,2027_Spring,5,ISP392,3,CURRICULUM_ASSUMPTION
SE201084,2027_Spring,5,ITA301,3,CURRICULUM_ASSUMPTION
SE201084,2027_Spring,5,ITE302c,3,CURRICULUM_ASSUMPTION
SE201085,2027_Spring,5,IS_COM*1,3,CURRICULUM_ASSUMPTION
SE201085,2027_Spring,5,ISM302,3,CURRICULUM_ASSUMPTION
SE201085,2027_Spring,5,ISP392,3,CURRICULUM_ASSUMPTION
SE201085,2027_Spring,5,ITA301,3,CURRICULUM_ASSUMPTION
SE201085,2027_Spring,5,ITE302c,3,CURRICULUM_ASSUMPTION
SE201086,2027_Spring,5,IS_COM*1,3,CURRICULUM_ASSUMPTION
SE201086,2027_Spring,5,ISM302,3,CURRICULUM_ASSUMPTION
SE201086,2027_Spring,5,ISP392,3,CURRICULUM_ASSUMPTION
SE201086,2027_Spring,5,ITA301,3,CURRICULUM_ASSUMPTION
SE201086,2027_Spring,5,ITE302c,3,CURRICULUM_ASSUMPTION
SE201087,2027_Spring,5,IS_COM*1,3,CURRICULUM_ASSUMPTION
SE201087,2027_Spring,5,ISM302,3,CURRICULUM_ASSUMPTION
SE201087,2027_Spring,5,ISP392,3,CURRICULUM_ASSUMPTION
SE201087,2027_Spring,5,ITA301,3,CURRICULUM_ASSUMPTION
SE201087,2027_Spring,5,ITE302c,3,CURRICULUM_ASSUMPTION
SE201088,2027_Spring,5,IS_COM*1,3,CURRICULUM_ASSUMPTION
SE201088,2027_Spring,5,ISM302,3,CURRICULUM_ASSUMPTION
SE201088,2027_Spring,5,ISP392,3,CURRICULUM_ASSUMPTION
SE201088,2027_Spring,5,ITA301,3,CURRICULUM_ASSUMPTION
SE201088,2027_Spring,5,ITE302c,3,CURRICULUM_ASSUMPTION
SE201089,2027_Spring,5,IS_COM*1,3,CURRICULUM_ASSUMPTION
SE201089,2027_Spring,5,ISM302,3,CURRICULUM_ASSUMPTION
SE201089,2027_Spring,5,ISP392,3,CURRICULUM_ASSUMPTION
SE201089,2027_Spring,5,ITA301,3,CURRICULUM_ASSUMPTION
SE201089,2027_Spring,5,ITE302c,3,CURRICULUM_ASSUMPTION
SE201090,2027_Spring,5,IS_COM*1,3,CURRICULUM_ASSUMPTION
SE201090,2027_Spring,5,ISM302,3,CURRICULUM_ASSUMPTION
SE201090,2027_Spring,5,ISP392,3,CURRICULUM_ASSUMPTION
SE201090,2027_Spring,5,ITA301,3,CURRICULUM_ASSUMPTION
SE201090,2027_Spring,5,ITE302c,3,CURRICULUM_ASSUMPTION
SE201091,2027_Spring,5,IS_COM*1,3,CURRICULUM_ASSUMPTION
SE201091,2027_Spring,5,ISM302,3,CURRICULUM_ASSUMPTION
SE201091,2027_Spring,5,ISP392,3,CURRICULUM_ASSUMPTION
SE201091,2027_Spring,5,ITA301,3,CURRICULUM_ASSUMPTION
SE201091,2027_Spring,5,ITE302c,3,CURRICULUM_ASSUMPTION
SE201092,2027_Spring,5,IS_COM*1,3,CURRICULUM_ASSUMPTION
SE201092,2027_Spring,5,ISM302,3,CURRICULUM_ASSUMPTION
SE201092,2027_Spring,5,ISP392,3,CURRICULUM_ASSUMPTION
SE201092,2027_Spring,5,ITA301,3,CURRICULUM_ASSUMPTION
SE201092,2027_Spring,5,ITE302c,3,CURRICULUM_ASSUMPTION
SE201093,2027_Spring,5,IS_COM*1,3,CURRICULUM_ASSUMPTION
SE201093,2027_Spring,5,ISM302,3,CURRICULUM_ASSUMPTION
SE201093,2027_Spring,5,ISP392,3,CURRICULUM_ASSUMPTION
SE201093,2027_Spring,5,ITA301,3,CURRICULUM_ASSUMPTION
SE201093,2027_Spring,5,ITE302c,3,CURRICULUM_ASSUMPTION
SE201094,2027_Spring,5,IS_COM*1,3,CURRICULUM_ASSUMPTION
SE201094,2027_Spring,5,ISM302,3,CURRICULUM_ASSUMPTION
SE201094,2027_Spring,5,ISP392,3,CURRICULUM_ASSUMPTION
SE201094,2027_Spring,5,ITA301,3,CURRICULUM_ASSUMPTION
SE201094,2027_Spring,5,ITE302c,3,CURRICULUM_ASSUMPTION
SE201095,2027_Spring,5,IS_COM*1,3,CURRICULUM_ASSUMPTION
SE201095,2027_Spring,5,ISM302,3,CURRICULUM_ASSUMPTION
SE201095,2027_Spring,5,ISP392,3,CURRICULUM_ASSUMPTION
SE201095,2027_Spring,5,ITA301,3,CURRICULUM_ASSUMPTION
SE201095,2027_Spring,5,ITE302c,3,CURRICULUM_ASSUMPTION
SE201096,2027_Spring,5,IS_COM*1,3,CURRICULUM_ASSUMPTION
SE201096,2027_Spring,5,ISM302,3,CURRICULUM_ASSUMPTION
SE201096,2027_Spring,5,ISP392,3,CURRICULUM_ASSUMPTION
SE201096,2027_Spring,5,ITA301,3,CURRICULUM_ASSUMPTION
SE201096,2027_Spring,5,ITE302c,3,CURRICULUM_ASSUMPTION
SE201097,2027_Spring,5,IS_COM*1,3,CURRICULUM_ASSUMPTION
SE201097,2027_Spring,5,ISM302,3,CURRICULUM_ASSUMPTION
SE201097,2027_Spring,5,ISP392,3,CURRICULUM_ASSUMPTION
SE201097,2027_Spring,5,ITA301,3,CURRICULUM_ASSUMPTION
SE201097,2027_Spring,5,ITE302c,3,CURRICULUM_ASSUMPTION
SE201098,2027_Spring,5,IS_COM*1,3,CURRICULUM_ASSUMPTION
SE201098,2027_Spring,5,ISM302,3,CURRICULUM_ASSUMPTION
SE201098,2027_Spring,5,ISP392,3,CURRICULUM_ASSUMPTION
SE201098,2027_Spring,5,ITA301,3,CURRICULUM_ASSUMPTION
SE201098,2027_Spring,5,ITE302c,3,CURRICULUM_ASSUMPTION
SE201099,2027_Spring,5,IS_COM*1,3,CURRICULUM_ASSUMPTION
SE201099,2027_Spring,5,ISM302,3,CURRICULUM_ASSUMPTION
SE201099,2027_Spring,5,ISP392,3,CURRICULUM_ASSUMPTION
SE201099,2027_Spring,5,ITA301,3,CURRICULUM_ASSUMPTION
SE201099,2027_Spring,5,ITE302c,3,CURRICULUM_ASSUMPTION
SE201100,2027_Spring,5,IS_COM*1,3,CURRICULUM_ASSUMPTION
SE201100,2027_Spring,5,ISM302,3,CURRICULUM_ASSUMPTION
SE201100,2027_Spring,5,ISP392,3,CURRICULUM_ASSUMPTION
SE201100,2027_Spring,5,ITA301,3,CURRICULUM_ASSUMPTION
SE201100,2027_Spring,5,ITE302c,3,CURRICULUM_ASSUMPTION
SE201101,2027_Spring,5,IS_COM*1,3,CURRICULUM_ASSUMPTION
SE201101,2027_Spring,5,ISM302,3,CURRICULUM_ASSUMPTION
SE201101,2027_Spring,5,ISP392,3,CURRICULUM_ASSUMPTION
SE201101,2027_Spring,5,ITA301,3,CURRICULUM_ASSUMPTION
SE201101,2027_Spring,5,ITE302c,3,CURRICULUM_ASSUMPTION
SE201102,2027_Spring,5,IS_COM*1,3,CURRICULUM_ASSUMPTION
SE201102,2027_Spring,5,ISM302,3,CURRICULUM_ASSUMPTION
SE201102,2027_Spring,5,ISP392,3,CURRICULUM_ASSUMPTION
SE201102,2027_Spring,5,ITA301,3,CURRICULUM_ASSUMPTION
SE201102,2027_Spring,5,ITE302c,3,CURRICULUM_ASSUMPTION
SE201103,2027_Spring,5,IS_COM*1,3,CURRICULUM_ASSUMPTION
SE201103,2027_Spring,5,ISM302,3,CURRICULUM_ASSUMPTION
SE201103,2027_Spring,5,ISP392,3,CURRICULUM_ASSUMPTION
SE201103,2027_Spring,5,ITA301,3,CURRICULUM_ASSUMPTION
SE201103,2027_Spring,5,ITE302c,3,CURRICULUM_ASSUMPTION
SE201104,2027_Spring,5,IS_COM*1,3,CURRICULUM_ASSUMPTION
SE201104,2027_Spring,5,ISM302,3,CURRICULUM_ASSUMPTION
SE201104,2027_Spring,5,ISP392,3,CURRICULUM_ASSUMPTION
SE201104,2027_Spring,5,ITA301,3,CURRICULUM_ASSUMPTION
SE201104,2027_Spring,5,ITE302c,3,CURRICULUM_ASSUMPTION
SE201105,2027_Spring,5,IS_COM*1,3,CURRICULUM_ASSUMPTION
SE201105,2027_Spring,5,ISM302,3,CURRICULUM_ASSUMPTION
SE201105,2027_Spring,5,ISP392,3,CURRICULUM_ASSUMPTION
SE201105,2027_Spring,5,ITA301,3,CURRICULUM_ASSUMPTION
SE201105,2027_Spring,5,ITE302c,3,CURRICULUM_ASSUMPTION
SE201106,2027_Spring,5,IS_COM*1,3,CURRICULUM_ASSUMPTION
SE201106,2027_Spring,5,ISM302,3,CURRICULUM_ASSUMPTION
SE201106,2027_Spring,5,ISP392,3,CURRICULUM_ASSUMPTION
SE201106,2027_Spring,5,ITA301,3,CURRICULUM_ASSUMPTION
SE201106,2027_Spring,5,ITE302c,3,CURRICULUM_ASSUMPTION
SE201107,2027_Spring,5,IS_COM*1,3,CURRICULUM_ASSUMPTION
SE201107,2027_Spring,5,ISM302,3,CURRICULUM_ASSUMPTION
SE201107,2027_Spring,5,ISP392,3,CURRICULUM_ASSUMPTION
SE201107,2027_Spring,5,ITA301,3,CURRICULUM_ASSUMPTION
SE201107,2027_Spring,5,ITE302c,3,CURRICULUM_ASSUMPTION
SE201108,2027_Spring,5,IS_COM*1,3,CURRICULUM_ASSUMPTION
SE201108,2027_Spring,5,ISM302,3,CURRICULUM_ASSUMPTION
SE201108,2027_Spring,5,ISP392,3,CURRICULUM_ASSUMPTION
SE201108,2027_Spring,5,ITA301,3,CURRICULUM_ASSUMPTION
SE201108,2027_Spring,5,ITE302c,3,CURRICULUM_ASSUMPTION
SE201109,2027_Spring,5,IS_COM*1,3,CURRICULUM_ASSUMPTION
SE201109,2027_Spring,5,ISM302,3,CURRICULUM_ASSUMPTION
SE201109,2027_Spring,5,ISP392,3,CURRICULUM_ASSUMPTION
SE201109,2027_Spring,5,ITA301,3,CURRICULUM_ASSUMPTION
SE201109,2027_Spring,5,ITE302c,3,CURRICULUM_ASSUMPTION
SE201110,2027_Spring,5,IS_COM*1,3,CURRICULUM_ASSUMPTION
SE201110,2027_Spring,5,ISM302,3,CURRICULUM_ASSUMPTION
SE201110,2027_Spring,5,ISP392,3,CURRICULUM_ASSUMPTION
SE201110,2027_Spring,5,ITA301,3,CURRICULUM_ASSUMPTION
SE201110,2027_Spring,5,ITE302c,3,CURRICULUM_ASSUMPTION
SE201111,2027_Spring,5,IS_COM*1,3,CURRICULUM_ASSUMPTION
SE201111,2027_Spring,5,ISM302,3,CURRICULUM_ASSUMPTION
SE201111,2027_Spring,5,ISP392,3,CURRICULUM_ASSUMPTION
SE201111,2027_Spring,5,ITA301,3,CURRICULUM_ASSUMPTION
SE201111,2027_Spring,5,ITE302c,3,CURRICULUM_ASSUMPTION
SE201112,2027_Spring,5,IS_COM*1,3,CURRICULUM_ASSUMPTION
SE201112,2027_Spring,5,ISM302,3,CURRICULUM_ASSUMPTION
SE201112,2027_Spring,5,ISP392,3,CURRICULUM_ASSUMPTION
SE201112,2027_Spring,5,ITA301,3,CURRICULUM_ASSUMPTION
SE201112,2027_Spring,5,ITE302c,3,CURRICULUM_ASSUMPTION
SE201113,2027_Spring,5,IS_COM*1,3,CURRICULUM_ASSUMPTION
SE201113,2027_Spring,5,ISM302,3,CURRICULUM_ASSUMPTION
SE201113,2027_Spring,5,ISP392,3,CURRICULUM_ASSUMPTION
SE201113,2027_Spring,5,ITA301,3,CURRICULUM_ASSUMPTION
SE201113,2027_Spring,5,ITE302c,3,CURRICULUM_ASSUMPTION
SE201114,2027_Spring,5,IS_COM*1,3,CURRICULUM_ASSUMPTION
SE201114,2027_Spring,5,ISM302,3,CURRICULUM_ASSUMPTION
SE201114,2027_Spring,5,ISP392,3,CURRICULUM_ASSUMPTION
SE201114,2027_Spring,5,ITA301,3,CURRICULUM_ASSUMPTION
SE201114,2027_Spring,5,ITE302c,3,CURRICULUM_ASSUMPTION
SE201115,2027_Spring,5,IS_COM*1,3,CURRICULUM_ASSUMPTION
SE201115,2027_Spring,5,ISM302,3,CURRICULUM_ASSUMPTION
SE201115,2027_Spring,5,ISP392,3,CURRICULUM_ASSUMPTION
SE201115,2027_Spring,5,ITA301,3,CURRICULUM_ASSUMPTION
SE201115,2027_Spring,5,ITE302c,3,CURRICULUM_ASSUMPTION
SE201116,2027_Spring,5,IS_COM*1,3,CURRICULUM_ASSUMPTION
SE201116,2027_Spring,5,ISM302,3,CURRICULUM_ASSUMPTION
SE201116,2027_Spring,5,ISP392,3,CURRICULUM_ASSUMPTION
SE201116,2027_Spring,5,ITA301,3,CURRICULUM_ASSUMPTION
SE201116,2027_Spring,5,ITE302c,3,CURRICULUM_ASSUMPTION
SE201117,2027_Spring,5,IS_COM*1,3,CURRICULUM_ASSUMPTION
SE201117,2027_Spring,5,ISM302,3,CURRICULUM_ASSUMPTION
SE201117,2027_Spring,5,ISP392,3,CURRICULUM_ASSUMPTION
SE201117,2027_Spring,5,ITA301,3,CURRICULUM_ASSUMPTION
SE201117,2027_Spring,5,ITE302c,3,CURRICULUM_ASSUMPTION
SE201118,2027_Spring,5,IS_COM*1,3,CURRICULUM_ASSUMPTION
SE201118,2027_Spring,5,ISM302,3,CURRICULUM_ASSUMPTION
SE201118,2027_Spring,5,ISP392,3,CURRICULUM_ASSUMPTION
SE201118,2027_Spring,5,ITA301,3,CURRICULUM_ASSUMPTION
SE201118,2027_Spring,5,ITE302c,3,CURRICULUM_ASSUMPTION
SE201119,2027_Spring,5,IS_COM*1,3,CURRICULUM_ASSUMPTION
SE201119,2027_Spring,5,ISM302,3,CURRICULUM_ASSUMPTION
SE201119,2027_Spring,5,ISP392,3,CURRICULUM_ASSUMPTION
SE201119,2027_Spring,5,ITA301,3,CURRICULUM_ASSUMPTION
SE201119,2027_Spring,5,ITE302c,3,CURRICULUM_ASSUMPTION
SE201120,2027_Spring,5,IS_COM*1,3,CURRICULUM_ASSUMPTION
SE201120,2027_Spring,5,ISM302,3,CURRICULUM_ASSUMPTION
SE201120,2027_Spring,5,ISP392,3,CURRICULUM_ASSUMPTION
SE201120,2027_Spring,5,ITA301,3,CURRICULUM_ASSUMPTION
SE201120,2027_Spring,5,ITE302c,3,CURRICULUM_ASSUMPTION
SE201121,2027_Spring,5,IS_COM*1,3,CURRICULUM_ASSUMPTION
SE201121,2027_Spring,5,ISM302,3,CURRICULUM_ASSUMPTION
SE201121,2027_Spring,5,ISP392,3,CURRICULUM_ASSUMPTION
SE201121,2027_Spring,5,ITA301,3,CURRICULUM_ASSUMPTION
SE201121,2027_Spring,5,ITE302c,3,CURRICULUM_ASSUMPTION
SE201122,2027_Spring,5,IS_COM*1,3,CURRICULUM_ASSUMPTION
SE201122,2027_Spring,5,ISM302,3,CURRICULUM_ASSUMPTION
SE201122,2027_Spring,5,ISP392,3,CURRICULUM_ASSUMPTION
SE201122,2027_Spring,5,ITA301,3,CURRICULUM_ASSUMPTION
SE201122,2027_Spring,5,ITE302c,3,CURRICULUM_ASSUMPTION
SE201123,2027_Spring,5,IS_COM*1,3,CURRICULUM_ASSUMPTION
SE201123,2027_Spring,5,ISM302,3,CURRICULUM_ASSUMPTION
SE201123,2027_Spring,5,ISP392,3,CURRICULUM_ASSUMPTION
SE201123,2027_Spring,5,ITA301,3,CURRICULUM_ASSUMPTION
SE201123,2027_Spring,5,ITE302c,3,CURRICULUM_ASSUMPTION
SE201124,2027_Spring,5,IS_COM*1,3,CURRICULUM_ASSUMPTION
SE201124,2027_Spring,5,ISM302,3,CURRICULUM_ASSUMPTION
SE201124,2027_Spring,5,ISP392,3,CURRICULUM_ASSUMPTION
SE201124,2027_Spring,5,ITA301,3,CURRICULUM_ASSUMPTION
SE201124,2027_Spring,5,ITE302c,3,CURRICULUM_ASSUMPTION
SE201125,2027_Spring,5,IS_COM*1,3,CURRICULUM_ASSUMPTION
SE201125,2027_Spring,5,ISM302,3,CURRICULUM_ASSUMPTION
SE201125,2027_Spring,5,ISP392,3,CURRICULUM_ASSUMPTION
SE201125,2027_Spring,5,ITA301,3,CURRICULUM_ASSUMPTION
SE201125,2027_Spring,5,ITE302c,3,CURRICULUM_ASSUMPTION
SE201126,2027_Spring,5,IS_COM*1,3,CURRICULUM_ASSUMPTION
SE201126,2027_Spring,5,ISM302,3,CURRICULUM_ASSUMPTION
SE201126,2027_Spring,5,ISP392,3,CURRICULUM_ASSUMPTION
SE201126,2027_Spring,5,ITA301,3,CURRICULUM_ASSUMPTION
SE201126,2027_Spring,5,ITE302c,3,CURRICULUM_ASSUMPTION
SE201127,2027_Spring,5,IS_COM*1,3,CURRICULUM_ASSUMPTION
SE201127,2027_Spring,5,ISM302,3,CURRICULUM_ASSUMPTION
SE201127,2027_Spring,5,ISP392,3,CURRICULUM_ASSUMPTION
SE201127,2027_Spring,5,ITA301,3,CURRICULUM_ASSUMPTION
SE201127,2027_Spring,5,ITE302c,3,CURRICULUM_ASSUMPTION
SE201128,2027_Spring,5,IS_COM*1,3,CURRICULUM_ASSUMPTION
SE201128,2027_Spring,5,ISM302,3,CURRICULUM_ASSUMPTION
SE201128,2027_Spring,5,ISP392,3,CURRICULUM_ASSUMPTION
SE201128,2027_Spring,5,ITA301,3,CURRICULUM_ASSUMPTION
SE201128,2027_Spring,5,ITE302c,3,CURRICULUM_ASSUMPTION
SE201129,2027_Spring,5,IS_COM*1,3,CURRICULUM_ASSUMPTION
SE201129,2027_Spring,5,ISM302,3,CURRICULUM_ASSUMPTION
SE201129,2027_Spring,5,ISP392,3,CURRICULUM_ASSUMPTION
SE201129,2027_Spring,5,ITA301,3,CURRICULUM_ASSUMPTION
SE201129,2027_Spring,5,ITE302c,3,CURRICULUM_ASSUMPTION
SE201130,2027_Spring,5,IS_COM*1,3,CURRICULUM_ASSUMPTION
SE201130,2027_Spring,5,ISM302,3,CURRICULUM_ASSUMPTION
SE201130,2027_Spring,5,ISP392,3,CURRICULUM_ASSUMPTION
SE201130,2027_Spring,5,ITA301,3,CURRICULUM_ASSUMPTION
SE201130,2027_Spring,5,ITE302c,3,CURRICULUM_ASSUMPTION
SE201131,2027_Spring,5,IS_COM*1,3,CURRICULUM_ASSUMPTION
SE201131,2027_Spring,5,ISM302,3,CURRICULUM_ASSUMPTION
SE201131,2027_Spring,5,ISP392,3,CURRICULUM_ASSUMPTION
SE201131,2027_Spring,5,ITA301,3,CURRICULUM_ASSUMPTION
SE201131,2027_Spring,5,ITE302c,3,CURRICULUM_ASSUMPTION
SE201132,2027_Spring,5,IS_COM*1,3,CURRICULUM_ASSUMPTION
SE201132,2027_Spring,5,ISM302,3,CURRICULUM_ASSUMPTION
SE201132,2027_Spring,5,ISP392,3,CURRICULUM_ASSUMPTION
SE201132,2027_Spring,5,ITA301,3,CURRICULUM_ASSUMPTION
SE201132,2027_Spring,5,ITE302c,3,CURRICULUM_ASSUMPTION
SE201133,2027_Spring,5,IS_COM*1,3,CURRICULUM_ASSUMPTION
SE201133,2027_Spring,5,ISM302,3,CURRICULUM_ASSUMPTION
SE201133,2027_Spring,5,ISP392,3,CURRICULUM_ASSUMPTION
SE201133,2027_Spring,5,ITA301,3,CURRICULUM_ASSUMPTION
SE201133,2027_Spring,5,ITE302c,3,CURRICULUM_ASSUMPTION
SE201134,2027_Spring,5,IS_COM*1,3,CURRICULUM_ASSUMPTION
SE201134,2027_Spring,5,ISM302,3,CURRICULUM_ASSUMPTION
SE201134,2027_Spring,5,ISP392,3,CURRICULUM_ASSUMPTION
SE201134,2027_Spring,5,ITA301,3,CURRICULUM_ASSUMPTION
SE201134,2027_Spring,5,ITE302c,3,CURRICULUM_ASSUMPTION
SE201135,2027_Spring,5,IS_COM*1,3,CURRICULUM_ASSUMPTION
SE201135,2027_Spring,5,ISM302,3,CURRICULUM_ASSUMPTION
SE201135,2027_Spring,5,ISP392,3,CURRICULUM_ASSUMPTION
SE201135,2027_Spring,5,ITA301,3,CURRICULUM_ASSUMPTION
SE201135,2027_Spring,5,ITE302c,3,CURRICULUM_ASSUMPTION
SE201136,2027_Spring,5,IS_COM*1,3,CURRICULUM_ASSUMPTION
SE201136,2027_Spring,5,ISM302,3,CURRICULUM_ASSUMPTION
SE201136,2027_Spring,5,ISP392,3,CURRICULUM_ASSUMPTION
SE201136,2027_Spring,5,ITA301,3,CURRICULUM_ASSUMPTION
SE201136,2027_Spring,5,ITE302c,3,CURRICULUM_ASSUMPTION
SE201137,2027_Spring,5,IS_COM*1,3,CURRICULUM_ASSUMPTION
SE201137,2027_Spring,5,ISM302,3,CURRICULUM_ASSUMPTION
SE201137,2027_Spring,5,ISP392,3,CURRICULUM_ASSUMPTION
SE201137,2027_Spring,5,ITA301,3,CURRICULUM_ASSUMPTION
SE201137,2027_Spring,5,ITE302c,3,CURRICULUM_ASSUMPTION
SE201138,2027_Spring,5,IS_COM*1,3,CURRICULUM_ASSUMPTION
SE201138,2027_Spring,5,ISM302,3,CURRICULUM_ASSUMPTION
SE201138,2027_Spring,5,ISP392,3,CURRICULUM_ASSUMPTION
SE201138,2027_Spring,5,ITA301,3,CURRICULUM_ASSUMPTION
SE201138,2027_Spring,5,ITE302c,3,CURRICULUM_ASSUMPTION
SE201139,2027_Spring,5,IS_COM*1,3,CURRICULUM_ASSUMPTION
SE201139,2027_Spring,5,ISM302,3,CURRICULUM_ASSUMPTION
SE201139,2027_Spring,5,ISP392,3,CURRICULUM_ASSUMPTION
SE201139,2027_Spring,5,ITA301,3,CURRICULUM_ASSUMPTION
SE201139,2027_Spring,5,ITE302c,3,CURRICULUM_ASSUMPTION
SE201140,2027_Spring,5,IS_COM*1,3,CURRICULUM_ASSUMPTION
SE201140,2027_Spring,5,ISM302,3,CURRICULUM_ASSUMPTION
SE201140,2027_Spring,5,ISP392,3,CURRICULUM_ASSUMPTION
SE201140,2027_Spring,5,ITA301,3,CURRICULUM_ASSUMPTION
SE201140,2027_Spring,5,ITE302c,3,CURRICULUM_ASSUMPTION
SE201141,2027_Spring,5,IS_COM*1,3,CURRICULUM_ASSUMPTION
SE201141,2027_Spring,5,ISM302,3,CURRICULUM_ASSUMPTION
SE201141,2027_Spring,5,ISP392,3,CURRICULUM_ASSUMPTION
SE201141,2027_Spring,5,ITA301,3,CURRICULUM_ASSUMPTION
SE201141,2027_Spring,5,ITE302c,3,CURRICULUM_ASSUMPTION
SE201142,2027_Spring,5,IS_COM*1,3,CURRICULUM_ASSUMPTION
SE201142,2027_Spring,5,ISM302,3,CURRICULUM_ASSUMPTION
SE201142,2027_Spring,5,ISP392,3,CURRICULUM_ASSUMPTION
SE201142,2027_Spring,5,ITA301,3,CURRICULUM_ASSUMPTION
SE201142,2027_Spring,5,ITE302c,3,CURRICULUM_ASSUMPTION
SE201143,2027_Spring,5,IS_COM*1,3,CURRICULUM_ASSUMPTION
SE201143,2027_Spring,5,ISM302,3,CURRICULUM_ASSUMPTION
SE201143,2027_Spring,5,ISP392,3,CURRICULUM_ASSUMPTION
SE201143,2027_Spring,5,ITA301,3,CURRICULUM_ASSUMPTION
SE201143,2027_Spring,5,ITE302c,3,CURRICULUM_ASSUMPTION
SE201144,2027_Spring,5,IS_COM*1,3,CURRICULUM_ASSUMPTION
SE201144,2027_Spring,5,ISM302,3,CURRICULUM_ASSUMPTION
SE201144,2027_Spring,5,ISP392,3,CURRICULUM_ASSUMPTION
SE201144,2027_Spring,5,ITA301,3,CURRICULUM_ASSUMPTION
SE201144,2027_Spring,5,ITE302c,3,CURRICULUM_ASSUMPTION
SE201145,2027_Spring,5,IS_COM*1,3,CURRICULUM_ASSUMPTION
SE201145,2027_Spring,5,ISM302,3,CURRICULUM_ASSUMPTION
SE201145,2027_Spring,5,ISP392,3,CURRICULUM_ASSUMPTION
SE201145,2027_Spring,5,ITA301,3,CURRICULUM_ASSUMPTION
SE201145,2027_Spring,5,ITE302c,3,CURRICULUM_ASSUMPTION
SE201146,2027_Spring,5,IS_COM*1,3,CURRICULUM_ASSUMPTION
SE201146,2027_Spring,5,ISM302,3,CURRICULUM_ASSUMPTION
SE201146,2027_Spring,5,ISP392,3,CURRICULUM_ASSUMPTION
SE201146,2027_Spring,5,ITA301,3,CURRICULUM_ASSUMPTION
SE201146,2027_Spring,5,ITE302c,3,CURRICULUM_ASSUMPTION
SE201147,2027_Spring,5,IS_COM*1,3,CURRICULUM_ASSUMPTION
SE201147,2027_Spring,5,ISM302,3,CURRICULUM_ASSUMPTION
SE201147,2027_Spring,5,ISP392,3,CURRICULUM_ASSUMPTION
SE201147,2027_Spring,5,ITA301,3,CURRICULUM_ASSUMPTION
SE201147,2027_Spring,5,ITE302c,3,CURRICULUM_ASSUMPTION
SE201148,2027_Spring,5,IS_COM*1,3,CURRICULUM_ASSUMPTION
SE201148,2027_Spring,5,ISM302,3,CURRICULUM_ASSUMPTION
SE201148,2027_Spring,5,ISP392,3,CURRICULUM_ASSUMPTION
SE201148,2027_Spring,5,ITA301,3,CURRICULUM_ASSUMPTION
SE201148,2027_Spring,5,ITE302c,3,CURRICULUM_ASSUMPTION
SE201149,2027_Spring,5,IS_COM*1,3,CURRICULUM_ASSUMPTION
SE201149,2027_Spring,5,ISM302,3,CURRICULUM_ASSUMPTION
SE201149,2027_Spring,5,ISP392,3,CURRICULUM_ASSUMPTION
SE201149,2027_Spring,5,ITA301,3,CURRICULUM_ASSUMPTION
SE201149,2027_Spring,5,ITE302c,3,CURRICULUM_ASSUMPTION
SE201150,2027_Spring,5,IS_COM*1,3,CURRICULUM_ASSUMPTION
SE201150,2027_Spring,5,ISM302,3,CURRICULUM_ASSUMPTION
SE201150,2027_Spring,5,ISP392,3,CURRICULUM_ASSUMPTION
SE201150,2027_Spring,5,ITA301,3,CURRICULUM_ASSUMPTION
SE201150,2027_Spring,5,ITE302c,3,CURRICULUM_ASSUMPTION
SE201151,2027_Spring,5,IS_COM*1,3,CURRICULUM_ASSUMPTION
SE201151,2027_Spring,5,ISM302,3,CURRICULUM_ASSUMPTION
SE201151,2027_Spring,5,ISP392,3,CURRICULUM_ASSUMPTION
SE201151,2027_Spring,5,ITA301,3,CURRICULUM_ASSUMPTION
SE201151,2027_Spring,5,ITE302c,3,CURRICULUM_ASSUMPTION
SE201152,2027_Spring,5,IS_COM*1,3,CURRICULUM_ASSUMPTION
SE201152,2027_Spring,5,ISM302,3,CURRICULUM_ASSUMPTION
SE201152,2027_Spring,5,ISP392,3,CURRICULUM_ASSUMPTION
SE201152,2027_Spring,5,ITA301,3,CURRICULUM_ASSUMPTION
SE201152,2027_Spring,5,ITE302c,3,CURRICULUM_ASSUMPTION
SE201153,2027_Spring,5,IS_COM*1,3,CURRICULUM_ASSUMPTION
SE201153,2027_Spring,5,ISM302,3,CURRICULUM_ASSUMPTION
SE201153,2027_Spring,5,ISP392,3,CURRICULUM_ASSUMPTION
SE201153,2027_Spring,5,ITA301,3,CURRICULUM_ASSUMPTION
SE201153,2027_Spring,5,ITE302c,3,CURRICULUM_ASSUMPTION
SE201154,2027_Spring,5,IS_COM*1,3,CURRICULUM_ASSUMPTION
SE201154,2027_Spring,5,ISM302,3,CURRICULUM_ASSUMPTION
SE201154,2027_Spring,5,ISP392,3,CURRICULUM_ASSUMPTION
SE201154,2027_Spring,5,ITA301,3,CURRICULUM_ASSUMPTION
SE201154,2027_Spring,5,ITE302c,3,CURRICULUM_ASSUMPTION
SE201155,2027_Spring,5,IS_COM*1,3,CURRICULUM_ASSUMPTION
SE201155,2027_Spring,5,ISM302,3,CURRICULUM_ASSUMPTION
SE201155,2027_Spring,5,ISP392,3,CURRICULUM_ASSUMPTION
SE201155,2027_Spring,5,ITA301,3,CURRICULUM_ASSUMPTION
SE201155,2027_Spring,5,ITE302c,3,CURRICULUM_ASSUMPTION
SE201156,2027_Spring,5,IS_COM*1,3,CURRICULUM_ASSUMPTION
SE201156,2027_Spring,5,ISM302,3,CURRICULUM_ASSUMPTION
SE201156,2027_Spring,5,ISP392,3,CURRICULUM_ASSUMPTION
SE201156,2027_Spring,5,ITA301,3,CURRICULUM_ASSUMPTION
SE201156,2027_Spring,5,ITE302c,3,CURRICULUM_ASSUMPTION
SE201157,2027_Spring,5,IS_COM*1,3,CURRICULUM_ASSUMPTION
SE201157,2027_Spring,5,ISM302,3,CURRICULUM_ASSUMPTION
SE201157,2027_Spring,5,ISP392,3,CURRICULUM_ASSUMPTION
SE201157,2027_Spring,5,ITA301,3,CURRICULUM_ASSUMPTION
SE201157,2027_Spring,5,ITE302c,3,CURRICULUM_ASSUMPTION
SE201158,2027_Spring,5,IS_COM*1,3,CURRICULUM_ASSUMPTION
SE201158,2027_Spring,5,ISM302,3,CURRICULUM_ASSUMPTION
SE201158,2027_Spring,5,ISP392,3,CURRICULUM_ASSUMPTION
SE201158,2027_Spring,5,ITA301,3,CURRICULUM_ASSUMPTION
SE201158,2027_Spring,5,ITE302c,3,CURRICULUM_ASSUMPTION
SE201159,2027_Spring,5,IS_COM*1,3,CURRICULUM_ASSUMPTION
SE201159,2027_Spring,5,ISM302,3,CURRICULUM_ASSUMPTION
SE201159,2027_Spring,5,ISP392,3,CURRICULUM_ASSUMPTION
SE201159,2027_Spring,5,ITA301,3,CURRICULUM_ASSUMPTION
SE201159,2027_Spring,5,ITE302c,3,CURRICULUM_ASSUMPTION
SE201160,2027_Spring,5,IS_COM*1,3,CURRICULUM_ASSUMPTION
SE201160,2027_Spring,5,ISM302,3,CURRICULUM_ASSUMPTION
SE201160,2027_Spring,5,ISP392,3,CURRICULUM_ASSUMPTION
SE201160,2027_Spring,5,ITA301,3,CURRICULUM_ASSUMPTION
SE201160,2027_Spring,5,ITE302c,3,CURRICULUM_ASSUMPTION
SE201161,2027_Spring,5,IS_COM*1,3,CURRICULUM_ASSUMPTION
SE201161,2027_Spring,5,ISM302,3,CURRICULUM_ASSUMPTION
SE201161,2027_Spring,5,ISP392,3,CURRICULUM_ASSUMPTION
SE201161,2027_Spring,5,ITA301,3,CURRICULUM_ASSUMPTION
SE201161,2027_Spring,5,ITE302c,3,CURRICULUM_ASSUMPTION
SE201162,2027_Spring,5,IS_COM*1,3,CURRICULUM_ASSUMPTION
SE201162,2027_Spring,5,ISM302,3,CURRICULUM_ASSUMPTION
SE201162,2027_Spring,5,ISP392,3,CURRICULUM_ASSUMPTION
SE201162,2027_Spring,5,ITA301,3,CURRICULUM_ASSUMPTION
SE201162,2027_Spring,5,ITE302c,3,CURRICULUM_ASSUMPTION
SE201163,2027_Spring,5,IS_COM*1,3,CURRICULUM_ASSUMPTION
SE201163,2027_Spring,5,ISM302,3,CURRICULUM_ASSUMPTION
SE201163,2027_Spring,5,ISP392,3,CURRICULUM_ASSUMPTION
SE201163,2027_Spring,5,ITA301,3,CURRICULUM_ASSUMPTION
SE201163,2027_Spring,5,ITE302c,3,CURRICULUM_ASSUMPTION
SE201164,2027_Spring,5,IS_COM*1,3,CURRICULUM_ASSUMPTION
SE201164,2027_Spring,5,ISM302,3,CURRICULUM_ASSUMPTION
SE201164,2027_Spring,5,ISP392,3,CURRICULUM_ASSUMPTION
SE201164,2027_Spring,5,ITA301,3,CURRICULUM_ASSUMPTION
SE201164,2027_Spring,5,ITE302c,3,CURRICULUM_ASSUMPTION
SE201165,2027_Spring,5,IS_COM*1,3,CURRICULUM_ASSUMPTION
SE201165,2027_Spring,5,ISM302,3,CURRICULUM_ASSUMPTION
SE201165,2027_Spring,5,ISP392,3,CURRICULUM_ASSUMPTION
SE201165,2027_Spring,5,ITA301,3,CURRICULUM_ASSUMPTION
SE201165,2027_Spring,5,ITE302c,3,CURRICULUM_ASSUMPTION
SE201166,2027_Spring,5,IS_COM*1,3,CURRICULUM_ASSUMPTION
SE201166,2027_Spring,5,ISM302,3,CURRICULUM_ASSUMPTION
SE201166,2027_Spring,5,ISP392,3,CURRICULUM_ASSUMPTION
SE201166,2027_Spring,5,ITA301,3,CURRICULUM_ASSUMPTION
SE201166,2027_Spring,5,ITE302c,3,CURRICULUM_ASSUMPTION
SE201167,2027_Spring,5,IS_COM*1,3,CURRICULUM_ASSUMPTION
SE201167,2027_Spring,5,ISM302,3,CURRICULUM_ASSUMPTION
SE201167,2027_Spring,5,ISP392,3,CURRICULUM_ASSUMPTION
SE201167,2027_Spring,5,ITA301,3,CURRICULUM_ASSUMPTION
SE201167,2027_Spring,5,ITE302c,3,CURRICULUM_ASSUMPTION
SE201168,2027_Spring,5,IS_COM*1,3,CURRICULUM_ASSUMPTION
SE201168,2027_Spring,5,ISM302,3,CURRICULUM_ASSUMPTION
SE201168,2027_Spring,5,ISP392,3,CURRICULUM_ASSUMPTION
SE201168,2027_Spring,5,ITA301,3,CURRICULUM_ASSUMPTION
SE201168,2027_Spring,5,ITE302c,3,CURRICULUM_ASSUMPTION
SE201169,2027_Spring,5,IS_COM*1,3,CURRICULUM_ASSUMPTION
SE201169,2027_Spring,5,ISM302,3,CURRICULUM_ASSUMPTION
SE201169,2027_Spring,5,ISP392,3,CURRICULUM_ASSUMPTION
SE201169,2027_Spring,5,ITA301,3,CURRICULUM_ASSUMPTION
SE201169,2027_Spring,5,ITE302c,3,CURRICULUM_ASSUMPTION
SE201170,2027_Spring,5,IS_COM*1,3,CURRICULUM_ASSUMPTION
SE201170,2027_Spring,5,ISM302,3,CURRICULUM_ASSUMPTION
SE201170,2027_Spring,5,ISP392,3,CURRICULUM_ASSUMPTION
SE201170,2027_Spring,5,ITA301,3,CURRICULUM_ASSUMPTION
SE201170,2027_Spring,5,ITE302c,3,CURRICULUM_ASSUMPTION
SE201171,2027_Spring,5,IS_COM*1,3,CURRICULUM_ASSUMPTION
SE201171,2027_Spring,5,ISM302,3,CURRICULUM_ASSUMPTION
SE201171,2027_Spring,5,ISP392,3,CURRICULUM_ASSUMPTION
SE201171,2027_Spring,5,ITA301,3,CURRICULUM_ASSUMPTION
SE201171,2027_Spring,5,ITE302c,3,CURRICULUM_ASSUMPTION
SE201172,2027_Spring,5,IS_COM*1,3,CURRICULUM_ASSUMPTION
SE201172,2027_Spring,5,ISM302,3,CURRICULUM_ASSUMPTION
SE201172,2027_Spring,5,ISP392,3,CURRICULUM_ASSUMPTION
SE201172,2027_Spring,5,ITA301,3,CURRICULUM_ASSUMPTION
SE201172,2027_Spring,5,ITE302c,3,CURRICULUM_ASSUMPTION
SE201173,2027_Spring,5,IS_COM*1,3,CURRICULUM_ASSUMPTION
SE201173,2027_Spring,5,ISM302,3,CURRICULUM_ASSUMPTION
SE201173,2027_Spring,5,ISP392,3,CURRICULUM_ASSUMPTION
SE201173,2027_Spring,5,ITA301,3,CURRICULUM_ASSUMPTION
SE201173,2027_Spring,5,ITE302c,3,CURRICULUM_ASSUMPTION
SE201174,2027_Spring,5,IS_COM*1,3,CURRICULUM_ASSUMPTION
SE201174,2027_Spring,5,ISM302,3,CURRICULUM_ASSUMPTION
SE201174,2027_Spring,5,ISP392,3,CURRICULUM_ASSUMPTION
SE201174,2027_Spring,5,ITA301,3,CURRICULUM_ASSUMPTION
SE201174,2027_Spring,5,ITE302c,3,CURRICULUM_ASSUMPTION
SE201175,2027_Spring,5,IS_COM*1,3,CURRICULUM_ASSUMPTION
SE201175,2027_Spring,5,ISM302,3,CURRICULUM_ASSUMPTION
SE201175,2027_Spring,5,ISP392,3,CURRICULUM_ASSUMPTION
SE201175,2027_Spring,5,ITA301,3,CURRICULUM_ASSUMPTION
SE201175,2027_Spring,5,ITE302c,3,CURRICULUM_ASSUMPTION
SE201176,2027_Spring,5,IS_COM*1,3,CURRICULUM_ASSUMPTION
SE201176,2027_Spring,5,ISM302,3,CURRICULUM_ASSUMPTION
SE201176,2027_Spring,5,ISP392,3,CURRICULUM_ASSUMPTION
SE201176,2027_Spring,5,ITA301,3,CURRICULUM_ASSUMPTION
SE201176,2027_Spring,5,ITE302c,3,CURRICULUM_ASSUMPTION
SE201177,2027_Spring,5,IS_COM*1,3,CURRICULUM_ASSUMPTION
SE201177,2027_Spring,5,ISM302,3,CURRICULUM_ASSUMPTION
SE201177,2027_Spring,5,ISP392,3,CURRICULUM_ASSUMPTION
SE201177,2027_Spring,5,ITA301,3,CURRICULUM_ASSUMPTION
SE201177,2027_Spring,5,ITE302c,3,CURRICULUM_ASSUMPTION
SE201178,2027_Spring,5,IS_COM*1,3,CURRICULUM_ASSUMPTION
SE201178,2027_Spring,5,ISM302,3,CURRICULUM_ASSUMPTION
SE201178,2027_Spring,5,ISP392,3,CURRICULUM_ASSUMPTION
SE201178,2027_Spring,5,ITA301,3,CURRICULUM_ASSUMPTION
SE201178,2027_Spring,5,ITE302c,3,CURRICULUM_ASSUMPTION
SE201179,2027_Spring,5,IS_COM*1,3,CURRICULUM_ASSUMPTION
SE201179,2027_Spring,5,ISM302,3,CURRICULUM_ASSUMPTION
SE201179,2027_Spring,5,ISP392,3,CURRICULUM_ASSUMPTION
SE201179,2027_Spring,5,ITA301,3,CURRICULUM_ASSUMPTION
SE201179,2027_Spring,5,ITE302c,3,CURRICULUM_ASSUMPTION
SE201180,2027_Spring,5,IS_COM*1,3,CURRICULUM_ASSUMPTION
SE201180,2027_Spring,5,ISM302,3,CURRICULUM_ASSUMPTION
SE201180,2027_Spring,5,ISP392,3,CURRICULUM_ASSUMPTION
SE201180,2027_Spring,5,ITA301,3,CURRICULUM_ASSUMPTION
SE201180,2027_Spring,5,ITE302c,3,CURRICULUM_ASSUMPTION
SE201181,2027_Spring,5,IS_COM*1,3,CURRICULUM_ASSUMPTION
SE201181,2027_Spring,5,ISM302,3,CURRICULUM_ASSUMPTION
SE201181,2027_Spring,5,ISP392,3,CURRICULUM_ASSUMPTION
SE201181,2027_Spring,5,ITA301,3,CURRICULUM_ASSUMPTION
SE201181,2027_Spring,5,ITE302c,3,CURRICULUM_ASSUMPTION
SE201182,2027_Spring,5,IS_COM*1,3,CURRICULUM_ASSUMPTION
SE201182,2027_Spring,5,ISM302,3,CURRICULUM_ASSUMPTION
SE201182,2027_Spring,5,ISP392,3,CURRICULUM_ASSUMPTION
SE201182,2027_Spring,5,ITA301,3,CURRICULUM_ASSUMPTION
SE201182,2027_Spring,5,ITE302c,3,CURRICULUM_ASSUMPTION
SE201183,2027_Spring,5,IS_COM*1,3,CURRICULUM_ASSUMPTION
SE201183,2027_Spring,5,ISM302,3,CURRICULUM_ASSUMPTION
SE201183,2027_Spring,5,ISP392,3,CURRICULUM_ASSUMPTION
SE201183,2027_Spring,5,ITA301,3,CURRICULUM_ASSUMPTION
SE201183,2027_Spring,5,ITE302c,3,CURRICULUM_ASSUMPTION
SE201184,2027_Spring,5,IS_COM*1,3,CURRICULUM_ASSUMPTION
SE201184,2027_Spring,5,ISM302,3,CURRICULUM_ASSUMPTION
SE201184,2027_Spring,5,ISP392,3,CURRICULUM_ASSUMPTION
SE201184,2027_Spring,5,ITA301,3,CURRICULUM_ASSUMPTION
SE201184,2027_Spring,5,ITE302c,3,CURRICULUM_ASSUMPTION
SE201185,2027_Spring,5,IS_COM*1,3,CURRICULUM_ASSUMPTION
SE201185,2027_Spring,5,ISM302,3,CURRICULUM_ASSUMPTION
SE201185,2027_Spring,5,ISP392,3,CURRICULUM_ASSUMPTION
SE201185,2027_Spring,5,ITA301,3,CURRICULUM_ASSUMPTION
SE201185,2027_Spring,5,ITE302c,3,CURRICULUM_ASSUMPTION
SE201186,2027_Spring,5,IS_COM*1,3,CURRICULUM_ASSUMPTION
SE201186,2027_Spring,5,ISM302,3,CURRICULUM_ASSUMPTION
SE201186,2027_Spring,5,ISP392,3,CURRICULUM_ASSUMPTION
SE201186,2027_Spring,5,ITA301,3,CURRICULUM_ASSUMPTION
SE201186,2027_Spring,5,ITE302c,3,CURRICULUM_ASSUMPTION
SE201187,2027_Spring,5,IS_COM*1,3,CURRICULUM_ASSUMPTION
SE201187,2027_Spring,5,ISM302,3,CURRICULUM_ASSUMPTION
SE201187,2027_Spring,5,ISP392,3,CURRICULUM_ASSUMPTION
SE201187,2027_Spring,5,ITA301,3,CURRICULUM_ASSUMPTION
SE201187,2027_Spring,5,ITE302c,3,CURRICULUM_ASSUMPTION
SE201188,2027_Spring,5,IS_COM*1,3,CURRICULUM_ASSUMPTION
SE201188,2027_Spring,5,ISM302,3,CURRICULUM_ASSUMPTION
SE201188,2027_Spring,5,ISP392,3,CURRICULUM_ASSUMPTION
SE201188,2027_Spring,5,ITA301,3,CURRICULUM_ASSUMPTION
SE201188,2027_Spring,5,ITE302c,3,CURRICULUM_ASSUMPTION
SE201189,2027_Spring,5,IS_COM*1,3,CURRICULUM_ASSUMPTION
SE201189,2027_Spring,5,ISM302,3,CURRICULUM_ASSUMPTION
SE201189,2027_Spring,5,ISP392,3,CURRICULUM_ASSUMPTION
SE201189,2027_Spring,5,ITA301,3,CURRICULUM_ASSUMPTION
SE201189,2027_Spring,5,ITE302c,3,CURRICULUM_ASSUMPTION
SE201190,2027_Spring,5,IS_COM*1,3,CURRICULUM_ASSUMPTION
SE201190,2027_Spring,5,ISM302,3,CURRICULUM_ASSUMPTION
SE201190,2027_Spring,5,ISP392,3,CURRICULUM_ASSUMPTION
SE201190,2027_Spring,5,ITA301,3,CURRICULUM_ASSUMPTION
SE201190,2027_Spring,5,ITE302c,3,CURRICULUM_ASSUMPTION
SE201191,2027_Spring,5,IS_COM*1,3,CURRICULUM_ASSUMPTION
SE201191,2027_Spring,5,ISM302,3,CURRICULUM_ASSUMPTION
SE201191,2027_Spring,5,ISP392,3,CURRICULUM_ASSUMPTION
SE201191,2027_Spring,5,ITA301,3,CURRICULUM_ASSUMPTION
SE201191,2027_Spring,5,ITE302c,3,CURRICULUM_ASSUMPTION
SE201192,2027_Spring,5,IS_COM*1,3,CURRICULUM_ASSUMPTION
SE201192,2027_Spring,5,ISM302,3,CURRICULUM_ASSUMPTION
SE201192,2027_Spring,5,ISP392,3,CURRICULUM_ASSUMPTION
SE201192,2027_Spring,5,ITA301,3,CURRICULUM_ASSUMPTION
SE201192,2027_Spring,5,ITE302c,3,CURRICULUM_ASSUMPTION
SE201193,2027_Spring,5,IS_COM*1,3,CURRICULUM_ASSUMPTION
SE201193,2027_Spring,5,ISM302,3,CURRICULUM_ASSUMPTION
SE201193,2027_Spring,5,ISP392,3,CURRICULUM_ASSUMPTION
SE201193,2027_Spring,5,ITA301,3,CURRICULUM_ASSUMPTION
SE201193,2027_Spring,5,ITE302c,3,CURRICULUM_ASSUMPTION
SE201194,2027_Spring,5,IS_COM*1,3,CURRICULUM_ASSUMPTION
SE201194,2027_Spring,5,ISM302,3,CURRICULUM_ASSUMPTION
SE201194,2027_Spring,5,ISP392,3,CURRICULUM_ASSUMPTION
SE201194,2027_Spring,5,ITA301,3,CURRICULUM_ASSUMPTION
SE201194,2027_Spring,5,ITE302c,3,CURRICULUM_ASSUMPTION
SE201195,2027_Spring,5,IS_COM*1,3,CURRICULUM_ASSUMPTION
SE201195,2027_Spring,5,ISM302,3,CURRICULUM_ASSUMPTION
SE201195,2027_Spring,5,ISP392,3,CURRICULUM_ASSUMPTION
SE201195,2027_Spring,5,ITA301,3,CURRICULUM_ASSUMPTION
SE201195,2027_Spring,5,ITE302c,3,CURRICULUM_ASSUMPTION
SE201196,2027_Spring,5,IS_COM*1,3,CURRICULUM_ASSUMPTION
SE201196,2027_Spring,5,ISM302,3,CURRICULUM_ASSUMPTION
SE201196,2027_Spring,5,ISP392,3,CURRICULUM_ASSUMPTION
SE201196,2027_Spring,5,ITA301,3,CURRICULUM_ASSUMPTION
SE201196,2027_Spring,5,ITE302c,3,CURRICULUM_ASSUMPTION
SE201197,2027_Spring,5,IS_COM*1,3,CURRICULUM_ASSUMPTION
SE201197,2027_Spring,5,ISM302,3,CURRICULUM_ASSUMPTION
SE201197,2027_Spring,5,ISP392,3,CURRICULUM_ASSUMPTION
SE201197,2027_Spring,5,ITA301,3,CURRICULUM_ASSUMPTION
SE201197,2027_Spring,5,ITE302c,3,CURRICULUM_ASSUMPTION
SE201198,2027_Spring,5,IS_COM*1,3,CURRICULUM_ASSUMPTION
SE201198,2027_Spring,5,ISM302,3,CURRICULUM_ASSUMPTION
SE201198,2027_Spring,5,ISP392,3,CURRICULUM_ASSUMPTION
SE201198,2027_Spring,5,ITA301,3,CURRICULUM_ASSUMPTION
SE201198,2027_Spring,5,ITE302c,3,CURRICULUM_ASSUMPTION
SE201199,2027_Spring,5,IS_COM*1,3,CURRICULUM_ASSUMPTION
SE201199,2027_Spring,5,ISM302,3,CURRICULUM_ASSUMPTION
SE201199,2027_Spring,5,ISP392,3,CURRICULUM_ASSUMPTION
SE201199,2027_Spring,5,ITA301,3,CURRICULUM_ASSUMPTION
SE201199,2027_Spring,5,ITE302c,3,CURRICULUM_ASSUMPTION
SE201200,2027_Spring,5,IS_COM*1,3,CURRICULUM_ASSUMPTION
SE201200,2027_Spring,5,ISM302,3,CURRICULUM_ASSUMPTION
SE201200,2027_Spring,5,ISP392,3,CURRICULUM_ASSUMPTION
SE201200,2027_Spring,5,ITA301,3,CURRICULUM_ASSUMPTION
SE201200,2027_Spring,5,ITE302c,3,CURRICULUM_ASSUMPTION
SE201201,2027_Spring,5,IS_COM*1,3,CURRICULUM_ASSUMPTION
SE201201,2027_Spring,5,ISM302,3,CURRICULUM_ASSUMPTION
SE201201,2027_Spring,5,ISP392,3,CURRICULUM_ASSUMPTION
SE201201,2027_Spring,5,ITA301,3,CURRICULUM_ASSUMPTION
SE201201,2027_Spring,5,ITE302c,3,CURRICULUM_ASSUMPTION
SE201202,2027_Spring,5,IS_COM*1,3,CURRICULUM_ASSUMPTION
SE201202,2027_Spring,5,ISM302,3,CURRICULUM_ASSUMPTION
SE201202,2027_Spring,5,ISP392,3,CURRICULUM_ASSUMPTION
SE201202,2027_Spring,5,ITA301,3,CURRICULUM_ASSUMPTION
SE201202,2027_Spring,5,ITE302c,3,CURRICULUM_ASSUMPTION
SE201203,2027_Spring,5,IS_COM*1,3,CURRICULUM_ASSUMPTION
SE201203,2027_Spring,5,ISM302,3,CURRICULUM_ASSUMPTION
SE201203,2027_Spring,5,ISP392,3,CURRICULUM_ASSUMPTION
SE201203,2027_Spring,5,ITA301,3,CURRICULUM_ASSUMPTION
SE201203,2027_Spring,5,ITE302c,3,CURRICULUM_ASSUMPTION
SE201204,2027_Spring,5,IS_COM*1,3,CURRICULUM_ASSUMPTION
SE201204,2027_Spring,5,ISM302,3,CURRICULUM_ASSUMPTION
SE201204,2027_Spring,5,ISP392,3,CURRICULUM_ASSUMPTION
SE201204,2027_Spring,5,ITA301,3,CURRICULUM_ASSUMPTION
SE201204,2027_Spring,5,ITE302c,3,CURRICULUM_ASSUMPTION
SE201205,2027_Spring,5,IS_COM*1,3,CURRICULUM_ASSUMPTION
SE201205,2027_Spring,5,ISM302,3,CURRICULUM_ASSUMPTION
SE201205,2027_Spring,5,ISP392,3,CURRICULUM_ASSUMPTION
SE201205,2027_Spring,5,ITA301,3,CURRICULUM_ASSUMPTION
SE201205,2027_Spring,5,ITE302c,3,CURRICULUM_ASSUMPTION
SE201206,2027_Spring,5,IS_COM*1,3,CURRICULUM_ASSUMPTION
SE201206,2027_Spring,5,ISM302,3,CURRICULUM_ASSUMPTION
SE201206,2027_Spring,5,ISP392,3,CURRICULUM_ASSUMPTION
SE201206,2027_Spring,5,ITA301,3,CURRICULUM_ASSUMPTION
SE201206,2027_Spring,5,ITE302c,3,CURRICULUM_ASSUMPTION
SE201207,2027_Spring,5,IS_COM*1,3,CURRICULUM_ASSUMPTION
SE201207,2027_Spring,5,ISM302,3,CURRICULUM_ASSUMPTION
SE201207,2027_Spring,5,ISP392,3,CURRICULUM_ASSUMPTION
SE201207,2027_Spring,5,ITA301,3,CURRICULUM_ASSUMPTION
SE201207,2027_Spring,5,ITE302c,3,CURRICULUM_ASSUMPTION
SE201208,2027_Spring,5,IS_COM*1,3,CURRICULUM_ASSUMPTION
SE201208,2027_Spring,5,ISM302,3,CURRICULUM_ASSUMPTION
SE201208,2027_Spring,5,ISP392,3,CURRICULUM_ASSUMPTION
SE201208,2027_Spring,5,ITA301,3,CURRICULUM_ASSUMPTION
SE201208,2027_Spring,5,ITE302c,3,CURRICULUM_ASSUMPTION
SE201209,2027_Spring,5,IS_COM*1,3,CURRICULUM_ASSUMPTION
SE201209,2027_Spring,5,ISM302,3,CURRICULUM_ASSUMPTION
SE201209,2027_Spring,5,ISP392,3,CURRICULUM_ASSUMPTION
SE201209,2027_Spring,5,ITA301,3,CURRICULUM_ASSUMPTION
SE201209,2027_Spring,5,ITE302c,3,CURRICULUM_ASSUMPTION
SE201210,2027_Spring,5,IS_COM*1,3,CURRICULUM_ASSUMPTION
SE201210,2027_Spring,5,ISM302,3,CURRICULUM_ASSUMPTION
SE201210,2027_Spring,5,ISP392,3,CURRICULUM_ASSUMPTION
SE201210,2027_Spring,5,ITA301,3,CURRICULUM_ASSUMPTION
SE201210,2027_Spring,5,ITE302c,3,CURRICULUM_ASSUMPTION
SE201211,2027_Spring,5,IS_COM*1,3,CURRICULUM_ASSUMPTION
SE201211,2027_Spring,5,ISM302,3,CURRICULUM_ASSUMPTION
SE201211,2027_Spring,5,ISP392,3,CURRICULUM_ASSUMPTION
SE201211,2027_Spring,5,ITA301,3,CURRICULUM_ASSUMPTION
SE201211,2027_Spring,5,ITE302c,3,CURRICULUM_ASSUMPTION
SE201212,2027_Spring,5,IS_COM*1,3,CURRICULUM_ASSUMPTION
SE201212,2027_Spring,5,ISM302,3,CURRICULUM_ASSUMPTION
SE201212,2027_Spring,5,ISP392,3,CURRICULUM_ASSUMPTION
SE201212,2027_Spring,5,ITA301,3,CURRICULUM_ASSUMPTION
SE201212,2027_Spring,5,ITE302c,3,CURRICULUM_ASSUMPTION
SE201213,2027_Spring,5,IS_COM*1,3,CURRICULUM_ASSUMPTION
SE201213,2027_Spring,5,ISM302,3,CURRICULUM_ASSUMPTION
SE201213,2027_Spring,5,ISP392,3,CURRICULUM_ASSUMPTION
SE201213,2027_Spring,5,ITA301,3,CURRICULUM_ASSUMPTION
SE201213,2027_Spring,5,ITE302c,3,CURRICULUM_ASSUMPTION
SE201214,2027_Spring,5,IS_COM*1,3,CURRICULUM_ASSUMPTION
SE201214,2027_Spring,5,ISM302,3,CURRICULUM_ASSUMPTION
SE201214,2027_Spring,5,ISP392,3,CURRICULUM_ASSUMPTION
SE201214,2027_Spring,5,ITA301,3,CURRICULUM_ASSUMPTION
SE201214,2027_Spring,5,ITE302c,3,CURRICULUM_ASSUMPTION
SE201215,2027_Spring,5,IS_COM*1,3,CURRICULUM_ASSUMPTION
SE201215,2027_Spring,5,ISM302,3,CURRICULUM_ASSUMPTION
SE201215,2027_Spring,5,ISP392,3,CURRICULUM_ASSUMPTION
SE201215,2027_Spring,5,ITA301,3,CURRICULUM_ASSUMPTION
SE201215,2027_Spring,5,ITE302c,3,CURRICULUM_ASSUMPTION
SE201216,2027_Spring,5,IS_COM*1,3,CURRICULUM_ASSUMPTION
SE201216,2027_Spring,5,ISM302,3,CURRICULUM_ASSUMPTION
SE201216,2027_Spring,5,ISP392,3,CURRICULUM_ASSUMPTION
SE201216,2027_Spring,5,ITA301,3,CURRICULUM_ASSUMPTION
SE201216,2027_Spring,5,ITE302c,3,CURRICULUM_ASSUMPTION
SE201217,2027_Spring,5,IS_COM*1,3,CURRICULUM_ASSUMPTION
SE201217,2027_Spring,5,ISM302,3,CURRICULUM_ASSUMPTION
SE201217,2027_Spring,5,ISP392,3,CURRICULUM_ASSUMPTION
SE201217,2027_Spring,5,ITA301,3,CURRICULUM_ASSUMPTION
SE201217,2027_Spring,5,ITE302c,3,CURRICULUM_ASSUMPTION
SE201218,2027_Spring,5,IS_COM*1,3,CURRICULUM_ASSUMPTION
SE201218,2027_Spring,5,ISM302,3,CURRICULUM_ASSUMPTION
SE201218,2027_Spring,5,ISP392,3,CURRICULUM_ASSUMPTION
SE201218,2027_Spring,5,ITA301,3,CURRICULUM_ASSUMPTION
SE201218,2027_Spring,5,ITE302c,3,CURRICULUM_ASSUMPTION
SE201219,2027_Spring,5,IS_COM*1,3,CURRICULUM_ASSUMPTION
SE201219,2027_Spring,5,ISM302,3,CURRICULUM_ASSUMPTION
SE201219,2027_Spring,5,ISP392,3,CURRICULUM_ASSUMPTION
SE201219,2027_Spring,5,ITA301,3,CURRICULUM_ASSUMPTION
SE201219,2027_Spring,5,ITE302c,3,CURRICULUM_ASSUMPTION
SE201220,2027_Spring,5,IS_COM*1,3,CURRICULUM_ASSUMPTION
SE201220,2027_Spring,5,ISM302,3,CURRICULUM_ASSUMPTION
SE201220,2027_Spring,5,ISP392,3,CURRICULUM_ASSUMPTION
SE201220,2027_Spring,5,ITA301,3,CURRICULUM_ASSUMPTION
SE201220,2027_Spring,5,ITE302c,3,CURRICULUM_ASSUMPTION
SE201221,2027_Spring,5,IS_COM*1,3,CURRICULUM_ASSUMPTION
SE201221,2027_Spring,5,ISM302,3,CURRICULUM_ASSUMPTION
SE201221,2027_Spring,5,ISP392,3,CURRICULUM_ASSUMPTION
SE201221,2027_Spring,5,ITA301,3,CURRICULUM_ASSUMPTION
SE201221,2027_Spring,5,ITE302c,3,CURRICULUM_ASSUMPTION
SE201222,2027_Spring,5,IS_COM*1,3,CURRICULUM_ASSUMPTION
SE201222,2027_Spring,5,ISM302,3,CURRICULUM_ASSUMPTION
SE201222,2027_Spring,5,ISP392,3,CURRICULUM_ASSUMPTION
SE201222,2027_Spring,5,ITA301,3,CURRICULUM_ASSUMPTION
SE201222,2027_Spring,5,ITE302c,3,CURRICULUM_ASSUMPTION
SE201223,2027_Spring,5,IS_COM*1,3,CURRICULUM_ASSUMPTION
SE201223,2027_Spring,5,ISM302,3,CURRICULUM_ASSUMPTION
SE201223,2027_Spring,5,ISP392,3,CURRICULUM_ASSUMPTION
SE201223,2027_Spring,5,ITA301,3,CURRICULUM_ASSUMPTION
SE201223,2027_Spring,5,ITE302c,3,CURRICULUM_ASSUMPTION
SE201224,2027_Spring,5,IS_COM*1,3,CURRICULUM_ASSUMPTION
SE201224,2027_Spring,5,ISM302,3,CURRICULUM_ASSUMPTION
SE201224,2027_Spring,5,ISP392,3,CURRICULUM_ASSUMPTION
SE201224,2027_Spring,5,ITA301,3,CURRICULUM_ASSUMPTION
SE201224,2027_Spring,5,ITE302c,3,CURRICULUM_ASSUMPTION
SE201225,2027_Spring,5,IS_COM*1,3,CURRICULUM_ASSUMPTION
SE201225,2027_Spring,5,ISM302,3,CURRICULUM_ASSUMPTION
SE201225,2027_Spring,5,ISP392,3,CURRICULUM_ASSUMPTION
SE201225,2027_Spring,5,ITA301,3,CURRICULUM_ASSUMPTION
SE201225,2027_Spring,5,ITE302c,3,CURRICULUM_ASSUMPTION
SE201226,2027_Spring,5,IS_COM*1,3,CURRICULUM_ASSUMPTION
SE201226,2027_Spring,5,ISM302,3,CURRICULUM_ASSUMPTION
SE201226,2027_Spring,5,ISP392,3,CURRICULUM_ASSUMPTION
SE201226,2027_Spring,5,ITA301,3,CURRICULUM_ASSUMPTION
SE201226,2027_Spring,5,ITE302c,3,CURRICULUM_ASSUMPTION
SE201227,2027_Spring,5,IS_COM*1,3,CURRICULUM_ASSUMPTION
SE201227,2027_Spring,5,ISM302,3,CURRICULUM_ASSUMPTION
SE201227,2027_Spring,5,ISP392,3,CURRICULUM_ASSUMPTION
SE201227,2027_Spring,5,ITA301,3,CURRICULUM_ASSUMPTION
SE201227,2027_Spring,5,ITE302c,3,CURRICULUM_ASSUMPTION
SE201228,2027_Spring,5,IS_COM*1,3,CURRICULUM_ASSUMPTION
SE201228,2027_Spring,5,ISM302,3,CURRICULUM_ASSUMPTION
SE201228,2027_Spring,5,ISP392,3,CURRICULUM_ASSUMPTION
SE201228,2027_Spring,5,ITA301,3,CURRICULUM_ASSUMPTION
SE201228,2027_Spring,5,ITE302c,3,CURRICULUM_ASSUMPTION
SE201229,2027_Spring,5,IS_COM*1,3,CURRICULUM_ASSUMPTION
SE201229,2027_Spring,5,ISM302,3,CURRICULUM_ASSUMPTION
SE201229,2027_Spring,5,ISP392,3,CURRICULUM_ASSUMPTION
SE201229,2027_Spring,5,ITA301,3,CURRICULUM_ASSUMPTION
SE201229,2027_Spring,5,ITE302c,3,CURRICULUM_ASSUMPTION
SE201230,2027_Spring,5,IS_COM*1,3,CURRICULUM_ASSUMPTION
SE201230,2027_Spring,5,ISM302,3,CURRICULUM_ASSUMPTION
SE201230,2027_Spring,5,ISP392,3,CURRICULUM_ASSUMPTION
SE201230,2027_Spring,5,ITA301,3,CURRICULUM_ASSUMPTION
SE201230,2027_Spring,5,ITE302c,3,CURRICULUM_ASSUMPTION
SE201231,2027_Spring,5,IS_COM*1,3,CURRICULUM_ASSUMPTION
SE201231,2027_Spring,5,ISM302,3,CURRICULUM_ASSUMPTION
SE201231,2027_Spring,5,ISP392,3,CURRICULUM_ASSUMPTION
SE201231,2027_Spring,5,ITA301,3,CURRICULUM_ASSUMPTION
SE201231,2027_Spring,5,ITE302c,3,CURRICULUM_ASSUMPTION
SE201232,2027_Spring,5,IS_COM*1,3,CURRICULUM_ASSUMPTION
SE201232,2027_Spring,5,ISM302,3,CURRICULUM_ASSUMPTION
SE201232,2027_Spring,5,ISP392,3,CURRICULUM_ASSUMPTION
SE201232,2027_Spring,5,ITA301,3,CURRICULUM_ASSUMPTION
SE201232,2027_Spring,5,ITE302c,3,CURRICULUM_ASSUMPTION
SE201233,2027_Spring,5,IS_COM*1,3,CURRICULUM_ASSUMPTION
SE201233,2027_Spring,5,ISM302,3,CURRICULUM_ASSUMPTION
SE201233,2027_Spring,5,ISP392,3,CURRICULUM_ASSUMPTION
SE201233,2027_Spring,5,ITA301,3,CURRICULUM_ASSUMPTION
SE201233,2027_Spring,5,ITE302c,3,CURRICULUM_ASSUMPTION
SE201234,2027_Spring,5,IS_COM*1,3,CURRICULUM_ASSUMPTION
SE201234,2027_Spring,5,ISM302,3,CURRICULUM_ASSUMPTION
SE201234,2027_Spring,5,ISP392,3,CURRICULUM_ASSUMPTION
SE201234,2027_Spring,5,ITA301,3,CURRICULUM_ASSUMPTION
SE201234,2027_Spring,5,ITE302c,3,CURRICULUM_ASSUMPTION
SE201235,2027_Spring,5,IS_COM*1,3,CURRICULUM_ASSUMPTION
SE201235,2027_Spring,5,ISM302,3,CURRICULUM_ASSUMPTION
SE201235,2027_Spring,5,ISP392,3,CURRICULUM_ASSUMPTION
SE201235,2027_Spring,5,ITA301,3,CURRICULUM_ASSUMPTION
SE201235,2027_Spring,5,ITE302c,3,CURRICULUM_ASSUMPTION
SE201236,2027_Spring,5,IS_COM*1,3,CURRICULUM_ASSUMPTION
SE201236,2027_Spring,5,ISM302,3,CURRICULUM_ASSUMPTION
SE201236,2027_Spring,5,ISP392,3,CURRICULUM_ASSUMPTION
SE201236,2027_Spring,5,ITA301,3,CURRICULUM_ASSUMPTION
SE201236,2027_Spring,5,ITE302c,3,CURRICULUM_ASSUMPTION
SE201237,2027_Spring,5,IS_COM*1,3,CURRICULUM_ASSUMPTION
SE201237,2027_Spring,5,ISM302,3,CURRICULUM_ASSUMPTION
SE201237,2027_Spring,5,ISP392,3,CURRICULUM_ASSUMPTION
SE201237,2027_Spring,5,ITA301,3,CURRICULUM_ASSUMPTION
SE201237,2027_Spring,5,ITE302c,3,CURRICULUM_ASSUMPTION
SE201238,2027_Spring,5,IS_COM*1,3,CURRICULUM_ASSUMPTION
SE201238,2027_Spring,5,ISM302,3,CURRICULUM_ASSUMPTION
SE201238,2027_Spring,5,ISP392,3,CURRICULUM_ASSUMPTION
SE201238,2027_Spring,5,ITA301,3,CURRICULUM_ASSUMPTION
SE201238,2027_Spring,5,ITE302c,3,CURRICULUM_ASSUMPTION
SE201239,2027_Spring,5,IS_COM*1,3,CURRICULUM_ASSUMPTION
SE201239,2027_Spring,5,ISM302,3,CURRICULUM_ASSUMPTION
SE201239,2027_Spring,5,ISP392,3,CURRICULUM_ASSUMPTION
SE201239,2027_Spring,5,ITA301,3,CURRICULUM_ASSUMPTION
SE201239,2027_Spring,5,ITE302c,3,CURRICULUM_ASSUMPTION
SE201240,2027_Spring,5,IS_COM*1,3,CURRICULUM_ASSUMPTION
SE201240,2027_Spring,5,ISM302,3,CURRICULUM_ASSUMPTION
SE201240,2027_Spring,5,ISP392,3,CURRICULUM_ASSUMPTION
SE201240,2027_Spring,5,ITA301,3,CURRICULUM_ASSUMPTION
SE201240,2027_Spring,5,ITE302c,3,CURRICULUM_ASSUMPTION
SE201241,2027_Spring,5,IS_COM*1,3,CURRICULUM_ASSUMPTION
SE201241,2027_Spring,5,ISM302,3,CURRICULUM_ASSUMPTION
SE201241,2027_Spring,5,ISP392,3,CURRICULUM_ASSUMPTION
SE201241,2027_Spring,5,ITA301,3,CURRICULUM_ASSUMPTION
SE201241,2027_Spring,5,ITE302c,3,CURRICULUM_ASSUMPTION
SE201242,2027_Spring,5,IS_COM*1,3,CURRICULUM_ASSUMPTION
SE201242,2027_Spring,5,ISM302,3,CURRICULUM_ASSUMPTION
SE201242,2027_Spring,5,ISP392,3,CURRICULUM_ASSUMPTION
SE201242,2027_Spring,5,ITA301,3,CURRICULUM_ASSUMPTION
SE201242,2027_Spring,5,ITE302c,3,CURRICULUM_ASSUMPTION
SE201243,2027_Spring,5,IS_COM*1,3,CURRICULUM_ASSUMPTION
SE201243,2027_Spring,5,ISM302,3,CURRICULUM_ASSUMPTION
SE201243,2027_Spring,5,ISP392,3,CURRICULUM_ASSUMPTION
SE201243,2027_Spring,5,ITA301,3,CURRICULUM_ASSUMPTION
SE201243,2027_Spring,5,ITE302c,3,CURRICULUM_ASSUMPTION
SE201244,2027_Spring,5,IS_COM*1,3,CURRICULUM_ASSUMPTION
SE201244,2027_Spring,5,ISM302,3,CURRICULUM_ASSUMPTION
SE201244,2027_Spring,5,ISP392,3,CURRICULUM_ASSUMPTION
SE201244,2027_Spring,5,ITA301,3,CURRICULUM_ASSUMPTION
SE201244,2027_Spring,5,ITE302c,3,CURRICULUM_ASSUMPTION
SE201245,2027_Spring,5,IS_COM*1,3,CURRICULUM_ASSUMPTION
SE201245,2027_Spring,5,ISM302,3,CURRICULUM_ASSUMPTION
SE201245,2027_Spring,5,ISP392,3,CURRICULUM_ASSUMPTION
SE201245,2027_Spring,5,ITA301,3,CURRICULUM_ASSUMPTION
SE201245,2027_Spring,5,ITE302c,3,CURRICULUM_ASSUMPTION
SE201246,2027_Spring,5,IS_COM*1,3,CURRICULUM_ASSUMPTION
SE201246,2027_Spring,5,ISM302,3,CURRICULUM_ASSUMPTION
SE201246,2027_Spring,5,ISP392,3,CURRICULUM_ASSUMPTION
SE201246,2027_Spring,5,ITA301,3,CURRICULUM_ASSUMPTION
SE201246,2027_Spring,5,ITE302c,3,CURRICULUM_ASSUMPTION
SE201247,2027_Spring,5,IS_COM*1,3,CURRICULUM_ASSUMPTION
SE201247,2027_Spring,5,ISM302,3,CURRICULUM_ASSUMPTION
SE201247,2027_Spring,5,ISP392,3,CURRICULUM_ASSUMPTION
SE201247,2027_Spring,5,ITA301,3,CURRICULUM_ASSUMPTION
SE201247,2027_Spring,5,ITE302c,3,CURRICULUM_ASSUMPTION
SE201248,2027_Spring,5,IS_COM*1,3,CURRICULUM_ASSUMPTION
SE201248,2027_Spring,5,ISM302,3,CURRICULUM_ASSUMPTION
SE201248,2027_Spring,5,ISP392,3,CURRICULUM_ASSUMPTION
SE201248,2027_Spring,5,ITA301,3,CURRICULUM_ASSUMPTION
SE201248,2027_Spring,5,ITE302c,3,CURRICULUM_ASSUMPTION
SE201249,2027_Spring,5,IS_COM*1,3,CURRICULUM_ASSUMPTION
SE201249,2027_Spring,5,ISM302,3,CURRICULUM_ASSUMPTION
SE201249,2027_Spring,5,ISP392,3,CURRICULUM_ASSUMPTION
SE201249,2027_Spring,5,ITA301,3,CURRICULUM_ASSUMPTION
SE201249,2027_Spring,5,ITE302c,3,CURRICULUM_ASSUMPTION
SE201250,2027_Spring,5,IS_COM*1,3,CURRICULUM_ASSUMPTION
SE201250,2027_Spring,5,ISM302,3,CURRICULUM_ASSUMPTION
SE201250,2027_Spring,5,ISP392,3,CURRICULUM_ASSUMPTION
SE201250,2027_Spring,5,ITA301,3,CURRICULUM_ASSUMPTION
SE201250,2027_Spring,5,ITE302c,3,CURRICULUM_ASSUMPTION
SE201251,2027_Spring,5,IS_COM*1,3,CURRICULUM_ASSUMPTION
SE201251,2027_Spring,5,ISM302,3,CURRICULUM_ASSUMPTION
SE201251,2027_Spring,5,ISP392,3,CURRICULUM_ASSUMPTION
SE201251,2027_Spring,5,ITA301,3,CURRICULUM_ASSUMPTION
SE201251,2027_Spring,5,ITE302c,3,CURRICULUM_ASSUMPTION
SE201252,2027_Spring,5,IS_COM*1,3,CURRICULUM_ASSUMPTION
SE201252,2027_Spring,5,ISM302,3,CURRICULUM_ASSUMPTION
SE201252,2027_Spring,5,ISP392,3,CURRICULUM_ASSUMPTION
SE201252,2027_Spring,5,ITA301,3,CURRICULUM_ASSUMPTION
SE201252,2027_Spring,5,ITE302c,3,CURRICULUM_ASSUMPTION
SE201253,2027_Spring,5,IS_COM*1,3,CURRICULUM_ASSUMPTION
SE201253,2027_Spring,5,ISM302,3,CURRICULUM_ASSUMPTION
SE201253,2027_Spring,5,ISP392,3,CURRICULUM_ASSUMPTION
SE201253,2027_Spring,5,ITA301,3,CURRICULUM_ASSUMPTION
SE201253,2027_Spring,5,ITE302c,3,CURRICULUM_ASSUMPTION
SE201254,2027_Spring,5,IS_COM*1,3,CURRICULUM_ASSUMPTION
SE201254,2027_Spring,5,ISM302,3,CURRICULUM_ASSUMPTION
SE201254,2027_Spring,5,ISP392,3,CURRICULUM_ASSUMPTION
SE201254,2027_Spring,5,ITA301,3,CURRICULUM_ASSUMPTION
SE201254,2027_Spring,5,ITE302c,3,CURRICULUM_ASSUMPTION
SE201255,2027_Spring,5,IS_COM*1,3,CURRICULUM_ASSUMPTION
SE201255,2027_Spring,5,ISM302,3,CURRICULUM_ASSUMPTION
SE201255,2027_Spring,5,ISP392,3,CURRICULUM_ASSUMPTION
SE201255,2027_Spring,5,ITA301,3,CURRICULUM_ASSUMPTION
SE201255,2027_Spring,5,ITE302c,3,CURRICULUM_ASSUMPTION
SE201256,2027_Spring,5,IS_COM*1,3,CURRICULUM_ASSUMPTION
SE201256,2027_Spring,5,ISM302,3,CURRICULUM_ASSUMPTION
SE201256,2027_Spring,5,ISP392,3,CURRICULUM_ASSUMPTION
SE201256,2027_Spring,5,ITA301,3,CURRICULUM_ASSUMPTION
SE201256,2027_Spring,5,ITE302c,3,CURRICULUM_ASSUMPTION
SE201257,2027_Spring,5,IS_COM*1,3,CURRICULUM_ASSUMPTION
SE201257,2027_Spring,5,ISM302,3,CURRICULUM_ASSUMPTION
SE201257,2027_Spring,5,ISP392,3,CURRICULUM_ASSUMPTION
SE201257,2027_Spring,5,ITA301,3,CURRICULUM_ASSUMPTION
SE201257,2027_Spring,5,ITE302c,3,CURRICULUM_ASSUMPTION
SE201258,2027_Spring,5,IS_COM*1,3,CURRICULUM_ASSUMPTION
SE201258,2027_Spring,5,ISM302,3,CURRICULUM_ASSUMPTION
SE201258,2027_Spring,5,ISP392,3,CURRICULUM_ASSUMPTION
SE201258,2027_Spring,5,ITA301,3,CURRICULUM_ASSUMPTION
SE201258,2027_Spring,5,ITE302c,3,CURRICULUM_ASSUMPTION
SE201259,2027_Spring,5,IS_COM*1,3,CURRICULUM_ASSUMPTION
SE201259,2027_Spring,5,ISM302,3,CURRICULUM_ASSUMPTION
SE201259,2027_Spring,5,ISP392,3,CURRICULUM_ASSUMPTION
SE201259,2027_Spring,5,ITA301,3,CURRICULUM_ASSUMPTION
SE201259,2027_Spring,5,ITE302c,3,CURRICULUM_ASSUMPTION
SE201260,2027_Spring,5,IS_COM*1,3,CURRICULUM_ASSUMPTION
SE201260,2027_Spring,5,ISM302,3,CURRICULUM_ASSUMPTION
SE201260,2027_Spring,5,ISP392,3,CURRICULUM_ASSUMPTION
SE201260,2027_Spring,5,ITA301,3,CURRICULUM_ASSUMPTION
SE201260,2027_Spring,5,ITE302c,3,CURRICULUM_ASSUMPTION
SE201261,2027_Spring,5,IS_COM*1,3,CURRICULUM_ASSUMPTION
SE201261,2027_Spring,5,ISM302,3,CURRICULUM_ASSUMPTION
SE201261,2027_Spring,5,ISP392,3,CURRICULUM_ASSUMPTION
SE201261,2027_Spring,5,ITA301,3,CURRICULUM_ASSUMPTION
SE201261,2027_Spring,5,ITE302c,3,CURRICULUM_ASSUMPTION
SE201262,2027_Spring,5,IS_COM*1,3,CURRICULUM_ASSUMPTION
SE201262,2027_Spring,5,ISM302,3,CURRICULUM_ASSUMPTION
SE201262,2027_Spring,5,ISP392,3,CURRICULUM_ASSUMPTION
SE201262,2027_Spring,5,ITA301,3,CURRICULUM_ASSUMPTION
SE201262,2027_Spring,5,ITE302c,3,CURRICULUM_ASSUMPTION
SE201263,2027_Spring,5,IS_COM*1,3,CURRICULUM_ASSUMPTION
SE201263,2027_Spring,5,ISM302,3,CURRICULUM_ASSUMPTION
SE201263,2027_Spring,5,ISP392,3,CURRICULUM_ASSUMPTION
SE201263,2027_Spring,5,ITA301,3,CURRICULUM_ASSUMPTION
SE201263,2027_Spring,5,ITE302c,3,CURRICULUM_ASSUMPTION
SE201264,2027_Spring,5,IS_COM*1,3,CURRICULUM_ASSUMPTION
SE201264,2027_Spring,5,ISM302,3,CURRICULUM_ASSUMPTION
SE201264,2027_Spring,5,ISP392,3,CURRICULUM_ASSUMPTION
SE201264,2027_Spring,5,ITA301,3,CURRICULUM_ASSUMPTION
SE201264,2027_Spring,5,ITE302c,3,CURRICULUM_ASSUMPTION
SE201265,2027_Spring,5,IS_COM*1,3,CURRICULUM_ASSUMPTION
SE201265,2027_Spring,5,ISM302,3,CURRICULUM_ASSUMPTION
SE201265,2027_Spring,5,ISP392,3,CURRICULUM_ASSUMPTION
SE201265,2027_Spring,5,ITA301,3,CURRICULUM_ASSUMPTION
SE201265,2027_Spring,5,ITE302c,3,CURRICULUM_ASSUMPTION
SE201266,2027_Spring,5,IS_COM*1,3,CURRICULUM_ASSUMPTION
SE201266,2027_Spring,5,ISM302,3,CURRICULUM_ASSUMPTION
SE201266,2027_Spring,5,ISP392,3,CURRICULUM_ASSUMPTION
SE201266,2027_Spring,5,ITA301,3,CURRICULUM_ASSUMPTION
SE201266,2027_Spring,5,ITE302c,3,CURRICULUM_ASSUMPTION
SE201267,2027_Spring,5,IS_COM*1,3,CURRICULUM_ASSUMPTION
SE201267,2027_Spring,5,ISM302,3,CURRICULUM_ASSUMPTION
SE201267,2027_Spring,5,ISP392,3,CURRICULUM_ASSUMPTION
SE201267,2027_Spring,5,ITA301,3,CURRICULUM_ASSUMPTION
SE201267,2027_Spring,5,ITE302c,3,CURRICULUM_ASSUMPTION
SE201268,2027_Spring,5,IS_COM*1,3,CURRICULUM_ASSUMPTION
SE201268,2027_Spring,5,ISM302,3,CURRICULUM_ASSUMPTION
SE201268,2027_Spring,5,ISP392,3,CURRICULUM_ASSUMPTION
SE201268,2027_Spring,5,ITA301,3,CURRICULUM_ASSUMPTION
SE201268,2027_Spring,5,ITE302c,3,CURRICULUM_ASSUMPTION
SE201269,2027_Spring,5,IS_COM*1,3,CURRICULUM_ASSUMPTION
SE201269,2027_Spring,5,ISM302,3,CURRICULUM_ASSUMPTION
SE201269,2027_Spring,5,ISP392,3,CURRICULUM_ASSUMPTION
SE201269,2027_Spring,5,ITA301,3,CURRICULUM_ASSUMPTION
SE201269,2027_Spring,5,ITE302c,3,CURRICULUM_ASSUMPTION
SE201270,2027_Spring,5,IS_COM*1,3,CURRICULUM_ASSUMPTION
SE201270,2027_Spring,5,ISM302,3,CURRICULUM_ASSUMPTION
SE201270,2027_Spring,5,ISP392,3,CURRICULUM_ASSUMPTION
SE201270,2027_Spring,5,ITA301,3,CURRICULUM_ASSUMPTION
SE201270,2027_Spring,5,ITE302c,3,CURRICULUM_ASSUMPTION
SE201271,2027_Spring,5,IS_COM*1,3,CURRICULUM_ASSUMPTION
SE201271,2027_Spring,5,ISM302,3,CURRICULUM_ASSUMPTION
SE201271,2027_Spring,5,ISP392,3,CURRICULUM_ASSUMPTION
SE201271,2027_Spring,5,ITA301,3,CURRICULUM_ASSUMPTION
SE201271,2027_Spring,5,ITE302c,3,CURRICULUM_ASSUMPTION
SE201272,2027_Spring,5,IS_COM*1,3,CURRICULUM_ASSUMPTION
SE201272,2027_Spring,5,ISM302,3,CURRICULUM_ASSUMPTION
SE201272,2027_Spring,5,ISP392,3,CURRICULUM_ASSUMPTION
SE201272,2027_Spring,5,ITA301,3,CURRICULUM_ASSUMPTION
SE201272,2027_Spring,5,ITE302c,3,CURRICULUM_ASSUMPTION
SE201273,2027_Spring,5,IS_COM*1,3,CURRICULUM_ASSUMPTION
SE201273,2027_Spring,5,ISM302,3,CURRICULUM_ASSUMPTION
SE201273,2027_Spring,5,ISP392,3,CURRICULUM_ASSUMPTION
SE201273,2027_Spring,5,ITA301,3,CURRICULUM_ASSUMPTION
SE201273,2027_Spring,5,ITE302c,3,CURRICULUM_ASSUMPTION
SE201274,2027_Spring,5,IS_COM*1,3,CURRICULUM_ASSUMPTION
SE201274,2027_Spring,5,ISM302,3,CURRICULUM_ASSUMPTION
SE201274,2027_Spring,5,ISP392,3,CURRICULUM_ASSUMPTION
SE201274,2027_Spring,5,ITA301,3,CURRICULUM_ASSUMPTION
SE201274,2027_Spring,5,ITE302c,3,CURRICULUM_ASSUMPTION
SE201275,2027_Spring,5,IS_COM*1,3,CURRICULUM_ASSUMPTION
SE201275,2027_Spring,5,ISM302,3,CURRICULUM_ASSUMPTION
SE201275,2027_Spring,5,ISP392,3,CURRICULUM_ASSUMPTION
SE201275,2027_Spring,5,ITA301,3,CURRICULUM_ASSUMPTION
SE201275,2027_Spring,5,ITE302c,3,CURRICULUM_ASSUMPTION
SE201276,2027_Spring,5,IS_COM*1,3,CURRICULUM_ASSUMPTION
SE201276,2027_Spring,5,ISM302,3,CURRICULUM_ASSUMPTION
SE201276,2027_Spring,5,ISP392,3,CURRICULUM_ASSUMPTION
SE201276,2027_Spring,5,ITA301,3,CURRICULUM_ASSUMPTION
SE201276,2027_Spring,5,ITE302c,3,CURRICULUM_ASSUMPTION
SE201277,2027_Spring,5,IS_COM*1,3,CURRICULUM_ASSUMPTION
SE201277,2027_Spring,5,ISM302,3,CURRICULUM_ASSUMPTION
SE201277,2027_Spring,5,ISP392,3,CURRICULUM_ASSUMPTION
SE201277,2027_Spring,5,ITA301,3,CURRICULUM_ASSUMPTION
SE201277,2027_Spring,5,ITE302c,3,CURRICULUM_ASSUMPTION
SE201278,2027_Spring,5,IS_COM*1,3,CURRICULUM_ASSUMPTION
SE201278,2027_Spring,5,ISM302,3,CURRICULUM_ASSUMPTION
SE201278,2027_Spring,5,ISP392,3,CURRICULUM_ASSUMPTION
SE201278,2027_Spring,5,ITA301,3,CURRICULUM_ASSUMPTION
SE201278,2027_Spring,5,ITE302c,3,CURRICULUM_ASSUMPTION
SE201279,2027_Spring,5,IS_COM*1,3,CURRICULUM_ASSUMPTION
SE201279,2027_Spring,5,ISM302,3,CURRICULUM_ASSUMPTION
SE201279,2027_Spring,5,ISP392,3,CURRICULUM_ASSUMPTION
SE201279,2027_Spring,5,ITA301,3,CURRICULUM_ASSUMPTION
SE201279,2027_Spring,5,ITE302c,3,CURRICULUM_ASSUMPTION
SE201280,2027_Spring,5,IS_COM*1,3,CURRICULUM_ASSUMPTION
SE201280,2027_Spring,5,ISM302,3,CURRICULUM_ASSUMPTION
SE201280,2027_Spring,5,ISP392,3,CURRICULUM_ASSUMPTION
SE201280,2027_Spring,5,ITA301,3,CURRICULUM_ASSUMPTION
SE201280,2027_Spring,5,ITE302c,3,CURRICULUM_ASSUMPTION
SE201281,2027_Spring,5,IS_COM*1,3,CURRICULUM_ASSUMPTION
SE201281,2027_Spring,5,ISM302,3,CURRICULUM_ASSUMPTION
SE201281,2027_Spring,5,ISP392,3,CURRICULUM_ASSUMPTION
SE201281,2027_Spring,5,ITA301,3,CURRICULUM_ASSUMPTION
SE201281,2027_Spring,5,ITE302c,3,CURRICULUM_ASSUMPTION
SE201282,2027_Spring,5,IS_COM*1,3,CURRICULUM_ASSUMPTION
SE201282,2027_Spring,5,ISM302,3,CURRICULUM_ASSUMPTION
SE201282,2027_Spring,5,ISP392,3,CURRICULUM_ASSUMPTION
SE201282,2027_Spring,5,ITA301,3,CURRICULUM_ASSUMPTION
SE201282,2027_Spring,5,ITE302c,3,CURRICULUM_ASSUMPTION
SE201283,2027_Spring,5,IS_COM*1,3,CURRICULUM_ASSUMPTION
SE201283,2027_Spring,5,ISM302,3,CURRICULUM_ASSUMPTION
SE201283,2027_Spring,5,ISP392,3,CURRICULUM_ASSUMPTION
SE201283,2027_Spring,5,ITA301,3,CURRICULUM_ASSUMPTION
SE201283,2027_Spring,5,ITE302c,3,CURRICULUM_ASSUMPTION
SE201284,2027_Spring,5,IS_COM*1,3,CURRICULUM_ASSUMPTION
SE201284,2027_Spring,5,ISM302,3,CURRICULUM_ASSUMPTION
SE201284,2027_Spring,5,ISP392,3,CURRICULUM_ASSUMPTION
SE201284,2027_Spring,5,ITA301,3,CURRICULUM_ASSUMPTION
SE201284,2027_Spring,5,ITE302c,3,CURRICULUM_ASSUMPTION
SE201285,2027_Spring,5,IS_COM*1,3,CURRICULUM_ASSUMPTION
SE201285,2027_Spring,5,ISM302,3,CURRICULUM_ASSUMPTION
SE201285,2027_Spring,5,ISP392,3,CURRICULUM_ASSUMPTION
SE201285,2027_Spring,5,ITA301,3,CURRICULUM_ASSUMPTION
SE201285,2027_Spring,5,ITE302c,3,CURRICULUM_ASSUMPTION
SE201286,2027_Spring,5,IS_COM*1,3,CURRICULUM_ASSUMPTION
SE201286,2027_Spring,5,ISM302,3,CURRICULUM_ASSUMPTION
SE201286,2027_Spring,5,ISP392,3,CURRICULUM_ASSUMPTION
SE201286,2027_Spring,5,ITA301,3,CURRICULUM_ASSUMPTION
SE201286,2027_Spring,5,ITE302c,3,CURRICULUM_ASSUMPTION
SE201287,2027_Spring,5,IS_COM*1,3,CURRICULUM_ASSUMPTION
SE201287,2027_Spring,5,ISM302,3,CURRICULUM_ASSUMPTION
SE201287,2027_Spring,5,ISP392,3,CURRICULUM_ASSUMPTION
SE201287,2027_Spring,5,ITA301,3,CURRICULUM_ASSUMPTION
SE201287,2027_Spring,5,ITE302c,3,CURRICULUM_ASSUMPTION
SE201288,2027_Spring,5,IS_COM*1,3,CURRICULUM_ASSUMPTION
SE201288,2027_Spring,5,ISM302,3,CURRICULUM_ASSUMPTION
SE201288,2027_Spring,5,ISP392,3,CURRICULUM_ASSUMPTION
SE201288,2027_Spring,5,ITA301,3,CURRICULUM_ASSUMPTION
SE201288,2027_Spring,5,ITE302c,3,CURRICULUM_ASSUMPTION
SE201289,2027_Spring,5,IS_COM*1,3,CURRICULUM_ASSUMPTION
SE201289,2027_Spring,5,ISM302,3,CURRICULUM_ASSUMPTION
SE201289,2027_Spring,5,ISP392,3,CURRICULUM_ASSUMPTION
SE201289,2027_Spring,5,ITA301,3,CURRICULUM_ASSUMPTION
SE201289,2027_Spring,5,ITE302c,3,CURRICULUM_ASSUMPTION
SE201290,2027_Spring,5,IS_COM*1,3,CURRICULUM_ASSUMPTION
SE201290,2027_Spring,5,ISM302,3,CURRICULUM_ASSUMPTION
SE201290,2027_Spring,5,ISP392,3,CURRICULUM_ASSUMPTION
SE201290,2027_Spring,5,ITA301,3,CURRICULUM_ASSUMPTION
SE201290,2027_Spring,5,ITE302c,3,CURRICULUM_ASSUMPTION
SE201291,2027_Spring,5,IS_COM*1,3,CURRICULUM_ASSUMPTION
SE201291,2027_Spring,5,ISM302,3,CURRICULUM_ASSUMPTION
SE201291,2027_Spring,5,ISP392,3,CURRICULUM_ASSUMPTION
SE201291,2027_Spring,5,ITA301,3,CURRICULUM_ASSUMPTION
SE201291,2027_Spring,5,ITE302c,3,CURRICULUM_ASSUMPTION
SE201292,2027_Spring,5,IS_COM*1,3,CURRICULUM_ASSUMPTION
SE201292,2027_Spring,5,ISM302,3,CURRICULUM_ASSUMPTION
SE201292,2027_Spring,5,ISP392,3,CURRICULUM_ASSUMPTION
SE201292,2027_Spring,5,ITA301,3,CURRICULUM_ASSUMPTION
SE201292,2027_Spring,5,ITE302c,3,CURRICULUM_ASSUMPTION
SE201293,2027_Spring,5,IS_COM*1,3,CURRICULUM_ASSUMPTION
SE201293,2027_Spring,5,ISM302,3,CURRICULUM_ASSUMPTION
SE201293,2027_Spring,5,ISP392,3,CURRICULUM_ASSUMPTION
SE201293,2027_Spring,5,ITA301,3,CURRICULUM_ASSUMPTION
SE201293,2027_Spring,5,ITE302c,3,CURRICULUM_ASSUMPTION
SE201294,2027_Spring,5,IS_COM*1,3,CURRICULUM_ASSUMPTION
SE201294,2027_Spring,5,ISM302,3,CURRICULUM_ASSUMPTION
SE201294,2027_Spring,5,ISP392,3,CURRICULUM_ASSUMPTION
SE201294,2027_Spring,5,ITA301,3,CURRICULUM_ASSUMPTION
SE201294,2027_Spring,5,ITE302c,3,CURRICULUM_ASSUMPTION
SE201295,2027_Spring,5,IS_COM*1,3,CURRICULUM_ASSUMPTION
SE201295,2027_Spring,5,ISM302,3,CURRICULUM_ASSUMPTION
SE201295,2027_Spring,5,ISP392,3,CURRICULUM_ASSUMPTION
SE201295,2027_Spring,5,ITA301,3,CURRICULUM_ASSUMPTION
SE201295,2027_Spring,5,ITE302c,3,CURRICULUM_ASSUMPTION
SE201296,2027_Spring,5,IS_COM*1,3,CURRICULUM_ASSUMPTION
SE201296,2027_Spring,5,ISM302,3,CURRICULUM_ASSUMPTION
SE201296,2027_Spring,5,ISP392,3,CURRICULUM_ASSUMPTION
SE201296,2027_Spring,5,ITA301,3,CURRICULUM_ASSUMPTION
SE201296,2027_Spring,5,ITE302c,3,CURRICULUM_ASSUMPTION
SE201297,2027_Spring,5,IS_COM*1,3,CURRICULUM_ASSUMPTION
SE201297,2027_Spring,5,ISM302,3,CURRICULUM_ASSUMPTION
SE201297,2027_Spring,5,ISP392,3,CURRICULUM_ASSUMPTION
SE201297,2027_Spring,5,ITA301,3,CURRICULUM_ASSUMPTION
SE201297,2027_Spring,5,ITE302c,3,CURRICULUM_ASSUMPTION
SE201298,2027_Spring,5,IS_COM*1,3,CURRICULUM_ASSUMPTION
SE201298,2027_Spring,5,ISM302,3,CURRICULUM_ASSUMPTION
SE201298,2027_Spring,5,ISP392,3,CURRICULUM_ASSUMPTION
SE201298,2027_Spring,5,ITA301,3,CURRICULUM_ASSUMPTION
SE201298,2027_Spring,5,ITE302c,3,CURRICULUM_ASSUMPTION
SE201299,2027_Spring,5,IS_COM*1,3,CURRICULUM_ASSUMPTION
SE201299,2027_Spring,5,ISM302,3,CURRICULUM_ASSUMPTION
SE201299,2027_Spring,5,ISP392,3,CURRICULUM_ASSUMPTION
SE201299,2027_Spring,5,ITA301,3,CURRICULUM_ASSUMPTION
SE201299,2027_Spring,5,ITE302c,3,CURRICULUM_ASSUMPTION
SE201300,2027_Spring,5,IS_COM*1,3,CURRICULUM_ASSUMPTION
SE201300,2027_Spring,5,ISM302,3,CURRICULUM_ASSUMPTION
SE201300,2027_Spring,5,ISP392,3,CURRICULUM_ASSUMPTION
SE201300,2027_Spring,5,ITA301,3,CURRICULUM_ASSUMPTION
SE201300,2027_Spring,5,ITE302c,3,CURRICULUM_ASSUMPTION
SE201301,2027_Spring,5,IS_COM*1,3,CURRICULUM_ASSUMPTION
SE201301,2027_Spring,5,ISM302,3,CURRICULUM_ASSUMPTION
SE201301,2027_Spring,5,ISP392,3,CURRICULUM_ASSUMPTION
SE201301,2027_Spring,5,ITA301,3,CURRICULUM_ASSUMPTION
SE201301,2027_Spring,5,ITE302c,3,CURRICULUM_ASSUMPTION
SE201302,2027_Spring,5,IS_COM*1,3,CURRICULUM_ASSUMPTION
SE201302,2027_Spring,5,ISM302,3,CURRICULUM_ASSUMPTION
SE201302,2027_Spring,5,ISP392,3,CURRICULUM_ASSUMPTION
SE201302,2027_Spring,5,ITA301,3,CURRICULUM_ASSUMPTION
SE201302,2027_Spring,5,ITE302c,3,CURRICULUM_ASSUMPTION
SE201303,2027_Spring,5,IS_COM*1,3,CURRICULUM_ASSUMPTION
SE201303,2027_Spring,5,ISM302,3,CURRICULUM_ASSUMPTION
SE201303,2027_Spring,5,ISP392,3,CURRICULUM_ASSUMPTION
SE201303,2027_Spring,5,ITA301,3,CURRICULUM_ASSUMPTION
SE201303,2027_Spring,5,ITE302c,3,CURRICULUM_ASSUMPTION
SE201304,2027_Spring,5,IS_COM*1,3,CURRICULUM_ASSUMPTION
SE201304,2027_Spring,5,ISM302,3,CURRICULUM_ASSUMPTION
SE201304,2027_Spring,5,ISP392,3,CURRICULUM_ASSUMPTION
SE201304,2027_Spring,5,ITA301,3,CURRICULUM_ASSUMPTION
SE201304,2027_Spring,5,ITE302c,3,CURRICULUM_ASSUMPTION
SE201305,2027_Spring,5,IS_COM*1,3,CURRICULUM_ASSUMPTION
SE201305,2027_Spring,5,ISM302,3,CURRICULUM_ASSUMPTION
SE201305,2027_Spring,5,ISP392,3,CURRICULUM_ASSUMPTION
SE201305,2027_Spring,5,ITA301,3,CURRICULUM_ASSUMPTION
SE201305,2027_Spring,5,ITE302c,3,CURRICULUM_ASSUMPTION
SE201306,2027_Spring,5,IS_COM*1,3,CURRICULUM_ASSUMPTION
SE201306,2027_Spring,5,ISM302,3,CURRICULUM_ASSUMPTION
SE201306,2027_Spring,5,ISP392,3,CURRICULUM_ASSUMPTION
SE201306,2027_Spring,5,ITA301,3,CURRICULUM_ASSUMPTION
SE201306,2027_Spring,5,ITE302c,3,CURRICULUM_ASSUMPTION
SE201307,2027_Spring,5,IS_COM*1,3,CURRICULUM_ASSUMPTION
SE201307,2027_Spring,5,ISM302,3,CURRICULUM_ASSUMPTION
SE201307,2027_Spring,5,ISP392,3,CURRICULUM_ASSUMPTION
SE201307,2027_Spring,5,ITA301,3,CURRICULUM_ASSUMPTION
SE201307,2027_Spring,5,ITE302c,3,CURRICULUM_ASSUMPTION
SE201308,2027_Spring,5,IS_COM*1,3,CURRICULUM_ASSUMPTION
SE201308,2027_Spring,5,ISM302,3,CURRICULUM_ASSUMPTION
SE201308,2027_Spring,5,ISP392,3,CURRICULUM_ASSUMPTION
SE201308,2027_Spring,5,ITA301,3,CURRICULUM_ASSUMPTION
SE201308,2027_Spring,5,ITE302c,3,CURRICULUM_ASSUMPTION
SE201309,2027_Spring,5,IS_COM*1,3,CURRICULUM_ASSUMPTION
SE201309,2027_Spring,5,ISM302,3,CURRICULUM_ASSUMPTION
SE201309,2027_Spring,5,ISP392,3,CURRICULUM_ASSUMPTION
SE201309,2027_Spring,5,ITA301,3,CURRICULUM_ASSUMPTION
SE201309,2027_Spring,5,ITE302c,3,CURRICULUM_ASSUMPTION
SE201310,2027_Spring,5,IS_COM*1,3,CURRICULUM_ASSUMPTION
SE201310,2027_Spring,5,ISM302,3,CURRICULUM_ASSUMPTION
SE201310,2027_Spring,5,ISP392,3,CURRICULUM_ASSUMPTION
SE201310,2027_Spring,5,ITA301,3,CURRICULUM_ASSUMPTION
SE201310,2027_Spring,5,ITE302c,3,CURRICULUM_ASSUMPTION
SE201311,2027_Spring,5,IS_COM*1,3,CURRICULUM_ASSUMPTION
SE201311,2027_Spring,5,ISM302,3,CURRICULUM_ASSUMPTION
SE201311,2027_Spring,5,ISP392,3,CURRICULUM_ASSUMPTION
SE201311,2027_Spring,5,ITA301,3,CURRICULUM_ASSUMPTION
SE201311,2027_Spring,5,ITE302c,3,CURRICULUM_ASSUMPTION
SE201312,2027_Spring,5,IS_COM*1,3,CURRICULUM_ASSUMPTION
SE201312,2027_Spring,5,ISM302,3,CURRICULUM_ASSUMPTION
SE201312,2027_Spring,5,ISP392,3,CURRICULUM_ASSUMPTION
SE201312,2027_Spring,5,ITA301,3,CURRICULUM_ASSUMPTION
SE201312,2027_Spring,5,ITE302c,3,CURRICULUM_ASSUMPTION
SE201313,2027_Spring,5,IS_COM*1,3,CURRICULUM_ASSUMPTION
SE201313,2027_Spring,5,ISM302,3,CURRICULUM_ASSUMPTION
SE201313,2027_Spring,5,ISP392,3,CURRICULUM_ASSUMPTION
SE201313,2027_Spring,5,ITA301,3,CURRICULUM_ASSUMPTION
SE201313,2027_Spring,5,ITE302c,3,CURRICULUM_ASSUMPTION
SE201314,2027_Spring,5,IS_COM*1,3,CURRICULUM_ASSUMPTION
SE201314,2027_Spring,5,ISM302,3,CURRICULUM_ASSUMPTION
SE201314,2027_Spring,5,ISP392,3,CURRICULUM_ASSUMPTION
SE201314,2027_Spring,5,ITA301,3,CURRICULUM_ASSUMPTION
SE201314,2027_Spring,5,ITE302c,3,CURRICULUM_ASSUMPTION
SE201315,2027_Spring,5,IS_COM*1,3,CURRICULUM_ASSUMPTION
SE201315,2027_Spring,5,ISM302,3,CURRICULUM_ASSUMPTION
SE201315,2027_Spring,5,ISP392,3,CURRICULUM_ASSUMPTION
SE201315,2027_Spring,5,ITA301,3,CURRICULUM_ASSUMPTION
SE201315,2027_Spring,5,ITE302c,3,CURRICULUM_ASSUMPTION
SE201316,2027_Spring,5,IS_COM*1,3,CURRICULUM_ASSUMPTION
SE201316,2027_Spring,5,ISM302,3,CURRICULUM_ASSUMPTION
SE201316,2027_Spring,5,ISP392,3,CURRICULUM_ASSUMPTION
SE201316,2027_Spring,5,ITA301,3,CURRICULUM_ASSUMPTION
SE201316,2027_Spring,5,ITE302c,3,CURRICULUM_ASSUMPTION
SE201317,2027_Spring,5,IS_COM*1,3,CURRICULUM_ASSUMPTION
SE201317,2027_Spring,5,ISM302,3,CURRICULUM_ASSUMPTION
SE201317,2027_Spring,5,ISP392,3,CURRICULUM_ASSUMPTION
SE201317,2027_Spring,5,ITA301,3,CURRICULUM_ASSUMPTION
SE201317,2027_Spring,5,ITE302c,3,CURRICULUM_ASSUMPTION
SE201318,2027_Spring,5,IS_COM*1,3,CURRICULUM_ASSUMPTION
SE201318,2027_Spring,5,ISM302,3,CURRICULUM_ASSUMPTION
SE201318,2027_Spring,5,ISP392,3,CURRICULUM_ASSUMPTION
SE201318,2027_Spring,5,ITA301,3,CURRICULUM_ASSUMPTION
SE201318,2027_Spring,5,ITE302c,3,CURRICULUM_ASSUMPTION
SE201319,2027_Spring,5,IS_COM*1,3,CURRICULUM_ASSUMPTION
SE201319,2027_Spring,5,ISM302,3,CURRICULUM_ASSUMPTION
SE201319,2027_Spring,5,ISP392,3,CURRICULUM_ASSUMPTION
SE201319,2027_Spring,5,ITA301,3,CURRICULUM_ASSUMPTION
SE201319,2027_Spring,5,ITE302c,3,CURRICULUM_ASSUMPTION
SE201320,2027_Spring,5,IS_COM*1,3,CURRICULUM_ASSUMPTION
SE201320,2027_Spring,5,ISM302,3,CURRICULUM_ASSUMPTION
SE201320,2027_Spring,5,ISP392,3,CURRICULUM_ASSUMPTION
SE201320,2027_Spring,5,ITA301,3,CURRICULUM_ASSUMPTION
SE201320,2027_Spring,5,ITE302c,3,CURRICULUM_ASSUMPTION
SE201321,2027_Spring,5,IS_COM*1,3,CURRICULUM_ASSUMPTION
SE201321,2027_Spring,5,ISM302,3,CURRICULUM_ASSUMPTION
SE201321,2027_Spring,5,ISP392,3,CURRICULUM_ASSUMPTION
SE201321,2027_Spring,5,ITA301,3,CURRICULUM_ASSUMPTION
SE201321,2027_Spring,5,ITE302c,3,CURRICULUM_ASSUMPTION
SE201322,2027_Spring,5,IS_COM*1,3,CURRICULUM_ASSUMPTION
SE201322,2027_Spring,5,ISM302,3,CURRICULUM_ASSUMPTION
SE201322,2027_Spring,5,ISP392,3,CURRICULUM_ASSUMPTION
SE201322,2027_Spring,5,ITA301,3,CURRICULUM_ASSUMPTION
SE201322,2027_Spring,5,ITE302c,3,CURRICULUM_ASSUMPTION
SE201323,2027_Spring,5,IS_COM*1,3,CURRICULUM_ASSUMPTION
SE201323,2027_Spring,5,ISM302,3,CURRICULUM_ASSUMPTION
SE201323,2027_Spring,5,ISP392,3,CURRICULUM_ASSUMPTION
SE201323,2027_Spring,5,ITA301,3,CURRICULUM_ASSUMPTION
SE201323,2027_Spring,5,ITE302c,3,CURRICULUM_ASSUMPTION
SE201324,2027_Spring,5,IS_COM*1,3,CURRICULUM_ASSUMPTION
SE201324,2027_Spring,5,ISM302,3,CURRICULUM_ASSUMPTION
SE201324,2027_Spring,5,ISP392,3,CURRICULUM_ASSUMPTION
SE201324,2027_Spring,5,ITA301,3,CURRICULUM_ASSUMPTION
SE201324,2027_Spring,5,ITE302c,3,CURRICULUM_ASSUMPTION
SE201325,2027_Spring,5,IS_COM*1,3,CURRICULUM_ASSUMPTION
SE201325,2027_Spring,5,ISM302,3,CURRICULUM_ASSUMPTION
SE201325,2027_Spring,5,ISP392,3,CURRICULUM_ASSUMPTION
SE201325,2027_Spring,5,ITA301,3,CURRICULUM_ASSUMPTION
SE201325,2027_Spring,5,ITE302c,3,CURRICULUM_ASSUMPTION
SE201326,2027_Spring,5,IS_COM*1,3,CURRICULUM_ASSUMPTION
SE201326,2027_Spring,5,ISM302,3,CURRICULUM_ASSUMPTION
SE201326,2027_Spring,5,ISP392,3,CURRICULUM_ASSUMPTION
SE201326,2027_Spring,5,ITA301,3,CURRICULUM_ASSUMPTION
SE201326,2027_Spring,5,ITE302c,3,CURRICULUM_ASSUMPTION
SE201327,2027_Spring,5,IS_COM*1,3,CURRICULUM_ASSUMPTION
SE201327,2027_Spring,5,ISM302,3,CURRICULUM_ASSUMPTION
SE201327,2027_Spring,5,ISP392,3,CURRICULUM_ASSUMPTION
SE201327,2027_Spring,5,ITA301,3,CURRICULUM_ASSUMPTION
SE201327,2027_Spring,5,ITE302c,3,CURRICULUM_ASSUMPTION
SE201328,2027_Spring,5,IS_COM*1,3,CURRICULUM_ASSUMPTION
SE201328,2027_Spring,5,ISM302,3,CURRICULUM_ASSUMPTION
SE201328,2027_Spring,5,ISP392,3,CURRICULUM_ASSUMPTION
SE201328,2027_Spring,5,ITA301,3,CURRICULUM_ASSUMPTION
SE201328,2027_Spring,5,ITE302c,3,CURRICULUM_ASSUMPTION
SE201329,2027_Spring,5,IS_COM*1,3,CURRICULUM_ASSUMPTION
SE201329,2027_Spring,5,ISM302,3,CURRICULUM_ASSUMPTION
SE201329,2027_Spring,5,ISP392,3,CURRICULUM_ASSUMPTION
SE201329,2027_Spring,5,ITA301,3,CURRICULUM_ASSUMPTION
SE201329,2027_Spring,5,ITE302c,3,CURRICULUM_ASSUMPTION
SE201330,2027_Spring,5,IS_COM*1,3,CURRICULUM_ASSUMPTION
SE201330,2027_Spring,5,ISM302,3,CURRICULUM_ASSUMPTION
SE201330,2027_Spring,5,ISP392,3,CURRICULUM_ASSUMPTION
SE201330,2027_Spring,5,ITA301,3,CURRICULUM_ASSUMPTION
SE201330,2027_Spring,5,ITE302c,3,CURRICULUM_ASSUMPTION
SE201331,2027_Spring,5,IS_COM*1,3,CURRICULUM_ASSUMPTION
SE201331,2027_Spring,5,ISM302,3,CURRICULUM_ASSUMPTION
SE201331,2027_Spring,5,ISP392,3,CURRICULUM_ASSUMPTION
SE201331,2027_Spring,5,ITA301,3,CURRICULUM_ASSUMPTION
SE201331,2027_Spring,5,ITE302c,3,CURRICULUM_ASSUMPTION
SE201332,2027_Spring,5,IS_COM*1,3,CURRICULUM_ASSUMPTION
SE201332,2027_Spring,5,ISM302,3,CURRICULUM_ASSUMPTION
SE201332,2027_Spring,5,ISP392,3,CURRICULUM_ASSUMPTION
SE201332,2027_Spring,5,ITA301,3,CURRICULUM_ASSUMPTION
SE201332,2027_Spring,5,ITE302c,3,CURRICULUM_ASSUMPTION
SE201333,2027_Spring,5,IS_COM*1,3,CURRICULUM_ASSUMPTION
SE201333,2027_Spring,5,ISM302,3,CURRICULUM_ASSUMPTION
SE201333,2027_Spring,5,ISP392,3,CURRICULUM_ASSUMPTION
SE201333,2027_Spring,5,ITA301,3,CURRICULUM_ASSUMPTION
SE201333,2027_Spring,5,ITE302c,3,CURRICULUM_ASSUMPTION
SE211334,2027_Spring,5,BDI302c,3,CURRICULUM_ASSUMPTION
SE211334,2027_Spring,5,DX_COM*1,3,CURRICULUM_ASSUMPTION
SE211334,2027_Spring,5,DXP391,3,CURRICULUM_ASSUMPTION
SE211334,2027_Spring,5,EGA301,3,CURRICULUM_ASSUMPTION
SE211334,2027_Spring,5,SSG105,3,CURRICULUM_ASSUMPTION
SE211334,2027_Spring,5,SWT301,3,CURRICULUM_ASSUMPTION
SE211335,2027_Spring,5,BDI302c,3,CURRICULUM_ASSUMPTION
SE211335,2027_Spring,5,DX_COM*1,3,CURRICULUM_ASSUMPTION
SE211335,2027_Spring,5,DXP391,3,CURRICULUM_ASSUMPTION
SE211335,2027_Spring,5,EGA301,3,CURRICULUM_ASSUMPTION
SE211335,2027_Spring,5,SSG105,3,CURRICULUM_ASSUMPTION
SE211335,2027_Spring,5,SWT301,3,CURRICULUM_ASSUMPTION
SE211336,2027_Spring,5,BDI302c,3,CURRICULUM_ASSUMPTION
SE211336,2027_Spring,5,DX_COM*1,3,CURRICULUM_ASSUMPTION
SE211336,2027_Spring,5,DXP391,3,CURRICULUM_ASSUMPTION
SE211336,2027_Spring,5,EGA301,3,CURRICULUM_ASSUMPTION
SE211336,2027_Spring,5,SSG105,3,CURRICULUM_ASSUMPTION
SE211336,2027_Spring,5,SWT301,3,CURRICULUM_ASSUMPTION
SE211337,2027_Spring,5,BDI302c,3,CURRICULUM_ASSUMPTION
SE211337,2027_Spring,5,DX_COM*1,3,CURRICULUM_ASSUMPTION
SE211337,2027_Spring,5,DXP391,3,CURRICULUM_ASSUMPTION
SE211337,2027_Spring,5,EGA301,3,CURRICULUM_ASSUMPTION
SE211337,2027_Spring,5,SSG105,3,CURRICULUM_ASSUMPTION
SE211337,2027_Spring,5,SWT301,3,CURRICULUM_ASSUMPTION
SE211338,2027_Spring,5,BDI302c,3,CURRICULUM_ASSUMPTION
SE211338,2027_Spring,5,DX_COM*1,3,CURRICULUM_ASSUMPTION
SE211338,2027_Spring,5,DXP391,3,CURRICULUM_ASSUMPTION
SE211338,2027_Spring,5,EGA301,3,CURRICULUM_ASSUMPTION
SE211338,2027_Spring,5,SSG105,3,CURRICULUM_ASSUMPTION
SE211338,2027_Spring,5,SWT301,3,CURRICULUM_ASSUMPTION
SE211339,2027_Spring,5,BDI302c,3,CURRICULUM_ASSUMPTION
SE211339,2027_Spring,5,DX_COM*1,3,CURRICULUM_ASSUMPTION
SE211339,2027_Spring,5,DXP391,3,CURRICULUM_ASSUMPTION
SE211339,2027_Spring,5,EGA301,3,CURRICULUM_ASSUMPTION
SE211339,2027_Spring,5,SSG105,3,CURRICULUM_ASSUMPTION
SE211339,2027_Spring,5,SWT301,3,CURRICULUM_ASSUMPTION
SE211340,2027_Spring,5,BDI302c,3,CURRICULUM_ASSUMPTION
SE211340,2027_Spring,5,DX_COM*1,3,CURRICULUM_ASSUMPTION
SE211340,2027_Spring,5,DXP391,3,CURRICULUM_ASSUMPTION
SE211340,2027_Spring,5,EGA301,3,CURRICULUM_ASSUMPTION
SE211340,2027_Spring,5,SSG105,3,CURRICULUM_ASSUMPTION
SE211340,2027_Spring,5,SWT301,3,CURRICULUM_ASSUMPTION
SE211341,2027_Spring,5,BDI302c,3,CURRICULUM_ASSUMPTION
SE211341,2027_Spring,5,DX_COM*1,3,CURRICULUM_ASSUMPTION
SE211341,2027_Spring,5,DXP391,3,CURRICULUM_ASSUMPTION
SE211341,2027_Spring,5,EGA301,3,CURRICULUM_ASSUMPTION
SE211341,2027_Spring,5,SSG105,3,CURRICULUM_ASSUMPTION
SE211341,2027_Spring,5,SWT301,3,CURRICULUM_ASSUMPTION
SE211342,2027_Spring,5,BDI302c,3,CURRICULUM_ASSUMPTION
SE211342,2027_Spring,5,DX_COM*1,3,CURRICULUM_ASSUMPTION
SE211342,2027_Spring,5,DXP391,3,CURRICULUM_ASSUMPTION
SE211342,2027_Spring,5,EGA301,3,CURRICULUM_ASSUMPTION
SE211342,2027_Spring,5,SSG105,3,CURRICULUM_ASSUMPTION
SE211342,2027_Spring,5,SWT301,3,CURRICULUM_ASSUMPTION
SE211343,2027_Spring,5,BDI302c,3,CURRICULUM_ASSUMPTION
SE211343,2027_Spring,5,DX_COM*1,3,CURRICULUM_ASSUMPTION
SE211343,2027_Spring,5,DXP391,3,CURRICULUM_ASSUMPTION
SE211343,2027_Spring,5,EGA301,3,CURRICULUM_ASSUMPTION
SE211343,2027_Spring,5,SSG105,3,CURRICULUM_ASSUMPTION
SE211343,2027_Spring,5,SWT301,3,CURRICULUM_ASSUMPTION
SE211344,2027_Spring,5,BDI302c,3,CURRICULUM_ASSUMPTION
SE211344,2027_Spring,5,DX_COM*1,3,CURRICULUM_ASSUMPTION
SE211344,2027_Spring,5,DXP391,3,CURRICULUM_ASSUMPTION
SE211344,2027_Spring,5,EGA301,3,CURRICULUM_ASSUMPTION
SE211344,2027_Spring,5,SSG105,3,CURRICULUM_ASSUMPTION
SE211344,2027_Spring,5,SWT301,3,CURRICULUM_ASSUMPTION
SE211345,2027_Spring,5,BDI302c,3,CURRICULUM_ASSUMPTION
SE211345,2027_Spring,5,DX_COM*1,3,CURRICULUM_ASSUMPTION
SE211345,2027_Spring,5,DXP391,3,CURRICULUM_ASSUMPTION
SE211345,2027_Spring,5,EGA301,3,CURRICULUM_ASSUMPTION
SE211345,2027_Spring,5,SSG105,3,CURRICULUM_ASSUMPTION
SE211345,2027_Spring,5,SWT301,3,CURRICULUM_ASSUMPTION
SE211346,2027_Spring,5,BDI302c,3,CURRICULUM_ASSUMPTION
SE211346,2027_Spring,5,DX_COM*1,3,CURRICULUM_ASSUMPTION
SE211346,2027_Spring,5,DXP391,3,CURRICULUM_ASSUMPTION
SE211346,2027_Spring,5,EGA301,3,CURRICULUM_ASSUMPTION
SE211346,2027_Spring,5,SSG105,3,CURRICULUM_ASSUMPTION
SE211346,2027_Spring,5,SWT301,3,CURRICULUM_ASSUMPTION
SE211347,2027_Spring,5,BDI302c,3,CURRICULUM_ASSUMPTION
SE211347,2027_Spring,5,DX_COM*1,3,CURRICULUM_ASSUMPTION
SE211347,2027_Spring,5,DXP391,3,CURRICULUM_ASSUMPTION
SE211347,2027_Spring,5,EGA301,3,CURRICULUM_ASSUMPTION
SE211347,2027_Spring,5,SSG105,3,CURRICULUM_ASSUMPTION
SE211347,2027_Spring,5,SWT301,3,CURRICULUM_ASSUMPTION
SE211348,2027_Spring,5,BDI302c,3,CURRICULUM_ASSUMPTION
SE211348,2027_Spring,5,DX_COM*1,3,CURRICULUM_ASSUMPTION
SE211348,2027_Spring,5,DXP391,3,CURRICULUM_ASSUMPTION
SE211348,2027_Spring,5,EGA301,3,CURRICULUM_ASSUMPTION
SE211348,2027_Spring,5,SSG105,3,CURRICULUM_ASSUMPTION
SE211348,2027_Spring,5,SWT301,3,CURRICULUM_ASSUMPTION
SE211349,2027_Spring,5,BDI302c,3,CURRICULUM_ASSUMPTION
SE211349,2027_Spring,5,DX_COM*1,3,CURRICULUM_ASSUMPTION
SE211349,2027_Spring,5,DXP391,3,CURRICULUM_ASSUMPTION
SE211349,2027_Spring,5,EGA301,3,CURRICULUM_ASSUMPTION
SE211349,2027_Spring,5,SSG105,3,CURRICULUM_ASSUMPTION
SE211349,2027_Spring,5,SWT301,3,CURRICULUM_ASSUMPTION
SE211350,2027_Spring,5,BDI302c,3,CURRICULUM_ASSUMPTION
SE211350,2027_Spring,5,DX_COM*1,3,CURRICULUM_ASSUMPTION
SE211350,2027_Spring,5,DXP391,3,CURRICULUM_ASSUMPTION
SE211350,2027_Spring,5,EGA301,3,CURRICULUM_ASSUMPTION
SE211350,2027_Spring,5,SSG105,3,CURRICULUM_ASSUMPTION
SE211350,2027_Spring,5,SWT301,3,CURRICULUM_ASSUMPTION
SE211351,2027_Spring,5,BDI302c,3,CURRICULUM_ASSUMPTION
SE211351,2027_Spring,5,DX_COM*1,3,CURRICULUM_ASSUMPTION
SE211351,2027_Spring,5,DXP391,3,CURRICULUM_ASSUMPTION
SE211351,2027_Spring,5,EGA301,3,CURRICULUM_ASSUMPTION
SE211351,2027_Spring,5,SSG105,3,CURRICULUM_ASSUMPTION
SE211351,2027_Spring,5,SWT301,3,CURRICULUM_ASSUMPTION
SE211352,2027_Spring,5,BDI302c,3,CURRICULUM_ASSUMPTION
SE211352,2027_Spring,5,DX_COM*1,3,CURRICULUM_ASSUMPTION
SE211352,2027_Spring,5,DXP391,3,CURRICULUM_ASSUMPTION
SE211352,2027_Spring,5,EGA301,3,CURRICULUM_ASSUMPTION
SE211352,2027_Spring,5,SSG105,3,CURRICULUM_ASSUMPTION
SE211352,2027_Spring,5,SWT301,3,CURRICULUM_ASSUMPTION
SE211353,2027_Spring,5,BDI302c,3,CURRICULUM_ASSUMPTION
SE211353,2027_Spring,5,DX_COM*1,3,CURRICULUM_ASSUMPTION
SE211353,2027_Spring,5,DXP391,3,CURRICULUM_ASSUMPTION
SE211353,2027_Spring,5,EGA301,3,CURRICULUM_ASSUMPTION
SE211353,2027_Spring,5,SSG105,3,CURRICULUM_ASSUMPTION
SE211353,2027_Spring,5,SWT301,3,CURRICULUM_ASSUMPTION
SE211354,2027_Spring,5,BDI302c,3,CURRICULUM_ASSUMPTION
SE211354,2027_Spring,5,DX_COM*1,3,CURRICULUM_ASSUMPTION
SE211354,2027_Spring,5,DXP391,3,CURRICULUM_ASSUMPTION
SE211354,2027_Spring,5,EGA301,3,CURRICULUM_ASSUMPTION
SE211354,2027_Spring,5,SSG105,3,CURRICULUM_ASSUMPTION
SE211354,2027_Spring,5,SWT301,3,CURRICULUM_ASSUMPTION
SE211355,2027_Spring,5,BDI302c,3,CURRICULUM_ASSUMPTION
SE211355,2027_Spring,5,DX_COM*1,3,CURRICULUM_ASSUMPTION
SE211355,2027_Spring,5,DXP391,3,CURRICULUM_ASSUMPTION
SE211355,2027_Spring,5,EGA301,3,CURRICULUM_ASSUMPTION
SE211355,2027_Spring,5,SSG105,3,CURRICULUM_ASSUMPTION
SE211355,2027_Spring,5,SWT301,3,CURRICULUM_ASSUMPTION
SE211356,2027_Spring,5,BDI302c,3,CURRICULUM_ASSUMPTION
SE211356,2027_Spring,5,DX_COM*1,3,CURRICULUM_ASSUMPTION
SE211356,2027_Spring,5,DXP391,3,CURRICULUM_ASSUMPTION
SE211356,2027_Spring,5,EGA301,3,CURRICULUM_ASSUMPTION
SE211356,2027_Spring,5,SSG105,3,CURRICULUM_ASSUMPTION
SE211356,2027_Spring,5,SWT301,3,CURRICULUM_ASSUMPTION
SE211357,2027_Spring,5,BDI302c,3,CURRICULUM_ASSUMPTION
SE211357,2027_Spring,5,DX_COM*1,3,CURRICULUM_ASSUMPTION
SE211357,2027_Spring,5,DXP391,3,CURRICULUM_ASSUMPTION
SE211357,2027_Spring,5,EGA301,3,CURRICULUM_ASSUMPTION
SE211357,2027_Spring,5,SSG105,3,CURRICULUM_ASSUMPTION
SE211357,2027_Spring,5,SWT301,3,CURRICULUM_ASSUMPTION
SE211358,2027_Spring,5,BDI302c,3,CURRICULUM_ASSUMPTION
SE211358,2027_Spring,5,DX_COM*1,3,CURRICULUM_ASSUMPTION
SE211358,2027_Spring,5,DXP391,3,CURRICULUM_ASSUMPTION
SE211358,2027_Spring,5,EGA301,3,CURRICULUM_ASSUMPTION
SE211358,2027_Spring,5,SSG105,3,CURRICULUM_ASSUMPTION
SE211358,2027_Spring,5,SWT301,3,CURRICULUM_ASSUMPTION
SE211359,2027_Spring,5,BDI302c,3,CURRICULUM_ASSUMPTION
SE211359,2027_Spring,5,DX_COM*1,3,CURRICULUM_ASSUMPTION
SE211359,2027_Spring,5,DXP391,3,CURRICULUM_ASSUMPTION
SE211359,2027_Spring,5,EGA301,3,CURRICULUM_ASSUMPTION
SE211359,2027_Spring,5,SSG105,3,CURRICULUM_ASSUMPTION
SE211359,2027_Spring,5,SWT301,3,CURRICULUM_ASSUMPTION
SE211360,2027_Spring,5,BDI302c,3,CURRICULUM_ASSUMPTION
SE211360,2027_Spring,5,DX_COM*1,3,CURRICULUM_ASSUMPTION
SE211360,2027_Spring,5,DXP391,3,CURRICULUM_ASSUMPTION
SE211360,2027_Spring,5,EGA301,3,CURRICULUM_ASSUMPTION
SE211360,2027_Spring,5,SSG105,3,CURRICULUM_ASSUMPTION
SE211360,2027_Spring,5,SWT301,3,CURRICULUM_ASSUMPTION
SE211361,2027_Spring,5,BDI302c,3,CURRICULUM_ASSUMPTION
SE211361,2027_Spring,5,DX_COM*1,3,CURRICULUM_ASSUMPTION
SE211361,2027_Spring,5,DXP391,3,CURRICULUM_ASSUMPTION
SE211361,2027_Spring,5,EGA301,3,CURRICULUM_ASSUMPTION
SE211361,2027_Spring,5,SSG105,3,CURRICULUM_ASSUMPTION
SE211361,2027_Spring,5,SWT301,3,CURRICULUM_ASSUMPTION
SE211362,2027_Spring,5,BDI302c,3,CURRICULUM_ASSUMPTION
SE211362,2027_Spring,5,DX_COM*1,3,CURRICULUM_ASSUMPTION
SE211362,2027_Spring,5,DXP391,3,CURRICULUM_ASSUMPTION
SE211362,2027_Spring,5,EGA301,3,CURRICULUM_ASSUMPTION
SE211362,2027_Spring,5,SSG105,3,CURRICULUM_ASSUMPTION
SE211362,2027_Spring,5,SWT301,3,CURRICULUM_ASSUMPTION
SE211363,2027_Spring,5,BDI302c,3,CURRICULUM_ASSUMPTION
SE211363,2027_Spring,5,DX_COM*1,3,CURRICULUM_ASSUMPTION
SE211363,2027_Spring,5,DXP391,3,CURRICULUM_ASSUMPTION
SE211363,2027_Spring,5,EGA301,3,CURRICULUM_ASSUMPTION
SE211363,2027_Spring,5,SSG105,3,CURRICULUM_ASSUMPTION
SE211363,2027_Spring,5,SWT301,3,CURRICULUM_ASSUMPTION
SE211364,2027_Spring,5,BDI302c,3,CURRICULUM_ASSUMPTION
SE211364,2027_Spring,5,DX_COM*1,3,CURRICULUM_ASSUMPTION
SE211364,2027_Spring,5,DXP391,3,CURRICULUM_ASSUMPTION
SE211364,2027_Spring,5,EGA301,3,CURRICULUM_ASSUMPTION
SE211364,2027_Spring,5,SSG105,3,CURRICULUM_ASSUMPTION
SE211364,2027_Spring,5,SWT301,3,CURRICULUM_ASSUMPTION
SE211365,2027_Spring,5,BDI302c,3,CURRICULUM_ASSUMPTION
SE211365,2027_Spring,5,DX_COM*1,3,CURRICULUM_ASSUMPTION
SE211365,2027_Spring,5,DXP391,3,CURRICULUM_ASSUMPTION
SE211365,2027_Spring,5,EGA301,3,CURRICULUM_ASSUMPTION
SE211365,2027_Spring,5,SSG105,3,CURRICULUM_ASSUMPTION
SE211365,2027_Spring,5,SWT301,3,CURRICULUM_ASSUMPTION
SE211366,2027_Spring,5,BDI302c,3,CURRICULUM_ASSUMPTION
SE211366,2027_Spring,5,DX_COM*1,3,CURRICULUM_ASSUMPTION
SE211366,2027_Spring,5,DXP391,3,CURRICULUM_ASSUMPTION
SE211366,2027_Spring,5,EGA301,3,CURRICULUM_ASSUMPTION
SE211366,2027_Spring,5,SSG105,3,CURRICULUM_ASSUMPTION
SE211366,2027_Spring,5,SWT301,3,CURRICULUM_ASSUMPTION
SE211367,2027_Spring,5,BDI302c,3,CURRICULUM_ASSUMPTION
SE211367,2027_Spring,5,DX_COM*1,3,CURRICULUM_ASSUMPTION
SE211367,2027_Spring,5,DXP391,3,CURRICULUM_ASSUMPTION
SE211367,2027_Spring,5,EGA301,3,CURRICULUM_ASSUMPTION
SE211367,2027_Spring,5,SSG105,3,CURRICULUM_ASSUMPTION
SE211367,2027_Spring,5,SWT301,3,CURRICULUM_ASSUMPTION
SE211368,2027_Spring,5,BDI302c,3,CURRICULUM_ASSUMPTION
SE211368,2027_Spring,5,DX_COM*1,3,CURRICULUM_ASSUMPTION
SE211368,2027_Spring,5,DXP391,3,CURRICULUM_ASSUMPTION
SE211368,2027_Spring,5,EGA301,3,CURRICULUM_ASSUMPTION
SE211368,2027_Spring,5,SSG105,3,CURRICULUM_ASSUMPTION
SE211368,2027_Spring,5,SWT301,3,CURRICULUM_ASSUMPTION
SE211369,2027_Spring,5,BDI302c,3,CURRICULUM_ASSUMPTION
SE211369,2027_Spring,5,DX_COM*1,3,CURRICULUM_ASSUMPTION
SE211369,2027_Spring,5,DXP391,3,CURRICULUM_ASSUMPTION
SE211369,2027_Spring,5,EGA301,3,CURRICULUM_ASSUMPTION
SE211369,2027_Spring,5,SSG105,3,CURRICULUM_ASSUMPTION
SE211369,2027_Spring,5,SWT301,3,CURRICULUM_ASSUMPTION
SE211370,2027_Spring,5,BDI302c,3,CURRICULUM_ASSUMPTION
SE211370,2027_Spring,5,DX_COM*1,3,CURRICULUM_ASSUMPTION
SE211370,2027_Spring,5,DXP391,3,CURRICULUM_ASSUMPTION
SE211370,2027_Spring,5,EGA301,3,CURRICULUM_ASSUMPTION
SE211370,2027_Spring,5,SSG105,3,CURRICULUM_ASSUMPTION
SE211370,2027_Spring,5,SWT301,3,CURRICULUM_ASSUMPTION
SE211371,2027_Spring,5,BDI302c,3,CURRICULUM_ASSUMPTION
SE211371,2027_Spring,5,DX_COM*1,3,CURRICULUM_ASSUMPTION
SE211371,2027_Spring,5,DXP391,3,CURRICULUM_ASSUMPTION
SE211371,2027_Spring,5,EGA301,3,CURRICULUM_ASSUMPTION
SE211371,2027_Spring,5,SSG105,3,CURRICULUM_ASSUMPTION
SE211371,2027_Spring,5,SWT301,3,CURRICULUM_ASSUMPTION
SE211372,2027_Spring,5,BDI302c,3,CURRICULUM_ASSUMPTION
SE211372,2027_Spring,5,DX_COM*1,3,CURRICULUM_ASSUMPTION
SE211372,2027_Spring,5,DXP391,3,CURRICULUM_ASSUMPTION
SE211372,2027_Spring,5,EGA301,3,CURRICULUM_ASSUMPTION
SE211372,2027_Spring,5,SSG105,3,CURRICULUM_ASSUMPTION
SE211372,2027_Spring,5,SWT301,3,CURRICULUM_ASSUMPTION
SE211373,2027_Spring,5,BDI302c,3,CURRICULUM_ASSUMPTION
SE211373,2027_Spring,5,DX_COM*1,3,CURRICULUM_ASSUMPTION
SE211373,2027_Spring,5,DXP391,3,CURRICULUM_ASSUMPTION
SE211373,2027_Spring,5,EGA301,3,CURRICULUM_ASSUMPTION
SE211373,2027_Spring,5,SSG105,3,CURRICULUM_ASSUMPTION
SE211373,2027_Spring,5,SWT301,3,CURRICULUM_ASSUMPTION
SE211374,2027_Spring,5,BDI302c,3,CURRICULUM_ASSUMPTION
SE211374,2027_Spring,5,DX_COM*1,3,CURRICULUM_ASSUMPTION
SE211374,2027_Spring,5,DXP391,3,CURRICULUM_ASSUMPTION
SE211374,2027_Spring,5,EGA301,3,CURRICULUM_ASSUMPTION
SE211374,2027_Spring,5,SSG105,3,CURRICULUM_ASSUMPTION
SE211374,2027_Spring,5,SWT301,3,CURRICULUM_ASSUMPTION
SE211375,2027_Spring,5,BDI302c,3,CURRICULUM_ASSUMPTION
SE211375,2027_Spring,5,DX_COM*1,3,CURRICULUM_ASSUMPTION
SE211375,2027_Spring,5,DXP391,3,CURRICULUM_ASSUMPTION
SE211375,2027_Spring,5,EGA301,3,CURRICULUM_ASSUMPTION
SE211375,2027_Spring,5,SSG105,3,CURRICULUM_ASSUMPTION
SE211375,2027_Spring,5,SWT301,3,CURRICULUM_ASSUMPTION
SE211376,2027_Spring,5,BDI302c,3,CURRICULUM_ASSUMPTION
SE211376,2027_Spring,5,DX_COM*1,3,CURRICULUM_ASSUMPTION
SE211376,2027_Spring,5,DXP391,3,CURRICULUM_ASSUMPTION
SE211376,2027_Spring,5,EGA301,3,CURRICULUM_ASSUMPTION
SE211376,2027_Spring,5,SSG105,3,CURRICULUM_ASSUMPTION
SE211376,2027_Spring,5,SWT301,3,CURRICULUM_ASSUMPTION
SE211377,2027_Spring,5,BDI302c,3,CURRICULUM_ASSUMPTION
SE211377,2027_Spring,5,DX_COM*1,3,CURRICULUM_ASSUMPTION
SE211377,2027_Spring,5,DXP391,3,CURRICULUM_ASSUMPTION
SE211377,2027_Spring,5,EGA301,3,CURRICULUM_ASSUMPTION
SE211377,2027_Spring,5,SSG105,3,CURRICULUM_ASSUMPTION
SE211377,2027_Spring,5,SWT301,3,CURRICULUM_ASSUMPTION
SE211378,2027_Spring,5,BDI302c,3,CURRICULUM_ASSUMPTION
SE211378,2027_Spring,5,DX_COM*1,3,CURRICULUM_ASSUMPTION
SE211378,2027_Spring,5,DXP391,3,CURRICULUM_ASSUMPTION
SE211378,2027_Spring,5,EGA301,3,CURRICULUM_ASSUMPTION
SE211378,2027_Spring,5,SSG105,3,CURRICULUM_ASSUMPTION
SE211378,2027_Spring,5,SWT301,3,CURRICULUM_ASSUMPTION
SE211379,2027_Spring,5,BDI302c,3,CURRICULUM_ASSUMPTION
SE211379,2027_Spring,5,DX_COM*1,3,CURRICULUM_ASSUMPTION
SE211379,2027_Spring,5,DXP391,3,CURRICULUM_ASSUMPTION
SE211379,2027_Spring,5,EGA301,3,CURRICULUM_ASSUMPTION
SE211379,2027_Spring,5,SSG105,3,CURRICULUM_ASSUMPTION
SE211379,2027_Spring,5,SWT301,3,CURRICULUM_ASSUMPTION
SE211380,2027_Spring,5,BDI302c,3,CURRICULUM_ASSUMPTION
SE211380,2027_Spring,5,DX_COM*1,3,CURRICULUM_ASSUMPTION
SE211380,2027_Spring,5,DXP391,3,CURRICULUM_ASSUMPTION
SE211380,2027_Spring,5,EGA301,3,CURRICULUM_ASSUMPTION
SE211380,2027_Spring,5,SSG105,3,CURRICULUM_ASSUMPTION
SE211380,2027_Spring,5,SWT301,3,CURRICULUM_ASSUMPTION
SE211381,2027_Spring,5,BDI302c,3,CURRICULUM_ASSUMPTION
SE211381,2027_Spring,5,DX_COM*1,3,CURRICULUM_ASSUMPTION
SE211381,2027_Spring,5,DXP391,3,CURRICULUM_ASSUMPTION
SE211381,2027_Spring,5,EGA301,3,CURRICULUM_ASSUMPTION
SE211381,2027_Spring,5,SSG105,3,CURRICULUM_ASSUMPTION
SE211381,2027_Spring,5,SWT301,3,CURRICULUM_ASSUMPTION
SE211382,2027_Spring,5,BDI302c,3,CURRICULUM_ASSUMPTION
SE211382,2027_Spring,5,DX_COM*1,3,CURRICULUM_ASSUMPTION
SE211382,2027_Spring,5,DXP391,3,CURRICULUM_ASSUMPTION
SE211382,2027_Spring,5,EGA301,3,CURRICULUM_ASSUMPTION
SE211382,2027_Spring,5,SSG105,3,CURRICULUM_ASSUMPTION
SE211382,2027_Spring,5,SWT301,3,CURRICULUM_ASSUMPTION
SE211383,2027_Spring,5,BDI302c,3,CURRICULUM_ASSUMPTION
SE211383,2027_Spring,5,DX_COM*1,3,CURRICULUM_ASSUMPTION
SE211383,2027_Spring,5,DXP391,3,CURRICULUM_ASSUMPTION
SE211383,2027_Spring,5,EGA301,3,CURRICULUM_ASSUMPTION
SE211383,2027_Spring,5,SSG105,3,CURRICULUM_ASSUMPTION
SE211383,2027_Spring,5,SWT301,3,CURRICULUM_ASSUMPTION
SE211384,2027_Spring,5,BDI302c,3,CURRICULUM_ASSUMPTION
SE211384,2027_Spring,5,DX_COM*1,3,CURRICULUM_ASSUMPTION
SE211384,2027_Spring,5,DXP391,3,CURRICULUM_ASSUMPTION
SE211384,2027_Spring,5,EGA301,3,CURRICULUM_ASSUMPTION
SE211384,2027_Spring,5,SSG105,3,CURRICULUM_ASSUMPTION
SE211384,2027_Spring,5,SWT301,3,CURRICULUM_ASSUMPTION
SE211385,2027_Spring,5,BDI302c,3,CURRICULUM_ASSUMPTION
SE211385,2027_Spring,5,DX_COM*1,3,CURRICULUM_ASSUMPTION
SE211385,2027_Spring,5,DXP391,3,CURRICULUM_ASSUMPTION
SE211385,2027_Spring,5,EGA301,3,CURRICULUM_ASSUMPTION
SE211385,2027_Spring,5,SSG105,3,CURRICULUM_ASSUMPTION
SE211385,2027_Spring,5,SWT301,3,CURRICULUM_ASSUMPTION
SE211386,2027_Spring,5,BDI302c,3,CURRICULUM_ASSUMPTION
SE211386,2027_Spring,5,DX_COM*1,3,CURRICULUM_ASSUMPTION
SE211386,2027_Spring,5,DXP391,3,CURRICULUM_ASSUMPTION
SE211386,2027_Spring,5,EGA301,3,CURRICULUM_ASSUMPTION
SE211386,2027_Spring,5,SSG105,3,CURRICULUM_ASSUMPTION
SE211386,2027_Spring,5,SWT301,3,CURRICULUM_ASSUMPTION
SE211387,2027_Spring,5,BDI302c,3,CURRICULUM_ASSUMPTION
SE211387,2027_Spring,5,DX_COM*1,3,CURRICULUM_ASSUMPTION
SE211387,2027_Spring,5,DXP391,3,CURRICULUM_ASSUMPTION
SE211387,2027_Spring,5,EGA301,3,CURRICULUM_ASSUMPTION
SE211387,2027_Spring,5,SSG105,3,CURRICULUM_ASSUMPTION
SE211387,2027_Spring,5,SWT301,3,CURRICULUM_ASSUMPTION
SE211388,2027_Spring,5,BDI302c,3,CURRICULUM_ASSUMPTION
SE211388,2027_Spring,5,DX_COM*1,3,CURRICULUM_ASSUMPTION
SE211388,2027_Spring,5,DXP391,3,CURRICULUM_ASSUMPTION
SE211388,2027_Spring,5,EGA301,3,CURRICULUM_ASSUMPTION
SE211388,2027_Spring,5,SSG105,3,CURRICULUM_ASSUMPTION
SE211388,2027_Spring,5,SWT301,3,CURRICULUM_ASSUMPTION
SE211389,2027_Spring,5,BDI302c,3,CURRICULUM_ASSUMPTION
SE211389,2027_Spring,5,DX_COM*1,3,CURRICULUM_ASSUMPTION
SE211389,2027_Spring,5,DXP391,3,CURRICULUM_ASSUMPTION
SE211389,2027_Spring,5,EGA301,3,CURRICULUM_ASSUMPTION
SE211389,2027_Spring,5,SSG105,3,CURRICULUM_ASSUMPTION
SE211389,2027_Spring,5,SWT301,3,CURRICULUM_ASSUMPTION
SE211390,2027_Spring,5,BDI302c,3,CURRICULUM_ASSUMPTION
SE211390,2027_Spring,5,DX_COM*1,3,CURRICULUM_ASSUMPTION
SE211390,2027_Spring,5,DXP391,3,CURRICULUM_ASSUMPTION
SE211390,2027_Spring,5,EGA301,3,CURRICULUM_ASSUMPTION
SE211390,2027_Spring,5,SSG105,3,CURRICULUM_ASSUMPTION
SE211390,2027_Spring,5,SWT301,3,CURRICULUM_ASSUMPTION
SE211391,2027_Spring,5,BDI302c,3,CURRICULUM_ASSUMPTION
SE211391,2027_Spring,5,DX_COM*1,3,CURRICULUM_ASSUMPTION
SE211391,2027_Spring,5,DXP391,3,CURRICULUM_ASSUMPTION
SE211391,2027_Spring,5,EGA301,3,CURRICULUM_ASSUMPTION
SE211391,2027_Spring,5,SSG105,3,CURRICULUM_ASSUMPTION
SE211391,2027_Spring,5,SWT301,3,CURRICULUM_ASSUMPTION
SE211392,2027_Spring,5,BDI302c,3,CURRICULUM_ASSUMPTION
SE211392,2027_Spring,5,DX_COM*1,3,CURRICULUM_ASSUMPTION
SE211392,2027_Spring,5,DXP391,3,CURRICULUM_ASSUMPTION
SE211392,2027_Spring,5,EGA301,3,CURRICULUM_ASSUMPTION
SE211392,2027_Spring,5,SSG105,3,CURRICULUM_ASSUMPTION
SE211392,2027_Spring,5,SWT301,3,CURRICULUM_ASSUMPTION
SE211393,2027_Spring,5,BDI302c,3,CURRICULUM_ASSUMPTION
SE211393,2027_Spring,5,DX_COM*1,3,CURRICULUM_ASSUMPTION
SE211393,2027_Spring,5,DXP391,3,CURRICULUM_ASSUMPTION
SE211393,2027_Spring,5,EGA301,3,CURRICULUM_ASSUMPTION
SE211393,2027_Spring,5,SSG105,3,CURRICULUM_ASSUMPTION
SE211393,2027_Spring,5,SWT301,3,CURRICULUM_ASSUMPTION
SE211394,2027_Spring,5,BDI302c,3,CURRICULUM_ASSUMPTION
SE211394,2027_Spring,5,DX_COM*1,3,CURRICULUM_ASSUMPTION
SE211394,2027_Spring,5,DXP391,3,CURRICULUM_ASSUMPTION
SE211394,2027_Spring,5,EGA301,3,CURRICULUM_ASSUMPTION
SE211394,2027_Spring,5,SSG105,3,CURRICULUM_ASSUMPTION
SE211394,2027_Spring,5,SWT301,3,CURRICULUM_ASSUMPTION
SE211395,2027_Spring,5,BDI302c,3,CURRICULUM_ASSUMPTION
SE211395,2027_Spring,5,DX_COM*1,3,CURRICULUM_ASSUMPTION
SE211395,2027_Spring,5,DXP391,3,CURRICULUM_ASSUMPTION
SE211395,2027_Spring,5,EGA301,3,CURRICULUM_ASSUMPTION
SE211395,2027_Spring,5,SSG105,3,CURRICULUM_ASSUMPTION
SE211395,2027_Spring,5,SWT301,3,CURRICULUM_ASSUMPTION
SE211396,2027_Spring,5,BDI302c,3,CURRICULUM_ASSUMPTION
SE211396,2027_Spring,5,DX_COM*1,3,CURRICULUM_ASSUMPTION
SE211396,2027_Spring,5,DXP391,3,CURRICULUM_ASSUMPTION
SE211396,2027_Spring,5,EGA301,3,CURRICULUM_ASSUMPTION
SE211396,2027_Spring,5,SSG105,3,CURRICULUM_ASSUMPTION
SE211396,2027_Spring,5,SWT301,3,CURRICULUM_ASSUMPTION
SE211397,2027_Spring,5,BDI302c,3,CURRICULUM_ASSUMPTION
SE211397,2027_Spring,5,DX_COM*1,3,CURRICULUM_ASSUMPTION
SE211397,2027_Spring,5,DXP391,3,CURRICULUM_ASSUMPTION
SE211397,2027_Spring,5,EGA301,3,CURRICULUM_ASSUMPTION
SE211397,2027_Spring,5,SSG105,3,CURRICULUM_ASSUMPTION
SE211397,2027_Spring,5,SWT301,3,CURRICULUM_ASSUMPTION
SE211398,2027_Spring,5,BDI302c,3,CURRICULUM_ASSUMPTION
SE211398,2027_Spring,5,DX_COM*1,3,CURRICULUM_ASSUMPTION
SE211398,2027_Spring,5,DXP391,3,CURRICULUM_ASSUMPTION
SE211398,2027_Spring,5,EGA301,3,CURRICULUM_ASSUMPTION
SE211398,2027_Spring,5,SSG105,3,CURRICULUM_ASSUMPTION
SE211398,2027_Spring,5,SWT301,3,CURRICULUM_ASSUMPTION
SE211399,2027_Spring,5,BDI302c,3,CURRICULUM_ASSUMPTION
SE211399,2027_Spring,5,DX_COM*1,3,CURRICULUM_ASSUMPTION
SE211399,2027_Spring,5,DXP391,3,CURRICULUM_ASSUMPTION
SE211399,2027_Spring,5,EGA301,3,CURRICULUM_ASSUMPTION
SE211399,2027_Spring,5,SSG105,3,CURRICULUM_ASSUMPTION
SE211399,2027_Spring,5,SWT301,3,CURRICULUM_ASSUMPTION
SE211400,2027_Spring,5,BDI302c,3,CURRICULUM_ASSUMPTION
SE211400,2027_Spring,5,DX_COM*1,3,CURRICULUM_ASSUMPTION
SE211400,2027_Spring,5,DXP391,3,CURRICULUM_ASSUMPTION
SE211400,2027_Spring,5,EGA301,3,CURRICULUM_ASSUMPTION
SE211400,2027_Spring,5,SSG105,3,CURRICULUM_ASSUMPTION
SE211400,2027_Spring,5,SWT301,3,CURRICULUM_ASSUMPTION
SE211401,2027_Spring,5,BDI302c,3,CURRICULUM_ASSUMPTION
SE211401,2027_Spring,5,DX_COM*1,3,CURRICULUM_ASSUMPTION
SE211401,2027_Spring,5,DXP391,3,CURRICULUM_ASSUMPTION
SE211401,2027_Spring,5,EGA301,3,CURRICULUM_ASSUMPTION
SE211401,2027_Spring,5,SSG105,3,CURRICULUM_ASSUMPTION
SE211401,2027_Spring,5,SWT301,3,CURRICULUM_ASSUMPTION
SE211402,2027_Spring,5,BDI302c,3,CURRICULUM_ASSUMPTION
SE211402,2027_Spring,5,DX_COM*1,3,CURRICULUM_ASSUMPTION
SE211402,2027_Spring,5,DXP391,3,CURRICULUM_ASSUMPTION
SE211402,2027_Spring,5,EGA301,3,CURRICULUM_ASSUMPTION
SE211402,2027_Spring,5,SSG105,3,CURRICULUM_ASSUMPTION
SE211402,2027_Spring,5,SWT301,3,CURRICULUM_ASSUMPTION
SE211403,2027_Spring,5,BDI302c,3,CURRICULUM_ASSUMPTION
SE211403,2027_Spring,5,DX_COM*1,3,CURRICULUM_ASSUMPTION
SE211403,2027_Spring,5,DXP391,3,CURRICULUM_ASSUMPTION
SE211403,2027_Spring,5,EGA301,3,CURRICULUM_ASSUMPTION
SE211403,2027_Spring,5,SSG105,3,CURRICULUM_ASSUMPTION
SE211403,2027_Spring,5,SWT301,3,CURRICULUM_ASSUMPTION
SE211404,2027_Spring,5,BDI302c,3,CURRICULUM_ASSUMPTION
SE211404,2027_Spring,5,DX_COM*1,3,CURRICULUM_ASSUMPTION
SE211404,2027_Spring,5,DXP391,3,CURRICULUM_ASSUMPTION
SE211404,2027_Spring,5,EGA301,3,CURRICULUM_ASSUMPTION
SE211404,2027_Spring,5,SSG105,3,CURRICULUM_ASSUMPTION
SE211404,2027_Spring,5,SWT301,3,CURRICULUM_ASSUMPTION
SE211405,2027_Spring,5,BDI302c,3,CURRICULUM_ASSUMPTION
SE211405,2027_Spring,5,DX_COM*1,3,CURRICULUM_ASSUMPTION
SE211405,2027_Spring,5,DXP391,3,CURRICULUM_ASSUMPTION
SE211405,2027_Spring,5,EGA301,3,CURRICULUM_ASSUMPTION
SE211405,2027_Spring,5,SSG105,3,CURRICULUM_ASSUMPTION
SE211405,2027_Spring,5,SWT301,3,CURRICULUM_ASSUMPTION
SE211406,2027_Spring,5,BDI302c,3,CURRICULUM_ASSUMPTION
SE211406,2027_Spring,5,DX_COM*1,3,CURRICULUM_ASSUMPTION
SE211406,2027_Spring,5,DXP391,3,CURRICULUM_ASSUMPTION
SE211406,2027_Spring,5,EGA301,3,CURRICULUM_ASSUMPTION
SE211406,2027_Spring,5,SSG105,3,CURRICULUM_ASSUMPTION
SE211406,2027_Spring,5,SWT301,3,CURRICULUM_ASSUMPTION
SE211407,2027_Spring,5,BDI302c,3,CURRICULUM_ASSUMPTION
SE211407,2027_Spring,5,DX_COM*1,3,CURRICULUM_ASSUMPTION
SE211407,2027_Spring,5,DXP391,3,CURRICULUM_ASSUMPTION
SE211407,2027_Spring,5,EGA301,3,CURRICULUM_ASSUMPTION
SE211407,2027_Spring,5,SSG105,3,CURRICULUM_ASSUMPTION
SE211407,2027_Spring,5,SWT301,3,CURRICULUM_ASSUMPTION
SE211408,2027_Spring,5,BDI302c,3,CURRICULUM_ASSUMPTION
SE211408,2027_Spring,5,DX_COM*1,3,CURRICULUM_ASSUMPTION
SE211408,2027_Spring,5,DXP391,3,CURRICULUM_ASSUMPTION
SE211408,2027_Spring,5,EGA301,3,CURRICULUM_ASSUMPTION
SE211408,2027_Spring,5,SSG105,3,CURRICULUM_ASSUMPTION
SE211408,2027_Spring,5,SWT301,3,CURRICULUM_ASSUMPTION
SE211409,2027_Spring,5,BDI302c,3,CURRICULUM_ASSUMPTION
SE211409,2027_Spring,5,DX_COM*1,3,CURRICULUM_ASSUMPTION
SE211409,2027_Spring,5,DXP391,3,CURRICULUM_ASSUMPTION
SE211409,2027_Spring,5,EGA301,3,CURRICULUM_ASSUMPTION
SE211409,2027_Spring,5,SSG105,3,CURRICULUM_ASSUMPTION
SE211409,2027_Spring,5,SWT301,3,CURRICULUM_ASSUMPTION
SE211410,2027_Spring,5,BDI302c,3,CURRICULUM_ASSUMPTION
SE211410,2027_Spring,5,DX_COM*1,3,CURRICULUM_ASSUMPTION
SE211410,2027_Spring,5,DXP391,3,CURRICULUM_ASSUMPTION
SE211410,2027_Spring,5,EGA301,3,CURRICULUM_ASSUMPTION
SE211410,2027_Spring,5,SSG105,3,CURRICULUM_ASSUMPTION
SE211410,2027_Spring,5,SWT301,3,CURRICULUM_ASSUMPTION
SE211411,2027_Spring,5,BDI302c,3,CURRICULUM_ASSUMPTION
SE211411,2027_Spring,5,DX_COM*1,3,CURRICULUM_ASSUMPTION
SE211411,2027_Spring,5,DXP391,3,CURRICULUM_ASSUMPTION
SE211411,2027_Spring,5,EGA301,3,CURRICULUM_ASSUMPTION
SE211411,2027_Spring,5,SSG105,3,CURRICULUM_ASSUMPTION
SE211411,2027_Spring,5,SWT301,3,CURRICULUM_ASSUMPTION
SE211412,2027_Spring,5,BDI302c,3,CURRICULUM_ASSUMPTION
SE211412,2027_Spring,5,DX_COM*1,3,CURRICULUM_ASSUMPTION
SE211412,2027_Spring,5,DXP391,3,CURRICULUM_ASSUMPTION
SE211412,2027_Spring,5,EGA301,3,CURRICULUM_ASSUMPTION
SE211412,2027_Spring,5,SSG105,3,CURRICULUM_ASSUMPTION
SE211412,2027_Spring,5,SWT301,3,CURRICULUM_ASSUMPTION
SE211413,2027_Spring,5,BDI302c,3,CURRICULUM_ASSUMPTION
SE211413,2027_Spring,5,DX_COM*1,3,CURRICULUM_ASSUMPTION
SE211413,2027_Spring,5,DXP391,3,CURRICULUM_ASSUMPTION
SE211413,2027_Spring,5,EGA301,3,CURRICULUM_ASSUMPTION
SE211413,2027_Spring,5,SSG105,3,CURRICULUM_ASSUMPTION
SE211413,2027_Spring,5,SWT301,3,CURRICULUM_ASSUMPTION
SE211414,2027_Spring,5,BDI302c,3,CURRICULUM_ASSUMPTION
SE211414,2027_Spring,5,DX_COM*1,3,CURRICULUM_ASSUMPTION
SE211414,2027_Spring,5,DXP391,3,CURRICULUM_ASSUMPTION
SE211414,2027_Spring,5,EGA301,3,CURRICULUM_ASSUMPTION
SE211414,2027_Spring,5,SSG105,3,CURRICULUM_ASSUMPTION
SE211414,2027_Spring,5,SWT301,3,CURRICULUM_ASSUMPTION
SE211415,2027_Spring,5,BDI302c,3,CURRICULUM_ASSUMPTION
SE211415,2027_Spring,5,DX_COM*1,3,CURRICULUM_ASSUMPTION
SE211415,2027_Spring,5,DXP391,3,CURRICULUM_ASSUMPTION
SE211415,2027_Spring,5,EGA301,3,CURRICULUM_ASSUMPTION
SE211415,2027_Spring,5,SSG105,3,CURRICULUM_ASSUMPTION
SE211415,2027_Spring,5,SWT301,3,CURRICULUM_ASSUMPTION
SE211416,2027_Spring,5,BDI302c,3,CURRICULUM_ASSUMPTION
SE211416,2027_Spring,5,DX_COM*1,3,CURRICULUM_ASSUMPTION
SE211416,2027_Spring,5,DXP391,3,CURRICULUM_ASSUMPTION
SE211416,2027_Spring,5,EGA301,3,CURRICULUM_ASSUMPTION
SE211416,2027_Spring,5,SSG105,3,CURRICULUM_ASSUMPTION
SE211416,2027_Spring,5,SWT301,3,CURRICULUM_ASSUMPTION
SE211417,2027_Spring,5,BDI302c,3,CURRICULUM_ASSUMPTION
SE211417,2027_Spring,5,DX_COM*1,3,CURRICULUM_ASSUMPTION
SE211417,2027_Spring,5,DXP391,3,CURRICULUM_ASSUMPTION
SE211417,2027_Spring,5,EGA301,3,CURRICULUM_ASSUMPTION
SE211417,2027_Spring,5,SSG105,3,CURRICULUM_ASSUMPTION
SE211417,2027_Spring,5,SWT301,3,CURRICULUM_ASSUMPTION
SE211418,2027_Spring,5,BDI302c,3,CURRICULUM_ASSUMPTION
SE211418,2027_Spring,5,DX_COM*1,3,CURRICULUM_ASSUMPTION
SE211418,2027_Spring,5,DXP391,3,CURRICULUM_ASSUMPTION
SE211418,2027_Spring,5,EGA301,3,CURRICULUM_ASSUMPTION
SE211418,2027_Spring,5,SSG105,3,CURRICULUM_ASSUMPTION
SE211418,2027_Spring,5,SWT301,3,CURRICULUM_ASSUMPTION
SE211419,2027_Spring,5,BDI302c,3,CURRICULUM_ASSUMPTION
SE211419,2027_Spring,5,DX_COM*1,3,CURRICULUM_ASSUMPTION
SE211419,2027_Spring,5,DXP391,3,CURRICULUM_ASSUMPTION
SE211419,2027_Spring,5,EGA301,3,CURRICULUM_ASSUMPTION
SE211419,2027_Spring,5,SSG105,3,CURRICULUM_ASSUMPTION
SE211419,2027_Spring,5,SWT301,3,CURRICULUM_ASSUMPTION
SE211420,2027_Spring,5,BDI302c,3,CURRICULUM_ASSUMPTION
SE211420,2027_Spring,5,DX_COM*1,3,CURRICULUM_ASSUMPTION
SE211420,2027_Spring,5,DXP391,3,CURRICULUM_ASSUMPTION
SE211420,2027_Spring,5,EGA301,3,CURRICULUM_ASSUMPTION
SE211420,2027_Spring,5,SSG105,3,CURRICULUM_ASSUMPTION
SE211420,2027_Spring,5,SWT301,3,CURRICULUM_ASSUMPTION
SE211421,2027_Spring,5,BDI302c,3,CURRICULUM_ASSUMPTION
SE211421,2027_Spring,5,DX_COM*1,3,CURRICULUM_ASSUMPTION
SE211421,2027_Spring,5,DXP391,3,CURRICULUM_ASSUMPTION
SE211421,2027_Spring,5,EGA301,3,CURRICULUM_ASSUMPTION
SE211421,2027_Spring,5,SSG105,3,CURRICULUM_ASSUMPTION
SE211421,2027_Spring,5,SWT301,3,CURRICULUM_ASSUMPTION
SE211422,2027_Spring,5,BDI302c,3,CURRICULUM_ASSUMPTION
SE211422,2027_Spring,5,DX_COM*1,3,CURRICULUM_ASSUMPTION
SE211422,2027_Spring,5,DXP391,3,CURRICULUM_ASSUMPTION
SE211422,2027_Spring,5,EGA301,3,CURRICULUM_ASSUMPTION
SE211422,2027_Spring,5,SSG105,3,CURRICULUM_ASSUMPTION
SE211422,2027_Spring,5,SWT301,3,CURRICULUM_ASSUMPTION
SE211423,2027_Spring,5,BDI302c,3,CURRICULUM_ASSUMPTION
SE211423,2027_Spring,5,DX_COM*1,3,CURRICULUM_ASSUMPTION
SE211423,2027_Spring,5,DXP391,3,CURRICULUM_ASSUMPTION
SE211423,2027_Spring,5,EGA301,3,CURRICULUM_ASSUMPTION
SE211423,2027_Spring,5,SSG105,3,CURRICULUM_ASSUMPTION
SE211423,2027_Spring,5,SWT301,3,CURRICULUM_ASSUMPTION
SE211424,2027_Spring,5,BDI302c,3,CURRICULUM_ASSUMPTION
SE211424,2027_Spring,5,DX_COM*1,3,CURRICULUM_ASSUMPTION
SE211424,2027_Spring,5,DXP391,3,CURRICULUM_ASSUMPTION
SE211424,2027_Spring,5,EGA301,3,CURRICULUM_ASSUMPTION
SE211424,2027_Spring,5,SSG105,3,CURRICULUM_ASSUMPTION
SE211424,2027_Spring,5,SWT301,3,CURRICULUM_ASSUMPTION
SE211425,2027_Spring,5,BDI302c,3,CURRICULUM_ASSUMPTION
SE211425,2027_Spring,5,DX_COM*1,3,CURRICULUM_ASSUMPTION
SE211425,2027_Spring,5,DXP391,3,CURRICULUM_ASSUMPTION
SE211425,2027_Spring,5,EGA301,3,CURRICULUM_ASSUMPTION
SE211425,2027_Spring,5,SSG105,3,CURRICULUM_ASSUMPTION
SE211425,2027_Spring,5,SWT301,3,CURRICULUM_ASSUMPTION
SE211426,2027_Spring,5,BDI302c,3,CURRICULUM_ASSUMPTION
SE211426,2027_Spring,5,DX_COM*1,3,CURRICULUM_ASSUMPTION
SE211426,2027_Spring,5,DXP391,3,CURRICULUM_ASSUMPTION
SE211426,2027_Spring,5,EGA301,3,CURRICULUM_ASSUMPTION
SE211426,2027_Spring,5,SSG105,3,CURRICULUM_ASSUMPTION
SE211426,2027_Spring,5,SWT301,3,CURRICULUM_ASSUMPTION
SE211427,2027_Spring,5,BDI302c,3,CURRICULUM_ASSUMPTION
SE211427,2027_Spring,5,DX_COM*1,3,CURRICULUM_ASSUMPTION
SE211427,2027_Spring,5,DXP391,3,CURRICULUM_ASSUMPTION
SE211427,2027_Spring,5,EGA301,3,CURRICULUM_ASSUMPTION
SE211427,2027_Spring,5,SSG105,3,CURRICULUM_ASSUMPTION
SE211427,2027_Spring,5,SWT301,3,CURRICULUM_ASSUMPTION
SE211428,2027_Spring,5,BDI302c,3,CURRICULUM_ASSUMPTION
SE211428,2027_Spring,5,DX_COM*1,3,CURRICULUM_ASSUMPTION
SE211428,2027_Spring,5,DXP391,3,CURRICULUM_ASSUMPTION
SE211428,2027_Spring,5,EGA301,3,CURRICULUM_ASSUMPTION
SE211428,2027_Spring,5,SSG105,3,CURRICULUM_ASSUMPTION
SE211428,2027_Spring,5,SWT301,3,CURRICULUM_ASSUMPTION
SE211429,2027_Spring,5,BDI302c,3,CURRICULUM_ASSUMPTION
SE211429,2027_Spring,5,DX_COM*1,3,CURRICULUM_ASSUMPTION
SE211429,2027_Spring,5,DXP391,3,CURRICULUM_ASSUMPTION
SE211429,2027_Spring,5,EGA301,3,CURRICULUM_ASSUMPTION
SE211429,2027_Spring,5,SSG105,3,CURRICULUM_ASSUMPTION
SE211429,2027_Spring,5,SWT301,3,CURRICULUM_ASSUMPTION
SE211430,2027_Spring,5,BDI302c,3,CURRICULUM_ASSUMPTION
SE211430,2027_Spring,5,DX_COM*1,3,CURRICULUM_ASSUMPTION
SE211430,2027_Spring,5,DXP391,3,CURRICULUM_ASSUMPTION
SE211430,2027_Spring,5,EGA301,3,CURRICULUM_ASSUMPTION
SE211430,2027_Spring,5,SSG105,3,CURRICULUM_ASSUMPTION
SE211430,2027_Spring,5,SWT301,3,CURRICULUM_ASSUMPTION
SE211431,2027_Spring,5,BDI302c,3,CURRICULUM_ASSUMPTION
SE211431,2027_Spring,5,DX_COM*1,3,CURRICULUM_ASSUMPTION
SE211431,2027_Spring,5,DXP391,3,CURRICULUM_ASSUMPTION
SE211431,2027_Spring,5,EGA301,3,CURRICULUM_ASSUMPTION
SE211431,2027_Spring,5,SSG105,3,CURRICULUM_ASSUMPTION
SE211431,2027_Spring,5,SWT301,3,CURRICULUM_ASSUMPTION
SE211432,2027_Spring,5,BDI302c,3,CURRICULUM_ASSUMPTION
SE211432,2027_Spring,5,DX_COM*1,3,CURRICULUM_ASSUMPTION
SE211432,2027_Spring,5,DXP391,3,CURRICULUM_ASSUMPTION
SE211432,2027_Spring,5,EGA301,3,CURRICULUM_ASSUMPTION
SE211432,2027_Spring,5,SSG105,3,CURRICULUM_ASSUMPTION
SE211432,2027_Spring,5,SWT301,3,CURRICULUM_ASSUMPTION
SE211433,2027_Spring,5,BDI302c,3,CURRICULUM_ASSUMPTION
SE211433,2027_Spring,5,DX_COM*1,3,CURRICULUM_ASSUMPTION
SE211433,2027_Spring,5,DXP391,3,CURRICULUM_ASSUMPTION
SE211433,2027_Spring,5,EGA301,3,CURRICULUM_ASSUMPTION
SE211433,2027_Spring,5,SSG105,3,CURRICULUM_ASSUMPTION
SE211433,2027_Spring,5,SWT301,3,CURRICULUM_ASSUMPTION
SE211434,2027_Spring,5,BDI302c,3,CURRICULUM_ASSUMPTION
SE211434,2027_Spring,5,DX_COM*1,3,CURRICULUM_ASSUMPTION
SE211434,2027_Spring,5,DXP391,3,CURRICULUM_ASSUMPTION
SE211434,2027_Spring,5,EGA301,3,CURRICULUM_ASSUMPTION
SE211434,2027_Spring,5,SSG105,3,CURRICULUM_ASSUMPTION
SE211434,2027_Spring,5,SWT301,3,CURRICULUM_ASSUMPTION
SE211435,2027_Spring,5,BDI302c,3,CURRICULUM_ASSUMPTION
SE211435,2027_Spring,5,DX_COM*1,3,CURRICULUM_ASSUMPTION
SE211435,2027_Spring,5,DXP391,3,CURRICULUM_ASSUMPTION
SE211435,2027_Spring,5,EGA301,3,CURRICULUM_ASSUMPTION
SE211435,2027_Spring,5,SSG105,3,CURRICULUM_ASSUMPTION
SE211435,2027_Spring,5,SWT301,3,CURRICULUM_ASSUMPTION
SE211436,2027_Spring,5,BDI302c,3,CURRICULUM_ASSUMPTION
SE211436,2027_Spring,5,DX_COM*1,3,CURRICULUM_ASSUMPTION
SE211436,2027_Spring,5,DXP391,3,CURRICULUM_ASSUMPTION
SE211436,2027_Spring,5,EGA301,3,CURRICULUM_ASSUMPTION
SE211436,2027_Spring,5,SSG105,3,CURRICULUM_ASSUMPTION
SE211436,2027_Spring,5,SWT301,3,CURRICULUM_ASSUMPTION
SE211437,2027_Spring,5,BDI302c,3,CURRICULUM_ASSUMPTION
SE211437,2027_Spring,5,DX_COM*1,3,CURRICULUM_ASSUMPTION
SE211437,2027_Spring,5,DXP391,3,CURRICULUM_ASSUMPTION
SE211437,2027_Spring,5,EGA301,3,CURRICULUM_ASSUMPTION
SE211437,2027_Spring,5,SSG105,3,CURRICULUM_ASSUMPTION
SE211437,2027_Spring,5,SWT301,3,CURRICULUM_ASSUMPTION
SE211438,2027_Spring,5,BDI302c,3,CURRICULUM_ASSUMPTION
SE211438,2027_Spring,5,DX_COM*1,3,CURRICULUM_ASSUMPTION
SE211438,2027_Spring,5,DXP391,3,CURRICULUM_ASSUMPTION
SE211438,2027_Spring,5,EGA301,3,CURRICULUM_ASSUMPTION
SE211438,2027_Spring,5,SSG105,3,CURRICULUM_ASSUMPTION
SE211438,2027_Spring,5,SWT301,3,CURRICULUM_ASSUMPTION
SE211439,2027_Spring,5,BDI302c,3,CURRICULUM_ASSUMPTION
SE211439,2027_Spring,5,DX_COM*1,3,CURRICULUM_ASSUMPTION
SE211439,2027_Spring,5,DXP391,3,CURRICULUM_ASSUMPTION
SE211439,2027_Spring,5,EGA301,3,CURRICULUM_ASSUMPTION
SE211439,2027_Spring,5,SSG105,3,CURRICULUM_ASSUMPTION
SE211439,2027_Spring,5,SWT301,3,CURRICULUM_ASSUMPTION
SE211440,2027_Spring,5,BDI302c,3,CURRICULUM_ASSUMPTION
SE211440,2027_Spring,5,DX_COM*1,3,CURRICULUM_ASSUMPTION
SE211440,2027_Spring,5,DXP391,3,CURRICULUM_ASSUMPTION
SE211440,2027_Spring,5,EGA301,3,CURRICULUM_ASSUMPTION
SE211440,2027_Spring,5,SSG105,3,CURRICULUM_ASSUMPTION
SE211440,2027_Spring,5,SWT301,3,CURRICULUM_ASSUMPTION
SE211441,2027_Spring,5,BDI302c,3,CURRICULUM_ASSUMPTION
SE211441,2027_Spring,5,DX_COM*1,3,CURRICULUM_ASSUMPTION
SE211441,2027_Spring,5,DXP391,3,CURRICULUM_ASSUMPTION
SE211441,2027_Spring,5,EGA301,3,CURRICULUM_ASSUMPTION
SE211441,2027_Spring,5,SSG105,3,CURRICULUM_ASSUMPTION
SE211441,2027_Spring,5,SWT301,3,CURRICULUM_ASSUMPTION
SE211442,2027_Spring,5,BDI302c,3,CURRICULUM_ASSUMPTION
SE211442,2027_Spring,5,DX_COM*1,3,CURRICULUM_ASSUMPTION
SE211442,2027_Spring,5,DXP391,3,CURRICULUM_ASSUMPTION
SE211442,2027_Spring,5,EGA301,3,CURRICULUM_ASSUMPTION
SE211442,2027_Spring,5,SSG105,3,CURRICULUM_ASSUMPTION
SE211442,2027_Spring,5,SWT301,3,CURRICULUM_ASSUMPTION
SE211443,2027_Spring,5,BDI302c,3,CURRICULUM_ASSUMPTION
SE211443,2027_Spring,5,DX_COM*1,3,CURRICULUM_ASSUMPTION
SE211443,2027_Spring,5,DXP391,3,CURRICULUM_ASSUMPTION
SE211443,2027_Spring,5,EGA301,3,CURRICULUM_ASSUMPTION
SE211443,2027_Spring,5,SSG105,3,CURRICULUM_ASSUMPTION
SE211443,2027_Spring,5,SWT301,3,CURRICULUM_ASSUMPTION
SE211444,2027_Spring,5,BDI302c,3,CURRICULUM_ASSUMPTION
SE211444,2027_Spring,5,DX_COM*1,3,CURRICULUM_ASSUMPTION
SE211444,2027_Spring,5,DXP391,3,CURRICULUM_ASSUMPTION
SE211444,2027_Spring,5,EGA301,3,CURRICULUM_ASSUMPTION
SE211444,2027_Spring,5,SSG105,3,CURRICULUM_ASSUMPTION
SE211444,2027_Spring,5,SWT301,3,CURRICULUM_ASSUMPTION
SE211445,2027_Spring,5,BDI302c,3,CURRICULUM_ASSUMPTION
SE211445,2027_Spring,5,DX_COM*1,3,CURRICULUM_ASSUMPTION
SE211445,2027_Spring,5,DXP391,3,CURRICULUM_ASSUMPTION
SE211445,2027_Spring,5,EGA301,3,CURRICULUM_ASSUMPTION
SE211445,2027_Spring,5,SSG105,3,CURRICULUM_ASSUMPTION
SE211445,2027_Spring,5,SWT301,3,CURRICULUM_ASSUMPTION
SE211446,2027_Spring,5,BDI302c,3,CURRICULUM_ASSUMPTION
SE211446,2027_Spring,5,DX_COM*1,3,CURRICULUM_ASSUMPTION
SE211446,2027_Spring,5,DXP391,3,CURRICULUM_ASSUMPTION
SE211446,2027_Spring,5,EGA301,3,CURRICULUM_ASSUMPTION
SE211446,2027_Spring,5,SSG105,3,CURRICULUM_ASSUMPTION
SE211446,2027_Spring,5,SWT301,3,CURRICULUM_ASSUMPTION
SE211447,2027_Spring,5,BDI302c,3,CURRICULUM_ASSUMPTION
SE211447,2027_Spring,5,DX_COM*1,3,CURRICULUM_ASSUMPTION
SE211447,2027_Spring,5,DXP391,3,CURRICULUM_ASSUMPTION
SE211447,2027_Spring,5,EGA301,3,CURRICULUM_ASSUMPTION
SE211447,2027_Spring,5,SSG105,3,CURRICULUM_ASSUMPTION
SE211447,2027_Spring,5,SWT301,3,CURRICULUM_ASSUMPTION
SE211448,2027_Spring,5,BDI302c,3,CURRICULUM_ASSUMPTION
SE211448,2027_Spring,5,DX_COM*1,3,CURRICULUM_ASSUMPTION
SE211448,2027_Spring,5,DXP391,3,CURRICULUM_ASSUMPTION
SE211448,2027_Spring,5,EGA301,3,CURRICULUM_ASSUMPTION
SE211448,2027_Spring,5,SSG105,3,CURRICULUM_ASSUMPTION
SE211448,2027_Spring,5,SWT301,3,CURRICULUM_ASSUMPTION
SE211449,2027_Spring,5,BDI302c,3,CURRICULUM_ASSUMPTION
SE211449,2027_Spring,5,DX_COM*1,3,CURRICULUM_ASSUMPTION
SE211449,2027_Spring,5,DXP391,3,CURRICULUM_ASSUMPTION
SE211449,2027_Spring,5,EGA301,3,CURRICULUM_ASSUMPTION
SE211449,2027_Spring,5,SSG105,3,CURRICULUM_ASSUMPTION
SE211449,2027_Spring,5,SWT301,3,CURRICULUM_ASSUMPTION
SE211450,2027_Spring,5,BDI302c,3,CURRICULUM_ASSUMPTION
SE211450,2027_Spring,5,DX_COM*1,3,CURRICULUM_ASSUMPTION
SE211450,2027_Spring,5,DXP391,3,CURRICULUM_ASSUMPTION
SE211450,2027_Spring,5,EGA301,3,CURRICULUM_ASSUMPTION
SE211450,2027_Spring,5,SSG105,3,CURRICULUM_ASSUMPTION
SE211450,2027_Spring,5,SWT301,3,CURRICULUM_ASSUMPTION
SE211451,2027_Spring,5,BDI302c,3,CURRICULUM_ASSUMPTION
SE211451,2027_Spring,5,DX_COM*1,3,CURRICULUM_ASSUMPTION
SE211451,2027_Spring,5,DXP391,3,CURRICULUM_ASSUMPTION
SE211451,2027_Spring,5,EGA301,3,CURRICULUM_ASSUMPTION
SE211451,2027_Spring,5,SSG105,3,CURRICULUM_ASSUMPTION
SE211451,2027_Spring,5,SWT301,3,CURRICULUM_ASSUMPTION
SE211452,2027_Spring,5,BDI302c,3,CURRICULUM_ASSUMPTION
SE211452,2027_Spring,5,DX_COM*1,3,CURRICULUM_ASSUMPTION
SE211452,2027_Spring,5,DXP391,3,CURRICULUM_ASSUMPTION
SE211452,2027_Spring,5,EGA301,3,CURRICULUM_ASSUMPTION
SE211452,2027_Spring,5,SSG105,3,CURRICULUM_ASSUMPTION
SE211452,2027_Spring,5,SWT301,3,CURRICULUM_ASSUMPTION
SE211453,2027_Spring,5,BDI302c,3,CURRICULUM_ASSUMPTION
SE211453,2027_Spring,5,DX_COM*1,3,CURRICULUM_ASSUMPTION
SE211453,2027_Spring,5,DXP391,3,CURRICULUM_ASSUMPTION
SE211453,2027_Spring,5,EGA301,3,CURRICULUM_ASSUMPTION
SE211453,2027_Spring,5,SSG105,3,CURRICULUM_ASSUMPTION
SE211453,2027_Spring,5,SWT301,3,CURRICULUM_ASSUMPTION
SE211454,2027_Spring,5,BDI302c,3,CURRICULUM_ASSUMPTION
SE211454,2027_Spring,5,DX_COM*1,3,CURRICULUM_ASSUMPTION
SE211454,2027_Spring,5,DXP391,3,CURRICULUM_ASSUMPTION
SE211454,2027_Spring,5,EGA301,3,CURRICULUM_ASSUMPTION
SE211454,2027_Spring,5,SSG105,3,CURRICULUM_ASSUMPTION
SE211454,2027_Spring,5,SWT301,3,CURRICULUM_ASSUMPTION
SE211455,2027_Spring,5,BDI302c,3,CURRICULUM_ASSUMPTION
SE211455,2027_Spring,5,DX_COM*1,3,CURRICULUM_ASSUMPTION
SE211455,2027_Spring,5,DXP391,3,CURRICULUM_ASSUMPTION
SE211455,2027_Spring,5,EGA301,3,CURRICULUM_ASSUMPTION
SE211455,2027_Spring,5,SSG105,3,CURRICULUM_ASSUMPTION
SE211455,2027_Spring,5,SWT301,3,CURRICULUM_ASSUMPTION
SE211456,2027_Spring,5,BDI302c,3,CURRICULUM_ASSUMPTION
SE211456,2027_Spring,5,DX_COM*1,3,CURRICULUM_ASSUMPTION
SE211456,2027_Spring,5,DXP391,3,CURRICULUM_ASSUMPTION
SE211456,2027_Spring,5,EGA301,3,CURRICULUM_ASSUMPTION
SE211456,2027_Spring,5,SSG105,3,CURRICULUM_ASSUMPTION
SE211456,2027_Spring,5,SWT301,3,CURRICULUM_ASSUMPTION
SE211457,2027_Spring,5,BDI302c,3,CURRICULUM_ASSUMPTION
SE211457,2027_Spring,5,DX_COM*1,3,CURRICULUM_ASSUMPTION
SE211457,2027_Spring,5,DXP391,3,CURRICULUM_ASSUMPTION
SE211457,2027_Spring,5,EGA301,3,CURRICULUM_ASSUMPTION
SE211457,2027_Spring,5,SSG105,3,CURRICULUM_ASSUMPTION
SE211457,2027_Spring,5,SWT301,3,CURRICULUM_ASSUMPTION
SE211458,2027_Spring,5,BDI302c,3,CURRICULUM_ASSUMPTION
SE211458,2027_Spring,5,DX_COM*1,3,CURRICULUM_ASSUMPTION
SE211458,2027_Spring,5,DXP391,3,CURRICULUM_ASSUMPTION
SE211458,2027_Spring,5,EGA301,3,CURRICULUM_ASSUMPTION
SE211458,2027_Spring,5,SSG105,3,CURRICULUM_ASSUMPTION
SE211458,2027_Spring,5,SWT301,3,CURRICULUM_ASSUMPTION
SE211459,2027_Spring,5,BDI302c,3,CURRICULUM_ASSUMPTION
SE211459,2027_Spring,5,DX_COM*1,3,CURRICULUM_ASSUMPTION
SE211459,2027_Spring,5,DXP391,3,CURRICULUM_ASSUMPTION
SE211459,2027_Spring,5,EGA301,3,CURRICULUM_ASSUMPTION
SE211459,2027_Spring,5,SSG105,3,CURRICULUM_ASSUMPTION
SE211459,2027_Spring,5,SWT301,3,CURRICULUM_ASSUMPTION
SE211460,2027_Spring,5,BDI302c,3,CURRICULUM_ASSUMPTION
SE211460,2027_Spring,5,DX_COM*1,3,CURRICULUM_ASSUMPTION
SE211460,2027_Spring,5,DXP391,3,CURRICULUM_ASSUMPTION
SE211460,2027_Spring,5,EGA301,3,CURRICULUM_ASSUMPTION
SE211460,2027_Spring,5,SSG105,3,CURRICULUM_ASSUMPTION
SE211460,2027_Spring,5,SWT301,3,CURRICULUM_ASSUMPTION
SE211461,2027_Spring,5,BDI302c,3,CURRICULUM_ASSUMPTION
SE211461,2027_Spring,5,DX_COM*1,3,CURRICULUM_ASSUMPTION
SE211461,2027_Spring,5,DXP391,3,CURRICULUM_ASSUMPTION
SE211461,2027_Spring,5,EGA301,3,CURRICULUM_ASSUMPTION
SE211461,2027_Spring,5,SSG105,3,CURRICULUM_ASSUMPTION
SE211461,2027_Spring,5,SWT301,3,CURRICULUM_ASSUMPTION
SE211462,2027_Spring,5,BDI302c,3,CURRICULUM_ASSUMPTION
SE211462,2027_Spring,5,DX_COM*1,3,CURRICULUM_ASSUMPTION
SE211462,2027_Spring,5,DXP391,3,CURRICULUM_ASSUMPTION
SE211462,2027_Spring,5,EGA301,3,CURRICULUM_ASSUMPTION
SE211462,2027_Spring,5,SSG105,3,CURRICULUM_ASSUMPTION
SE211462,2027_Spring,5,SWT301,3,CURRICULUM_ASSUMPTION
SE211463,2027_Spring,5,BDI302c,3,CURRICULUM_ASSUMPTION
SE211463,2027_Spring,5,DX_COM*1,3,CURRICULUM_ASSUMPTION
SE211463,2027_Spring,5,DXP391,3,CURRICULUM_ASSUMPTION
SE211463,2027_Spring,5,EGA301,3,CURRICULUM_ASSUMPTION
SE211463,2027_Spring,5,SSG105,3,CURRICULUM_ASSUMPTION
SE211463,2027_Spring,5,SWT301,3,CURRICULUM_ASSUMPTION
SE211464,2027_Spring,5,BDI302c,3,CURRICULUM_ASSUMPTION
SE211464,2027_Spring,5,DX_COM*1,3,CURRICULUM_ASSUMPTION
SE211464,2027_Spring,5,DXP391,3,CURRICULUM_ASSUMPTION
SE211464,2027_Spring,5,EGA301,3,CURRICULUM_ASSUMPTION
SE211464,2027_Spring,5,SSG105,3,CURRICULUM_ASSUMPTION
SE211464,2027_Spring,5,SWT301,3,CURRICULUM_ASSUMPTION
SE211465,2027_Spring,5,BDI302c,3,CURRICULUM_ASSUMPTION
SE211465,2027_Spring,5,DX_COM*1,3,CURRICULUM_ASSUMPTION
SE211465,2027_Spring,5,DXP391,3,CURRICULUM_ASSUMPTION
SE211465,2027_Spring,5,EGA301,3,CURRICULUM_ASSUMPTION
SE211465,2027_Spring,5,SSG105,3,CURRICULUM_ASSUMPTION
SE211465,2027_Spring,5,SWT301,3,CURRICULUM_ASSUMPTION
SE211466,2027_Spring,5,BDI302c,3,CURRICULUM_ASSUMPTION
SE211466,2027_Spring,5,DX_COM*1,3,CURRICULUM_ASSUMPTION
SE211466,2027_Spring,5,DXP391,3,CURRICULUM_ASSUMPTION
SE211466,2027_Spring,5,EGA301,3,CURRICULUM_ASSUMPTION
SE211466,2027_Spring,5,SSG105,3,CURRICULUM_ASSUMPTION
SE211466,2027_Spring,5,SWT301,3,CURRICULUM_ASSUMPTION
SE211467,2027_Spring,5,BDI302c,3,CURRICULUM_ASSUMPTION
SE211467,2027_Spring,5,DX_COM*1,3,CURRICULUM_ASSUMPTION
SE211467,2027_Spring,5,DXP391,3,CURRICULUM_ASSUMPTION
SE211467,2027_Spring,5,EGA301,3,CURRICULUM_ASSUMPTION
SE211467,2027_Spring,5,SSG105,3,CURRICULUM_ASSUMPTION
SE211467,2027_Spring,5,SWT301,3,CURRICULUM_ASSUMPTION
SE211468,2027_Spring,5,BDI302c,3,CURRICULUM_ASSUMPTION
SE211468,2027_Spring,5,DX_COM*1,3,CURRICULUM_ASSUMPTION
SE211468,2027_Spring,5,DXP391,3,CURRICULUM_ASSUMPTION
SE211468,2027_Spring,5,EGA301,3,CURRICULUM_ASSUMPTION
SE211468,2027_Spring,5,SSG105,3,CURRICULUM_ASSUMPTION
SE211468,2027_Spring,5,SWT301,3,CURRICULUM_ASSUMPTION
SE211469,2027_Spring,5,BDI302c,3,CURRICULUM_ASSUMPTION
SE211469,2027_Spring,5,DX_COM*1,3,CURRICULUM_ASSUMPTION
SE211469,2027_Spring,5,DXP391,3,CURRICULUM_ASSUMPTION
SE211469,2027_Spring,5,EGA301,3,CURRICULUM_ASSUMPTION
SE211469,2027_Spring,5,SSG105,3,CURRICULUM_ASSUMPTION
SE211469,2027_Spring,5,SWT301,3,CURRICULUM_ASSUMPTION
SE211470,2027_Spring,5,BDI302c,3,CURRICULUM_ASSUMPTION
SE211470,2027_Spring,5,DX_COM*1,3,CURRICULUM_ASSUMPTION
SE211470,2027_Spring,5,DXP391,3,CURRICULUM_ASSUMPTION
SE211470,2027_Spring,5,EGA301,3,CURRICULUM_ASSUMPTION
SE211470,2027_Spring,5,SSG105,3,CURRICULUM_ASSUMPTION
SE211470,2027_Spring,5,SWT301,3,CURRICULUM_ASSUMPTION
SE211471,2027_Spring,5,BDI302c,3,CURRICULUM_ASSUMPTION
SE211471,2027_Spring,5,DX_COM*1,3,CURRICULUM_ASSUMPTION
SE211471,2027_Spring,5,DXP391,3,CURRICULUM_ASSUMPTION
SE211471,2027_Spring,5,EGA301,3,CURRICULUM_ASSUMPTION
SE211471,2027_Spring,5,SSG105,3,CURRICULUM_ASSUMPTION
SE211471,2027_Spring,5,SWT301,3,CURRICULUM_ASSUMPTION
SE211472,2027_Spring,5,BDI302c,3,CURRICULUM_ASSUMPTION
SE211472,2027_Spring,5,DX_COM*1,3,CURRICULUM_ASSUMPTION
SE211472,2027_Spring,5,DXP391,3,CURRICULUM_ASSUMPTION
SE211472,2027_Spring,5,EGA301,3,CURRICULUM_ASSUMPTION
SE211472,2027_Spring,5,SSG105,3,CURRICULUM_ASSUMPTION
SE211472,2027_Spring,5,SWT301,3,CURRICULUM_ASSUMPTION
SE211473,2027_Spring,5,BDI302c,3,CURRICULUM_ASSUMPTION
SE211473,2027_Spring,5,DX_COM*1,3,CURRICULUM_ASSUMPTION
SE211473,2027_Spring,5,DXP391,3,CURRICULUM_ASSUMPTION
SE211473,2027_Spring,5,EGA301,3,CURRICULUM_ASSUMPTION
SE211473,2027_Spring,5,SSG105,3,CURRICULUM_ASSUMPTION
SE211473,2027_Spring,5,SWT301,3,CURRICULUM_ASSUMPTION
SE211474,2027_Spring,5,BDI302c,3,CURRICULUM_ASSUMPTION
SE211474,2027_Spring,5,DX_COM*1,3,CURRICULUM_ASSUMPTION
SE211474,2027_Spring,5,DXP391,3,CURRICULUM_ASSUMPTION
SE211474,2027_Spring,5,EGA301,3,CURRICULUM_ASSUMPTION
SE211474,2027_Spring,5,SSG105,3,CURRICULUM_ASSUMPTION
SE211474,2027_Spring,5,SWT301,3,CURRICULUM_ASSUMPTION
SE211475,2027_Spring,5,BDI302c,3,CURRICULUM_ASSUMPTION
SE211475,2027_Spring,5,DX_COM*1,3,CURRICULUM_ASSUMPTION
SE211475,2027_Spring,5,DXP391,3,CURRICULUM_ASSUMPTION
SE211475,2027_Spring,5,EGA301,3,CURRICULUM_ASSUMPTION
SE211475,2027_Spring,5,SSG105,3,CURRICULUM_ASSUMPTION
SE211475,2027_Spring,5,SWT301,3,CURRICULUM_ASSUMPTION
SE211476,2027_Spring,5,BDI302c,3,CURRICULUM_ASSUMPTION
SE211476,2027_Spring,5,DX_COM*1,3,CURRICULUM_ASSUMPTION
SE211476,2027_Spring,5,DXP391,3,CURRICULUM_ASSUMPTION
SE211476,2027_Spring,5,EGA301,3,CURRICULUM_ASSUMPTION
SE211476,2027_Spring,5,SSG105,3,CURRICULUM_ASSUMPTION
SE211476,2027_Spring,5,SWT301,3,CURRICULUM_ASSUMPTION
SE211477,2027_Spring,5,BDI302c,3,CURRICULUM_ASSUMPTION
SE211477,2027_Spring,5,DX_COM*1,3,CURRICULUM_ASSUMPTION
SE211477,2027_Spring,5,DXP391,3,CURRICULUM_ASSUMPTION
SE211477,2027_Spring,5,EGA301,3,CURRICULUM_ASSUMPTION
SE211477,2027_Spring,5,SSG105,3,CURRICULUM_ASSUMPTION
SE211477,2027_Spring,5,SWT301,3,CURRICULUM_ASSUMPTION
SE211478,2027_Spring,5,BDI302c,3,CURRICULUM_ASSUMPTION
SE211478,2027_Spring,5,DX_COM*1,3,CURRICULUM_ASSUMPTION
SE211478,2027_Spring,5,DXP391,3,CURRICULUM_ASSUMPTION
SE211478,2027_Spring,5,EGA301,3,CURRICULUM_ASSUMPTION
SE211478,2027_Spring,5,SSG105,3,CURRICULUM_ASSUMPTION
SE211478,2027_Spring,5,SWT301,3,CURRICULUM_ASSUMPTION
SE211479,2027_Spring,5,BDI302c,3,CURRICULUM_ASSUMPTION
SE211479,2027_Spring,5,DX_COM*1,3,CURRICULUM_ASSUMPTION
SE211479,2027_Spring,5,DXP391,3,CURRICULUM_ASSUMPTION
SE211479,2027_Spring,5,EGA301,3,CURRICULUM_ASSUMPTION
SE211479,2027_Spring,5,SSG105,3,CURRICULUM_ASSUMPTION
SE211479,2027_Spring,5,SWT301,3,CURRICULUM_ASSUMPTION
SE211480,2027_Spring,5,BDI302c,3,CURRICULUM_ASSUMPTION
SE211480,2027_Spring,5,DX_COM*1,3,CURRICULUM_ASSUMPTION
SE211480,2027_Spring,5,DXP391,3,CURRICULUM_ASSUMPTION
SE211480,2027_Spring,5,EGA301,3,CURRICULUM_ASSUMPTION
SE211480,2027_Spring,5,SSG105,3,CURRICULUM_ASSUMPTION
SE211480,2027_Spring,5,SWT301,3,CURRICULUM_ASSUMPTION
SE211481,2027_Spring,5,BDI302c,3,CURRICULUM_ASSUMPTION
SE211481,2027_Spring,5,DX_COM*1,3,CURRICULUM_ASSUMPTION
SE211481,2027_Spring,5,DXP391,3,CURRICULUM_ASSUMPTION
SE211481,2027_Spring,5,EGA301,3,CURRICULUM_ASSUMPTION
SE211481,2027_Spring,5,SSG105,3,CURRICULUM_ASSUMPTION
SE211481,2027_Spring,5,SWT301,3,CURRICULUM_ASSUMPTION
SE211482,2027_Spring,5,BDI302c,3,CURRICULUM_ASSUMPTION
SE211482,2027_Spring,5,DX_COM*1,3,CURRICULUM_ASSUMPTION
SE211482,2027_Spring,5,DXP391,3,CURRICULUM_ASSUMPTION
SE211482,2027_Spring,5,EGA301,3,CURRICULUM_ASSUMPTION
SE211482,2027_Spring,5,SSG105,3,CURRICULUM_ASSUMPTION
SE211482,2027_Spring,5,SWT301,3,CURRICULUM_ASSUMPTION
SE211483,2027_Spring,5,BDI302c,3,CURRICULUM_ASSUMPTION
SE211483,2027_Spring,5,DX_COM*1,3,CURRICULUM_ASSUMPTION
SE211483,2027_Spring,5,DXP391,3,CURRICULUM_ASSUMPTION
SE211483,2027_Spring,5,EGA301,3,CURRICULUM_ASSUMPTION
SE211483,2027_Spring,5,SSG105,3,CURRICULUM_ASSUMPTION
SE211483,2027_Spring,5,SWT301,3,CURRICULUM_ASSUMPTION
SE211484,2027_Spring,5,BDI302c,3,CURRICULUM_ASSUMPTION
SE211484,2027_Spring,5,DX_COM*1,3,CURRICULUM_ASSUMPTION
SE211484,2027_Spring,5,DXP391,3,CURRICULUM_ASSUMPTION
SE211484,2027_Spring,5,EGA301,3,CURRICULUM_ASSUMPTION
SE211484,2027_Spring,5,SSG105,3,CURRICULUM_ASSUMPTION
SE211484,2027_Spring,5,SWT301,3,CURRICULUM_ASSUMPTION
SE211485,2027_Spring,5,BDI302c,3,CURRICULUM_ASSUMPTION
SE211485,2027_Spring,5,DX_COM*1,3,CURRICULUM_ASSUMPTION
SE211485,2027_Spring,5,DXP391,3,CURRICULUM_ASSUMPTION
SE211485,2027_Spring,5,EGA301,3,CURRICULUM_ASSUMPTION
SE211485,2027_Spring,5,SSG105,3,CURRICULUM_ASSUMPTION
SE211485,2027_Spring,5,SWT301,3,CURRICULUM_ASSUMPTION
SE211486,2027_Spring,5,BDI302c,3,CURRICULUM_ASSUMPTION
SE211486,2027_Spring,5,DX_COM*1,3,CURRICULUM_ASSUMPTION
SE211486,2027_Spring,5,DXP391,3,CURRICULUM_ASSUMPTION
SE211486,2027_Spring,5,EGA301,3,CURRICULUM_ASSUMPTION
SE211486,2027_Spring,5,SSG105,3,CURRICULUM_ASSUMPTION
SE211486,2027_Spring,5,SWT301,3,CURRICULUM_ASSUMPTION
SE211487,2027_Spring,5,BDI302c,3,CURRICULUM_ASSUMPTION
SE211487,2027_Spring,5,DX_COM*1,3,CURRICULUM_ASSUMPTION
SE211487,2027_Spring,5,DXP391,3,CURRICULUM_ASSUMPTION
SE211487,2027_Spring,5,EGA301,3,CURRICULUM_ASSUMPTION
SE211487,2027_Spring,5,SSG105,3,CURRICULUM_ASSUMPTION
SE211487,2027_Spring,5,SWT301,3,CURRICULUM_ASSUMPTION
SE211488,2027_Spring,5,BDI302c,3,CURRICULUM_ASSUMPTION
SE211488,2027_Spring,5,DX_COM*1,3,CURRICULUM_ASSUMPTION
SE211488,2027_Spring,5,DXP391,3,CURRICULUM_ASSUMPTION
SE211488,2027_Spring,5,EGA301,3,CURRICULUM_ASSUMPTION
SE211488,2027_Spring,5,SSG105,3,CURRICULUM_ASSUMPTION
SE211488,2027_Spring,5,SWT301,3,CURRICULUM_ASSUMPTION
SE211489,2027_Spring,5,BDI302c,3,CURRICULUM_ASSUMPTION
SE211489,2027_Spring,5,DX_COM*1,3,CURRICULUM_ASSUMPTION
SE211489,2027_Spring,5,DXP391,3,CURRICULUM_ASSUMPTION
SE211489,2027_Spring,5,EGA301,3,CURRICULUM_ASSUMPTION
SE211489,2027_Spring,5,SSG105,3,CURRICULUM_ASSUMPTION
SE211489,2027_Spring,5,SWT301,3,CURRICULUM_ASSUMPTION
SE211490,2027_Spring,5,BDI302c,3,CURRICULUM_ASSUMPTION
SE211490,2027_Spring,5,DX_COM*1,3,CURRICULUM_ASSUMPTION
SE211490,2027_Spring,5,DXP391,3,CURRICULUM_ASSUMPTION
SE211490,2027_Spring,5,EGA301,3,CURRICULUM_ASSUMPTION
SE211490,2027_Spring,5,SSG105,3,CURRICULUM_ASSUMPTION
SE211490,2027_Spring,5,SWT301,3,CURRICULUM_ASSUMPTION
SE211491,2027_Spring,5,BDI302c,3,CURRICULUM_ASSUMPTION
SE211491,2027_Spring,5,DX_COM*1,3,CURRICULUM_ASSUMPTION
SE211491,2027_Spring,5,DXP391,3,CURRICULUM_ASSUMPTION
SE211491,2027_Spring,5,EGA301,3,CURRICULUM_ASSUMPTION
SE211491,2027_Spring,5,SSG105,3,CURRICULUM_ASSUMPTION
SE211491,2027_Spring,5,SWT301,3,CURRICULUM_ASSUMPTION
SE211492,2027_Spring,5,BDI302c,3,CURRICULUM_ASSUMPTION
SE211492,2027_Spring,5,DX_COM*1,3,CURRICULUM_ASSUMPTION
SE211492,2027_Spring,5,DXP391,3,CURRICULUM_ASSUMPTION
SE211492,2027_Spring,5,EGA301,3,CURRICULUM_ASSUMPTION
SE211492,2027_Spring,5,SSG105,3,CURRICULUM_ASSUMPTION
SE211492,2027_Spring,5,SWT301,3,CURRICULUM_ASSUMPTION
SE211493,2027_Spring,5,BDI302c,3,CURRICULUM_ASSUMPTION
SE211493,2027_Spring,5,DX_COM*1,3,CURRICULUM_ASSUMPTION
SE211493,2027_Spring,5,DXP391,3,CURRICULUM_ASSUMPTION
SE211493,2027_Spring,5,EGA301,3,CURRICULUM_ASSUMPTION
SE211493,2027_Spring,5,SSG105,3,CURRICULUM_ASSUMPTION
SE211493,2027_Spring,5,SWT301,3,CURRICULUM_ASSUMPTION
SE211494,2027_Spring,5,BDI302c,3,CURRICULUM_ASSUMPTION
SE211494,2027_Spring,5,DX_COM*1,3,CURRICULUM_ASSUMPTION
SE211494,2027_Spring,5,DXP391,3,CURRICULUM_ASSUMPTION
SE211494,2027_Spring,5,EGA301,3,CURRICULUM_ASSUMPTION
SE211494,2027_Spring,5,SSG105,3,CURRICULUM_ASSUMPTION
SE211494,2027_Spring,5,SWT301,3,CURRICULUM_ASSUMPTION
SE211495,2027_Spring,5,BDI302c,3,CURRICULUM_ASSUMPTION
SE211495,2027_Spring,5,DX_COM*1,3,CURRICULUM_ASSUMPTION
SE211495,2027_Spring,5,DXP391,3,CURRICULUM_ASSUMPTION
SE211495,2027_Spring,5,EGA301,3,CURRICULUM_ASSUMPTION
SE211495,2027_Spring,5,SSG105,3,CURRICULUM_ASSUMPTION
SE211495,2027_Spring,5,SWT301,3,CURRICULUM_ASSUMPTION
SE211496,2027_Spring,5,BDI302c,3,CURRICULUM_ASSUMPTION
SE211496,2027_Spring,5,DX_COM*1,3,CURRICULUM_ASSUMPTION
SE211496,2027_Spring,5,DXP391,3,CURRICULUM_ASSUMPTION
SE211496,2027_Spring,5,EGA301,3,CURRICULUM_ASSUMPTION
SE211496,2027_Spring,5,SSG105,3,CURRICULUM_ASSUMPTION
SE211496,2027_Spring,5,SWT301,3,CURRICULUM_ASSUMPTION
SE211497,2027_Spring,5,BDI302c,3,CURRICULUM_ASSUMPTION
SE211497,2027_Spring,5,DX_COM*1,3,CURRICULUM_ASSUMPTION
SE211497,2027_Spring,5,DXP391,3,CURRICULUM_ASSUMPTION
SE211497,2027_Spring,5,EGA301,3,CURRICULUM_ASSUMPTION
SE211497,2027_Spring,5,SSG105,3,CURRICULUM_ASSUMPTION
SE211497,2027_Spring,5,SWT301,3,CURRICULUM_ASSUMPTION
SE211498,2027_Spring,5,BDI302c,3,CURRICULUM_ASSUMPTION
SE211498,2027_Spring,5,DX_COM*1,3,CURRICULUM_ASSUMPTION
SE211498,2027_Spring,5,DXP391,3,CURRICULUM_ASSUMPTION
SE211498,2027_Spring,5,EGA301,3,CURRICULUM_ASSUMPTION
SE211498,2027_Spring,5,SSG105,3,CURRICULUM_ASSUMPTION
SE211498,2027_Spring,5,SWT301,3,CURRICULUM_ASSUMPTION
SE211499,2027_Spring,5,BDI302c,3,CURRICULUM_ASSUMPTION
SE211499,2027_Spring,5,DX_COM*1,3,CURRICULUM_ASSUMPTION
SE211499,2027_Spring,5,DXP391,3,CURRICULUM_ASSUMPTION
SE211499,2027_Spring,5,EGA301,3,CURRICULUM_ASSUMPTION
SE211499,2027_Spring,5,SSG105,3,CURRICULUM_ASSUMPTION
SE211499,2027_Spring,5,SWT301,3,CURRICULUM_ASSUMPTION
SE211500,2027_Spring,5,BDI302c,3,CURRICULUM_ASSUMPTION
SE211500,2027_Spring,5,DX_COM*1,3,CURRICULUM_ASSUMPTION
SE211500,2027_Spring,5,DXP391,3,CURRICULUM_ASSUMPTION
SE211500,2027_Spring,5,EGA301,3,CURRICULUM_ASSUMPTION
SE211500,2027_Spring,5,SSG105,3,CURRICULUM_ASSUMPTION
SE211500,2027_Spring,5,SWT301,3,CURRICULUM_ASSUMPTION
SE211501,2027_Spring,5,BDI302c,3,CURRICULUM_ASSUMPTION
SE211501,2027_Spring,5,DX_COM*1,3,CURRICULUM_ASSUMPTION
SE211501,2027_Spring,5,DXP391,3,CURRICULUM_ASSUMPTION
SE211501,2027_Spring,5,EGA301,3,CURRICULUM_ASSUMPTION
SE211501,2027_Spring,5,SSG105,3,CURRICULUM_ASSUMPTION
SE211501,2027_Spring,5,SWT301,3,CURRICULUM_ASSUMPTION
SE211502,2027_Spring,5,BDI302c,3,CURRICULUM_ASSUMPTION
SE211502,2027_Spring,5,DX_COM*1,3,CURRICULUM_ASSUMPTION
SE211502,2027_Spring,5,DXP391,3,CURRICULUM_ASSUMPTION
SE211502,2027_Spring,5,EGA301,3,CURRICULUM_ASSUMPTION
SE211502,2027_Spring,5,SSG105,3,CURRICULUM_ASSUMPTION
SE211502,2027_Spring,5,SWT301,3,CURRICULUM_ASSUMPTION
SE211503,2027_Spring,5,BDI302c,3,CURRICULUM_ASSUMPTION
SE211503,2027_Spring,5,DX_COM*1,3,CURRICULUM_ASSUMPTION
SE211503,2027_Spring,5,DXP391,3,CURRICULUM_ASSUMPTION
SE211503,2027_Spring,5,EGA301,3,CURRICULUM_ASSUMPTION
SE211503,2027_Spring,5,SSG105,3,CURRICULUM_ASSUMPTION
SE211503,2027_Spring,5,SWT301,3,CURRICULUM_ASSUMPTION
SE211504,2027_Spring,5,BDI302c,3,CURRICULUM_ASSUMPTION
SE211504,2027_Spring,5,DX_COM*1,3,CURRICULUM_ASSUMPTION
SE211504,2027_Spring,5,DXP391,3,CURRICULUM_ASSUMPTION
SE211504,2027_Spring,5,EGA301,3,CURRICULUM_ASSUMPTION
SE211504,2027_Spring,5,SSG105,3,CURRICULUM_ASSUMPTION
SE211504,2027_Spring,5,SWT301,3,CURRICULUM_ASSUMPTION
SE211505,2027_Spring,5,BDI302c,3,CURRICULUM_ASSUMPTION
SE211505,2027_Spring,5,DX_COM*1,3,CURRICULUM_ASSUMPTION
SE211505,2027_Spring,5,DXP391,3,CURRICULUM_ASSUMPTION
SE211505,2027_Spring,5,EGA301,3,CURRICULUM_ASSUMPTION
SE211505,2027_Spring,5,SSG105,3,CURRICULUM_ASSUMPTION
SE211505,2027_Spring,5,SWT301,3,CURRICULUM_ASSUMPTION
SE211506,2027_Spring,5,BDI302c,3,CURRICULUM_ASSUMPTION
SE211506,2027_Spring,5,DX_COM*1,3,CURRICULUM_ASSUMPTION
SE211506,2027_Spring,5,DXP391,3,CURRICULUM_ASSUMPTION
SE211506,2027_Spring,5,EGA301,3,CURRICULUM_ASSUMPTION
SE211506,2027_Spring,5,SSG105,3,CURRICULUM_ASSUMPTION
SE211506,2027_Spring,5,SWT301,3,CURRICULUM_ASSUMPTION
SE211507,2027_Spring,5,BDI302c,3,CURRICULUM_ASSUMPTION
SE211507,2027_Spring,5,DX_COM*1,3,CURRICULUM_ASSUMPTION
SE211507,2027_Spring,5,DXP391,3,CURRICULUM_ASSUMPTION
SE211507,2027_Spring,5,EGA301,3,CURRICULUM_ASSUMPTION
SE211507,2027_Spring,5,SSG105,3,CURRICULUM_ASSUMPTION
SE211507,2027_Spring,5,SWT301,3,CURRICULUM_ASSUMPTION
SE211508,2027_Spring,5,BDI302c,3,CURRICULUM_ASSUMPTION
SE211508,2027_Spring,5,DX_COM*1,3,CURRICULUM_ASSUMPTION
SE211508,2027_Spring,5,DXP391,3,CURRICULUM_ASSUMPTION
SE211508,2027_Spring,5,EGA301,3,CURRICULUM_ASSUMPTION
SE211508,2027_Spring,5,SSG105,3,CURRICULUM_ASSUMPTION
SE211508,2027_Spring,5,SWT301,3,CURRICULUM_ASSUMPTION
SE211509,2027_Spring,5,BDI302c,3,CURRICULUM_ASSUMPTION
SE211509,2027_Spring,5,DX_COM*1,3,CURRICULUM_ASSUMPTION
SE211509,2027_Spring,5,DXP391,3,CURRICULUM_ASSUMPTION
SE211509,2027_Spring,5,EGA301,3,CURRICULUM_ASSUMPTION
SE211509,2027_Spring,5,SSG105,3,CURRICULUM_ASSUMPTION
SE211509,2027_Spring,5,SWT301,3,CURRICULUM_ASSUMPTION
SE211510,2027_Spring,5,BDI302c,3,CURRICULUM_ASSUMPTION
SE211510,2027_Spring,5,DX_COM*1,3,CURRICULUM_ASSUMPTION
SE211510,2027_Spring,5,DXP391,3,CURRICULUM_ASSUMPTION
SE211510,2027_Spring,5,EGA301,3,CURRICULUM_ASSUMPTION
SE211510,2027_Spring,5,SSG105,3,CURRICULUM_ASSUMPTION
SE211510,2027_Spring,5,SWT301,3,CURRICULUM_ASSUMPTION
SE211511,2027_Spring,5,BDI302c,3,CURRICULUM_ASSUMPTION
SE211511,2027_Spring,5,DX_COM*1,3,CURRICULUM_ASSUMPTION
SE211511,2027_Spring,5,DXP391,3,CURRICULUM_ASSUMPTION
SE211511,2027_Spring,5,EGA301,3,CURRICULUM_ASSUMPTION
SE211511,2027_Spring,5,SSG105,3,CURRICULUM_ASSUMPTION
SE211511,2027_Spring,5,SWT301,3,CURRICULUM_ASSUMPTION
SE211512,2027_Spring,5,BDI302c,3,CURRICULUM_ASSUMPTION
SE211512,2027_Spring,5,DX_COM*1,3,CURRICULUM_ASSUMPTION
SE211512,2027_Spring,5,DXP391,3,CURRICULUM_ASSUMPTION
SE211512,2027_Spring,5,EGA301,3,CURRICULUM_ASSUMPTION
SE211512,2027_Spring,5,SSG105,3,CURRICULUM_ASSUMPTION
SE211512,2027_Spring,5,SWT301,3,CURRICULUM_ASSUMPTION
SE211513,2027_Spring,5,BDI302c,3,CURRICULUM_ASSUMPTION
SE211513,2027_Spring,5,DX_COM*1,3,CURRICULUM_ASSUMPTION
SE211513,2027_Spring,5,DXP391,3,CURRICULUM_ASSUMPTION
SE211513,2027_Spring,5,EGA301,3,CURRICULUM_ASSUMPTION
SE211513,2027_Spring,5,SSG105,3,CURRICULUM_ASSUMPTION
SE211513,2027_Spring,5,SWT301,3,CURRICULUM_ASSUMPTION
SE211514,2027_Spring,5,BDI302c,3,CURRICULUM_ASSUMPTION
SE211514,2027_Spring,5,DX_COM*1,3,CURRICULUM_ASSUMPTION
SE211514,2027_Spring,5,DXP391,3,CURRICULUM_ASSUMPTION
SE211514,2027_Spring,5,EGA301,3,CURRICULUM_ASSUMPTION
SE211514,2027_Spring,5,SSG105,3,CURRICULUM_ASSUMPTION
SE211514,2027_Spring,5,SWT301,3,CURRICULUM_ASSUMPTION
SE211515,2027_Spring,5,BDI302c,3,CURRICULUM_ASSUMPTION
SE211515,2027_Spring,5,DX_COM*1,3,CURRICULUM_ASSUMPTION
SE211515,2027_Spring,5,DXP391,3,CURRICULUM_ASSUMPTION
SE211515,2027_Spring,5,EGA301,3,CURRICULUM_ASSUMPTION
SE211515,2027_Spring,5,SSG105,3,CURRICULUM_ASSUMPTION
SE211515,2027_Spring,5,SWT301,3,CURRICULUM_ASSUMPTION
SE211516,2027_Spring,5,BDI302c,3,CURRICULUM_ASSUMPTION
SE211516,2027_Spring,5,DX_COM*1,3,CURRICULUM_ASSUMPTION
SE211516,2027_Spring,5,DXP391,3,CURRICULUM_ASSUMPTION
SE211516,2027_Spring,5,EGA301,3,CURRICULUM_ASSUMPTION
SE211516,2027_Spring,5,SSG105,3,CURRICULUM_ASSUMPTION
SE211516,2027_Spring,5,SWT301,3,CURRICULUM_ASSUMPTION
SE211517,2027_Spring,5,BDI302c,3,CURRICULUM_ASSUMPTION
SE211517,2027_Spring,5,DX_COM*1,3,CURRICULUM_ASSUMPTION
SE211517,2027_Spring,5,DXP391,3,CURRICULUM_ASSUMPTION
SE211517,2027_Spring,5,EGA301,3,CURRICULUM_ASSUMPTION
SE211517,2027_Spring,5,SSG105,3,CURRICULUM_ASSUMPTION
SE211517,2027_Spring,5,SWT301,3,CURRICULUM_ASSUMPTION
SE211518,2027_Spring,5,BDI302c,3,CURRICULUM_ASSUMPTION
SE211518,2027_Spring,5,DX_COM*1,3,CURRICULUM_ASSUMPTION
SE211518,2027_Spring,5,DXP391,3,CURRICULUM_ASSUMPTION
SE211518,2027_Spring,5,EGA301,3,CURRICULUM_ASSUMPTION
SE211518,2027_Spring,5,SSG105,3,CURRICULUM_ASSUMPTION
SE211518,2027_Spring,5,SWT301,3,CURRICULUM_ASSUMPTION
SE211519,2027_Spring,5,BDI302c,3,CURRICULUM_ASSUMPTION
SE211519,2027_Spring,5,DX_COM*1,3,CURRICULUM_ASSUMPTION
SE211519,2027_Spring,5,DXP391,3,CURRICULUM_ASSUMPTION
SE211519,2027_Spring,5,EGA301,3,CURRICULUM_ASSUMPTION
SE211519,2027_Spring,5,SSG105,3,CURRICULUM_ASSUMPTION
SE211519,2027_Spring,5,SWT301,3,CURRICULUM_ASSUMPTION
SE211520,2027_Spring,5,BDI302c,3,CURRICULUM_ASSUMPTION
SE211520,2027_Spring,5,DX_COM*1,3,CURRICULUM_ASSUMPTION
SE211520,2027_Spring,5,DXP391,3,CURRICULUM_ASSUMPTION
SE211520,2027_Spring,5,EGA301,3,CURRICULUM_ASSUMPTION
SE211520,2027_Spring,5,SSG105,3,CURRICULUM_ASSUMPTION
SE211520,2027_Spring,5,SWT301,3,CURRICULUM_ASSUMPTION
SE211521,2027_Spring,5,BDI302c,3,CURRICULUM_ASSUMPTION
SE211521,2027_Spring,5,DX_COM*1,3,CURRICULUM_ASSUMPTION
SE211521,2027_Spring,5,DXP391,3,CURRICULUM_ASSUMPTION
SE211521,2027_Spring,5,EGA301,3,CURRICULUM_ASSUMPTION
SE211521,2027_Spring,5,SSG105,3,CURRICULUM_ASSUMPTION
SE211521,2027_Spring,5,SWT301,3,CURRICULUM_ASSUMPTION
SE211522,2027_Spring,5,BDI302c,3,CURRICULUM_ASSUMPTION
SE211522,2027_Spring,5,DX_COM*1,3,CURRICULUM_ASSUMPTION
SE211522,2027_Spring,5,DXP391,3,CURRICULUM_ASSUMPTION
SE211522,2027_Spring,5,EGA301,3,CURRICULUM_ASSUMPTION
SE211522,2027_Spring,5,SSG105,3,CURRICULUM_ASSUMPTION
SE211522,2027_Spring,5,SWT301,3,CURRICULUM_ASSUMPTION
SE211523,2027_Spring,5,BDI302c,3,CURRICULUM_ASSUMPTION
SE211523,2027_Spring,5,DX_COM*1,3,CURRICULUM_ASSUMPTION
SE211523,2027_Spring,5,DXP391,3,CURRICULUM_ASSUMPTION
SE211523,2027_Spring,5,EGA301,3,CURRICULUM_ASSUMPTION
SE211523,2027_Spring,5,SSG105,3,CURRICULUM_ASSUMPTION
SE211523,2027_Spring,5,SWT301,3,CURRICULUM_ASSUMPTION
SE211524,2027_Spring,5,BDI302c,3,CURRICULUM_ASSUMPTION
SE211524,2027_Spring,5,DX_COM*1,3,CURRICULUM_ASSUMPTION
SE211524,2027_Spring,5,DXP391,3,CURRICULUM_ASSUMPTION
SE211524,2027_Spring,5,EGA301,3,CURRICULUM_ASSUMPTION
SE211524,2027_Spring,5,SSG105,3,CURRICULUM_ASSUMPTION
SE211524,2027_Spring,5,SWT301,3,CURRICULUM_ASSUMPTION
SE211525,2027_Spring,5,BDI302c,3,CURRICULUM_ASSUMPTION
SE211525,2027_Spring,5,DX_COM*1,3,CURRICULUM_ASSUMPTION
SE211525,2027_Spring,5,DXP391,3,CURRICULUM_ASSUMPTION
SE211525,2027_Spring,5,EGA301,3,CURRICULUM_ASSUMPTION
SE211525,2027_Spring,5,SSG105,3,CURRICULUM_ASSUMPTION
SE211525,2027_Spring,5,SWT301,3,CURRICULUM_ASSUMPTION
SE211526,2027_Spring,5,BDI302c,3,CURRICULUM_ASSUMPTION
SE211526,2027_Spring,5,DX_COM*1,3,CURRICULUM_ASSUMPTION
SE211526,2027_Spring,5,DXP391,3,CURRICULUM_ASSUMPTION
SE211526,2027_Spring,5,EGA301,3,CURRICULUM_ASSUMPTION
SE211526,2027_Spring,5,SSG105,3,CURRICULUM_ASSUMPTION
SE211526,2027_Spring,5,SWT301,3,CURRICULUM_ASSUMPTION
SE211527,2027_Spring,5,BDI302c,3,CURRICULUM_ASSUMPTION
SE211527,2027_Spring,5,DX_COM*1,3,CURRICULUM_ASSUMPTION
SE211527,2027_Spring,5,DXP391,3,CURRICULUM_ASSUMPTION
SE211527,2027_Spring,5,EGA301,3,CURRICULUM_ASSUMPTION
SE211527,2027_Spring,5,SSG105,3,CURRICULUM_ASSUMPTION
SE211527,2027_Spring,5,SWT301,3,CURRICULUM_ASSUMPTION
SE211528,2027_Spring,5,BDI302c,3,CURRICULUM_ASSUMPTION
SE211528,2027_Spring,5,DX_COM*1,3,CURRICULUM_ASSUMPTION
SE211528,2027_Spring,5,DXP391,3,CURRICULUM_ASSUMPTION
SE211528,2027_Spring,5,EGA301,3,CURRICULUM_ASSUMPTION
SE211528,2027_Spring,5,SSG105,3,CURRICULUM_ASSUMPTION
SE211528,2027_Spring,5,SWT301,3,CURRICULUM_ASSUMPTION
SE211529,2027_Spring,5,BDI302c,3,CURRICULUM_ASSUMPTION
SE211529,2027_Spring,5,DX_COM*1,3,CURRICULUM_ASSUMPTION
SE211529,2027_Spring,5,DXP391,3,CURRICULUM_ASSUMPTION
SE211529,2027_Spring,5,EGA301,3,CURRICULUM_ASSUMPTION
SE211529,2027_Spring,5,SSG105,3,CURRICULUM_ASSUMPTION
SE211529,2027_Spring,5,SWT301,3,CURRICULUM_ASSUMPTION
SE211530,2027_Spring,5,BDI302c,3,CURRICULUM_ASSUMPTION
SE211530,2027_Spring,5,DX_COM*1,3,CURRICULUM_ASSUMPTION
SE211530,2027_Spring,5,DXP391,3,CURRICULUM_ASSUMPTION
SE211530,2027_Spring,5,EGA301,3,CURRICULUM_ASSUMPTION
SE211530,2027_Spring,5,SSG105,3,CURRICULUM_ASSUMPTION
SE211530,2027_Spring,5,SWT301,3,CURRICULUM_ASSUMPTION
SE211531,2027_Spring,5,BDI302c,3,CURRICULUM_ASSUMPTION
SE211531,2027_Spring,5,DX_COM*1,3,CURRICULUM_ASSUMPTION
SE211531,2027_Spring,5,DXP391,3,CURRICULUM_ASSUMPTION
SE211531,2027_Spring,5,EGA301,3,CURRICULUM_ASSUMPTION
SE211531,2027_Spring,5,SSG105,3,CURRICULUM_ASSUMPTION
SE211531,2027_Spring,5,SWT301,3,CURRICULUM_ASSUMPTION
SE211532,2027_Spring,5,BDI302c,3,CURRICULUM_ASSUMPTION
SE211532,2027_Spring,5,DX_COM*1,3,CURRICULUM_ASSUMPTION
SE211532,2027_Spring,5,DXP391,3,CURRICULUM_ASSUMPTION
SE211532,2027_Spring,5,EGA301,3,CURRICULUM_ASSUMPTION
SE211532,2027_Spring,5,SSG105,3,CURRICULUM_ASSUMPTION
SE211532,2027_Spring,5,SWT301,3,CURRICULUM_ASSUMPTION
SE211533,2027_Spring,5,BDI302c,3,CURRICULUM_ASSUMPTION
SE211533,2027_Spring,5,DX_COM*1,3,CURRICULUM_ASSUMPTION
SE211533,2027_Spring,5,DXP391,3,CURRICULUM_ASSUMPTION
SE211533,2027_Spring,5,EGA301,3,CURRICULUM_ASSUMPTION
SE211533,2027_Spring,5,SSG105,3,CURRICULUM_ASSUMPTION
SE211533,2027_Spring,5,SWT301,3,CURRICULUM_ASSUMPTION
SE211534,2027_Spring,5,BDI302c,3,CURRICULUM_ASSUMPTION
SE211534,2027_Spring,5,DX_COM*1,3,CURRICULUM_ASSUMPTION
SE211534,2027_Spring,5,DXP391,3,CURRICULUM_ASSUMPTION
SE211534,2027_Spring,5,EGA301,3,CURRICULUM_ASSUMPTION
SE211534,2027_Spring,5,SSG105,3,CURRICULUM_ASSUMPTION
SE211534,2027_Spring,5,SWT301,3,CURRICULUM_ASSUMPTION
SE211535,2027_Spring,5,BDI302c,3,CURRICULUM_ASSUMPTION
SE211535,2027_Spring,5,DX_COM*1,3,CURRICULUM_ASSUMPTION
SE211535,2027_Spring,5,DXP391,3,CURRICULUM_ASSUMPTION
SE211535,2027_Spring,5,EGA301,3,CURRICULUM_ASSUMPTION
SE211535,2027_Spring,5,SSG105,3,CURRICULUM_ASSUMPTION
SE211535,2027_Spring,5,SWT301,3,CURRICULUM_ASSUMPTION
SE211536,2027_Spring,5,BDI302c,3,CURRICULUM_ASSUMPTION
SE211536,2027_Spring,5,DX_COM*1,3,CURRICULUM_ASSUMPTION
SE211536,2027_Spring,5,DXP391,3,CURRICULUM_ASSUMPTION
SE211536,2027_Spring,5,EGA301,3,CURRICULUM_ASSUMPTION
SE211536,2027_Spring,5,SSG105,3,CURRICULUM_ASSUMPTION
SE211536,2027_Spring,5,SWT301,3,CURRICULUM_ASSUMPTION
SE211537,2027_Spring,5,BDI302c,3,CURRICULUM_ASSUMPTION
SE211537,2027_Spring,5,DX_COM*1,3,CURRICULUM_ASSUMPTION
SE211537,2027_Spring,5,DXP391,3,CURRICULUM_ASSUMPTION
SE211537,2027_Spring,5,EGA301,3,CURRICULUM_ASSUMPTION
SE211537,2027_Spring,5,SSG105,3,CURRICULUM_ASSUMPTION
SE211537,2027_Spring,5,SWT301,3,CURRICULUM_ASSUMPTION
SE211538,2027_Spring,5,BDI302c,3,CURRICULUM_ASSUMPTION
SE211538,2027_Spring,5,DX_COM*1,3,CURRICULUM_ASSUMPTION
SE211538,2027_Spring,5,DXP391,3,CURRICULUM_ASSUMPTION
SE211538,2027_Spring,5,EGA301,3,CURRICULUM_ASSUMPTION
SE211538,2027_Spring,5,SSG105,3,CURRICULUM_ASSUMPTION
SE211538,2027_Spring,5,SWT301,3,CURRICULUM_ASSUMPTION
SE211539,2027_Spring,5,BDI302c,3,CURRICULUM_ASSUMPTION
SE211539,2027_Spring,5,DX_COM*1,3,CURRICULUM_ASSUMPTION
SE211539,2027_Spring,5,DXP391,3,CURRICULUM_ASSUMPTION
SE211539,2027_Spring,5,EGA301,3,CURRICULUM_ASSUMPTION
SE211539,2027_Spring,5,SSG105,3,CURRICULUM_ASSUMPTION
SE211539,2027_Spring,5,SWT301,3,CURRICULUM_ASSUMPTION
SE211540,2027_Spring,5,BDI302c,3,CURRICULUM_ASSUMPTION
SE211540,2027_Spring,5,DX_COM*1,3,CURRICULUM_ASSUMPTION
SE211540,2027_Spring,5,DXP391,3,CURRICULUM_ASSUMPTION
SE211540,2027_Spring,5,EGA301,3,CURRICULUM_ASSUMPTION
SE211540,2027_Spring,5,SSG105,3,CURRICULUM_ASSUMPTION
SE211540,2027_Spring,5,SWT301,3,CURRICULUM_ASSUMPTION
SE211541,2027_Spring,5,BDI302c,3,CURRICULUM_ASSUMPTION
SE211541,2027_Spring,5,DX_COM*1,3,CURRICULUM_ASSUMPTION
SE211541,2027_Spring,5,DXP391,3,CURRICULUM_ASSUMPTION
SE211541,2027_Spring,5,EGA301,3,CURRICULUM_ASSUMPTION
SE211541,2027_Spring,5,SSG105,3,CURRICULUM_ASSUMPTION
SE211541,2027_Spring,5,SWT301,3,CURRICULUM_ASSUMPTION
SE211542,2027_Spring,5,BDI302c,3,CURRICULUM_ASSUMPTION
SE211542,2027_Spring,5,DX_COM*1,3,CURRICULUM_ASSUMPTION
SE211542,2027_Spring,5,DXP391,3,CURRICULUM_ASSUMPTION
SE211542,2027_Spring,5,EGA301,3,CURRICULUM_ASSUMPTION
SE211542,2027_Spring,5,SSG105,3,CURRICULUM_ASSUMPTION
SE211542,2027_Spring,5,SWT301,3,CURRICULUM_ASSUMPTION
SE211543,2027_Spring,5,BDI302c,3,CURRICULUM_ASSUMPTION
SE211543,2027_Spring,5,DX_COM*1,3,CURRICULUM_ASSUMPTION
SE211543,2027_Spring,5,DXP391,3,CURRICULUM_ASSUMPTION
SE211543,2027_Spring,5,EGA301,3,CURRICULUM_ASSUMPTION
SE211543,2027_Spring,5,SSG105,3,CURRICULUM_ASSUMPTION
SE211543,2027_Spring,5,SWT301,3,CURRICULUM_ASSUMPTION
SE211544,2027_Spring,5,BDI302c,3,CURRICULUM_ASSUMPTION
SE211544,2027_Spring,5,DX_COM*1,3,CURRICULUM_ASSUMPTION
SE211544,2027_Spring,5,DXP391,3,CURRICULUM_ASSUMPTION
SE211544,2027_Spring,5,EGA301,3,CURRICULUM_ASSUMPTION
SE211544,2027_Spring,5,SSG105,3,CURRICULUM_ASSUMPTION
SE211544,2027_Spring,5,SWT301,3,CURRICULUM_ASSUMPTION
SE211545,2027_Spring,5,BDI302c,3,CURRICULUM_ASSUMPTION
SE211545,2027_Spring,5,DX_COM*1,3,CURRICULUM_ASSUMPTION
SE211545,2027_Spring,5,DXP391,3,CURRICULUM_ASSUMPTION
SE211545,2027_Spring,5,EGA301,3,CURRICULUM_ASSUMPTION
SE211545,2027_Spring,5,SSG105,3,CURRICULUM_ASSUMPTION
SE211545,2027_Spring,5,SWT301,3,CURRICULUM_ASSUMPTION
SE211546,2027_Spring,5,BDI302c,3,CURRICULUM_ASSUMPTION
SE211546,2027_Spring,5,DX_COM*1,3,CURRICULUM_ASSUMPTION
SE211546,2027_Spring,5,DXP391,3,CURRICULUM_ASSUMPTION
SE211546,2027_Spring,5,EGA301,3,CURRICULUM_ASSUMPTION
SE211546,2027_Spring,5,SSG105,3,CURRICULUM_ASSUMPTION
SE211546,2027_Spring,5,SWT301,3,CURRICULUM_ASSUMPTION
SE211547,2027_Spring,5,BDI302c,3,CURRICULUM_ASSUMPTION
SE211547,2027_Spring,5,DX_COM*1,3,CURRICULUM_ASSUMPTION
SE211547,2027_Spring,5,DXP391,3,CURRICULUM_ASSUMPTION
SE211547,2027_Spring,5,EGA301,3,CURRICULUM_ASSUMPTION
SE211547,2027_Spring,5,SSG105,3,CURRICULUM_ASSUMPTION
SE211547,2027_Spring,5,SWT301,3,CURRICULUM_ASSUMPTION
SE211548,2027_Spring,5,BDI302c,3,CURRICULUM_ASSUMPTION
SE211548,2027_Spring,5,DX_COM*1,3,CURRICULUM_ASSUMPTION
SE211548,2027_Spring,5,DXP391,3,CURRICULUM_ASSUMPTION
SE211548,2027_Spring,5,EGA301,3,CURRICULUM_ASSUMPTION
SE211548,2027_Spring,5,SSG105,3,CURRICULUM_ASSUMPTION
SE211548,2027_Spring,5,SWT301,3,CURRICULUM_ASSUMPTION
SE211549,2027_Spring,5,BDI302c,3,CURRICULUM_ASSUMPTION
SE211549,2027_Spring,5,DX_COM*1,3,CURRICULUM_ASSUMPTION
SE211549,2027_Spring,5,DXP391,3,CURRICULUM_ASSUMPTION
SE211549,2027_Spring,5,EGA301,3,CURRICULUM_ASSUMPTION
SE211549,2027_Spring,5,SSG105,3,CURRICULUM_ASSUMPTION
SE211549,2027_Spring,5,SWT301,3,CURRICULUM_ASSUMPTION
SE211550,2027_Spring,5,BDI302c,3,CURRICULUM_ASSUMPTION
SE211550,2027_Spring,5,DX_COM*1,3,CURRICULUM_ASSUMPTION
SE211550,2027_Spring,5,DXP391,3,CURRICULUM_ASSUMPTION
SE211550,2027_Spring,5,EGA301,3,CURRICULUM_ASSUMPTION
SE211550,2027_Spring,5,SSG105,3,CURRICULUM_ASSUMPTION
SE211550,2027_Spring,5,SWT301,3,CURRICULUM_ASSUMPTION
SE211551,2027_Spring,5,BDI302c,3,CURRICULUM_ASSUMPTION
SE211551,2027_Spring,5,DX_COM*1,3,CURRICULUM_ASSUMPTION
SE211551,2027_Spring,5,DXP391,3,CURRICULUM_ASSUMPTION
SE211551,2027_Spring,5,EGA301,3,CURRICULUM_ASSUMPTION
SE211551,2027_Spring,5,SSG105,3,CURRICULUM_ASSUMPTION
SE211551,2027_Spring,5,SWT301,3,CURRICULUM_ASSUMPTION
SE211552,2027_Spring,5,BDI302c,3,CURRICULUM_ASSUMPTION
SE211552,2027_Spring,5,DX_COM*1,3,CURRICULUM_ASSUMPTION
SE211552,2027_Spring,5,DXP391,3,CURRICULUM_ASSUMPTION
SE211552,2027_Spring,5,EGA301,3,CURRICULUM_ASSUMPTION
SE211552,2027_Spring,5,SSG105,3,CURRICULUM_ASSUMPTION
SE211552,2027_Spring,5,SWT301,3,CURRICULUM_ASSUMPTION
SE211553,2027_Spring,5,BDI302c,3,CURRICULUM_ASSUMPTION
SE211553,2027_Spring,5,DX_COM*1,3,CURRICULUM_ASSUMPTION
SE211553,2027_Spring,5,DXP391,3,CURRICULUM_ASSUMPTION
SE211553,2027_Spring,5,EGA301,3,CURRICULUM_ASSUMPTION
SE211553,2027_Spring,5,SSG105,3,CURRICULUM_ASSUMPTION
SE211553,2027_Spring,5,SWT301,3,CURRICULUM_ASSUMPTION
SE211554,2027_Spring,5,BDI302c,3,CURRICULUM_ASSUMPTION
SE211554,2027_Spring,5,DX_COM*1,3,CURRICULUM_ASSUMPTION
SE211554,2027_Spring,5,DXP391,3,CURRICULUM_ASSUMPTION
SE211554,2027_Spring,5,EGA301,3,CURRICULUM_ASSUMPTION
SE211554,2027_Spring,5,SSG105,3,CURRICULUM_ASSUMPTION
SE211554,2027_Spring,5,SWT301,3,CURRICULUM_ASSUMPTION
SE211555,2027_Spring,5,BDI302c,3,CURRICULUM_ASSUMPTION
SE211555,2027_Spring,5,DX_COM*1,3,CURRICULUM_ASSUMPTION
SE211555,2027_Spring,5,DXP391,3,CURRICULUM_ASSUMPTION
SE211555,2027_Spring,5,EGA301,3,CURRICULUM_ASSUMPTION
SE211555,2027_Spring,5,SSG105,3,CURRICULUM_ASSUMPTION
SE211555,2027_Spring,5,SWT301,3,CURRICULUM_ASSUMPTION
SE211556,2027_Spring,5,BDI302c,3,CURRICULUM_ASSUMPTION
SE211556,2027_Spring,5,DX_COM*1,3,CURRICULUM_ASSUMPTION
SE211556,2027_Spring,5,DXP391,3,CURRICULUM_ASSUMPTION
SE211556,2027_Spring,5,EGA301,3,CURRICULUM_ASSUMPTION
SE211556,2027_Spring,5,SSG105,3,CURRICULUM_ASSUMPTION
SE211556,2027_Spring,5,SWT301,3,CURRICULUM_ASSUMPTION
SE211557,2027_Spring,5,BDI302c,3,CURRICULUM_ASSUMPTION
SE211557,2027_Spring,5,DX_COM*1,3,CURRICULUM_ASSUMPTION
SE211557,2027_Spring,5,DXP391,3,CURRICULUM_ASSUMPTION
SE211557,2027_Spring,5,EGA301,3,CURRICULUM_ASSUMPTION
SE211557,2027_Spring,5,SSG105,3,CURRICULUM_ASSUMPTION
SE211557,2027_Spring,5,SWT301,3,CURRICULUM_ASSUMPTION
SE211558,2027_Spring,5,BDI302c,3,CURRICULUM_ASSUMPTION
SE211558,2027_Spring,5,DX_COM*1,3,CURRICULUM_ASSUMPTION
SE211558,2027_Spring,5,DXP391,3,CURRICULUM_ASSUMPTION
SE211558,2027_Spring,5,EGA301,3,CURRICULUM_ASSUMPTION
SE211558,2027_Spring,5,SSG105,3,CURRICULUM_ASSUMPTION
SE211558,2027_Spring,5,SWT301,3,CURRICULUM_ASSUMPTION
SE211559,2027_Spring,5,BDI302c,3,CURRICULUM_ASSUMPTION
SE211559,2027_Spring,5,DX_COM*1,3,CURRICULUM_ASSUMPTION
SE211559,2027_Spring,5,DXP391,3,CURRICULUM_ASSUMPTION
SE211559,2027_Spring,5,EGA301,3,CURRICULUM_ASSUMPTION
SE211559,2027_Spring,5,SSG105,3,CURRICULUM_ASSUMPTION
SE211559,2027_Spring,5,SWT301,3,CURRICULUM_ASSUMPTION
SE211560,2027_Spring,5,BDI302c,3,CURRICULUM_ASSUMPTION
SE211560,2027_Spring,5,DX_COM*1,3,CURRICULUM_ASSUMPTION
SE211560,2027_Spring,5,DXP391,3,CURRICULUM_ASSUMPTION
SE211560,2027_Spring,5,EGA301,3,CURRICULUM_ASSUMPTION
SE211560,2027_Spring,5,SSG105,3,CURRICULUM_ASSUMPTION
SE211560,2027_Spring,5,SWT301,3,CURRICULUM_ASSUMPTION
SE211561,2027_Spring,5,BDI302c,3,CURRICULUM_ASSUMPTION
SE211561,2027_Spring,5,DX_COM*1,3,CURRICULUM_ASSUMPTION
SE211561,2027_Spring,5,DXP391,3,CURRICULUM_ASSUMPTION
SE211561,2027_Spring,5,EGA301,3,CURRICULUM_ASSUMPTION
SE211561,2027_Spring,5,SSG105,3,CURRICULUM_ASSUMPTION
SE211561,2027_Spring,5,SWT301,3,CURRICULUM_ASSUMPTION
SE211562,2027_Spring,5,BDI302c,3,CURRICULUM_ASSUMPTION
SE211562,2027_Spring,5,DX_COM*1,3,CURRICULUM_ASSUMPTION
SE211562,2027_Spring,5,DXP391,3,CURRICULUM_ASSUMPTION
SE211562,2027_Spring,5,EGA301,3,CURRICULUM_ASSUMPTION
SE211562,2027_Spring,5,SSG105,3,CURRICULUM_ASSUMPTION
SE211562,2027_Spring,5,SWT301,3,CURRICULUM_ASSUMPTION
SE211563,2027_Spring,5,BDI302c,3,CURRICULUM_ASSUMPTION
SE211563,2027_Spring,5,DX_COM*1,3,CURRICULUM_ASSUMPTION
SE211563,2027_Spring,5,DXP391,3,CURRICULUM_ASSUMPTION
SE211563,2027_Spring,5,EGA301,3,CURRICULUM_ASSUMPTION
SE211563,2027_Spring,5,SSG105,3,CURRICULUM_ASSUMPTION
SE211563,2027_Spring,5,SWT301,3,CURRICULUM_ASSUMPTION
SE211564,2027_Spring,5,BDI302c,3,CURRICULUM_ASSUMPTION
SE211564,2027_Spring,5,DX_COM*1,3,CURRICULUM_ASSUMPTION
SE211564,2027_Spring,5,DXP391,3,CURRICULUM_ASSUMPTION
SE211564,2027_Spring,5,EGA301,3,CURRICULUM_ASSUMPTION
SE211564,2027_Spring,5,SSG105,3,CURRICULUM_ASSUMPTION
SE211564,2027_Spring,5,SWT301,3,CURRICULUM_ASSUMPTION
SE211565,2027_Spring,5,BDI302c,3,CURRICULUM_ASSUMPTION
SE211565,2027_Spring,5,DX_COM*1,3,CURRICULUM_ASSUMPTION
SE211565,2027_Spring,5,DXP391,3,CURRICULUM_ASSUMPTION
SE211565,2027_Spring,5,EGA301,3,CURRICULUM_ASSUMPTION
SE211565,2027_Spring,5,SSG105,3,CURRICULUM_ASSUMPTION
SE211565,2027_Spring,5,SWT301,3,CURRICULUM_ASSUMPTION
SE211566,2027_Spring,5,BDI302c,3,CURRICULUM_ASSUMPTION
SE211566,2027_Spring,5,DX_COM*1,3,CURRICULUM_ASSUMPTION
SE211566,2027_Spring,5,DXP391,3,CURRICULUM_ASSUMPTION
SE211566,2027_Spring,5,EGA301,3,CURRICULUM_ASSUMPTION
SE211566,2027_Spring,5,SSG105,3,CURRICULUM_ASSUMPTION
SE211566,2027_Spring,5,SWT301,3,CURRICULUM_ASSUMPTION
SE211567,2027_Spring,5,BDI302c,3,CURRICULUM_ASSUMPTION
SE211567,2027_Spring,5,DX_COM*1,3,CURRICULUM_ASSUMPTION
SE211567,2027_Spring,5,DXP391,3,CURRICULUM_ASSUMPTION
SE211567,2027_Spring,5,EGA301,3,CURRICULUM_ASSUMPTION
SE211567,2027_Spring,5,SSG105,3,CURRICULUM_ASSUMPTION
SE211567,2027_Spring,5,SWT301,3,CURRICULUM_ASSUMPTION
SE211568,2027_Spring,5,BDI302c,3,CURRICULUM_ASSUMPTION
SE211568,2027_Spring,5,DX_COM*1,3,CURRICULUM_ASSUMPTION
SE211568,2027_Spring,5,DXP391,3,CURRICULUM_ASSUMPTION
SE211568,2027_Spring,5,EGA301,3,CURRICULUM_ASSUMPTION
SE211568,2027_Spring,5,SSG105,3,CURRICULUM_ASSUMPTION
SE211568,2027_Spring,5,SWT301,3,CURRICULUM_ASSUMPTION
SE211569,2027_Spring,5,BDI302c,3,CURRICULUM_ASSUMPTION
SE211569,2027_Spring,5,DX_COM*1,3,CURRICULUM_ASSUMPTION
SE211569,2027_Spring,5,DXP391,3,CURRICULUM_ASSUMPTION
SE211569,2027_Spring,5,EGA301,3,CURRICULUM_ASSUMPTION
SE211569,2027_Spring,5,SSG105,3,CURRICULUM_ASSUMPTION
SE211569,2027_Spring,5,SWT301,3,CURRICULUM_ASSUMPTION
SE211570,2027_Spring,5,BDI302c,3,CURRICULUM_ASSUMPTION
SE211570,2027_Spring,5,DX_COM*1,3,CURRICULUM_ASSUMPTION
SE211570,2027_Spring,5,DXP391,3,CURRICULUM_ASSUMPTION
SE211570,2027_Spring,5,EGA301,3,CURRICULUM_ASSUMPTION
SE211570,2027_Spring,5,SSG105,3,CURRICULUM_ASSUMPTION
SE211570,2027_Spring,5,SWT301,3,CURRICULUM_ASSUMPTION
SE211571,2027_Spring,5,BDI302c,3,CURRICULUM_ASSUMPTION
SE211571,2027_Spring,5,DX_COM*1,3,CURRICULUM_ASSUMPTION
SE211571,2027_Spring,5,DXP391,3,CURRICULUM_ASSUMPTION
SE211571,2027_Spring,5,EGA301,3,CURRICULUM_ASSUMPTION
SE211571,2027_Spring,5,SSG105,3,CURRICULUM_ASSUMPTION
SE211571,2027_Spring,5,SWT301,3,CURRICULUM_ASSUMPTION
SE211572,2027_Spring,5,BDI302c,3,CURRICULUM_ASSUMPTION
SE211572,2027_Spring,5,DX_COM*1,3,CURRICULUM_ASSUMPTION
SE211572,2027_Spring,5,DXP391,3,CURRICULUM_ASSUMPTION
SE211572,2027_Spring,5,EGA301,3,CURRICULUM_ASSUMPTION
SE211572,2027_Spring,5,SSG105,3,CURRICULUM_ASSUMPTION
SE211572,2027_Spring,5,SWT301,3,CURRICULUM_ASSUMPTION
SE211573,2027_Spring,5,BDI302c,3,CURRICULUM_ASSUMPTION
SE211573,2027_Spring,5,DX_COM*1,3,CURRICULUM_ASSUMPTION
SE211573,2027_Spring,5,DXP391,3,CURRICULUM_ASSUMPTION
SE211573,2027_Spring,5,EGA301,3,CURRICULUM_ASSUMPTION
SE211573,2027_Spring,5,SSG105,3,CURRICULUM_ASSUMPTION
SE211573,2027_Spring,5,SWT301,3,CURRICULUM_ASSUMPTION
SE211574,2027_Spring,5,BDI302c,3,CURRICULUM_ASSUMPTION
SE211574,2027_Spring,5,DX_COM*1,3,CURRICULUM_ASSUMPTION
SE211574,2027_Spring,5,DXP391,3,CURRICULUM_ASSUMPTION
SE211574,2027_Spring,5,EGA301,3,CURRICULUM_ASSUMPTION
SE211574,2027_Spring,5,SSG105,3,CURRICULUM_ASSUMPTION
SE211574,2027_Spring,5,SWT301,3,CURRICULUM_ASSUMPTION
SE211575,2027_Spring,5,BDI302c,3,CURRICULUM_ASSUMPTION
SE211575,2027_Spring,5,DX_COM*1,3,CURRICULUM_ASSUMPTION
SE211575,2027_Spring,5,DXP391,3,CURRICULUM_ASSUMPTION
SE211575,2027_Spring,5,EGA301,3,CURRICULUM_ASSUMPTION
SE211575,2027_Spring,5,SSG105,3,CURRICULUM_ASSUMPTION
SE211575,2027_Spring,5,SWT301,3,CURRICULUM_ASSUMPTION
SE211576,2027_Spring,5,BDI302c,3,CURRICULUM_ASSUMPTION
SE211576,2027_Spring,5,DX_COM*1,3,CURRICULUM_ASSUMPTION
SE211576,2027_Spring,5,DXP391,3,CURRICULUM_ASSUMPTION
SE211576,2027_Spring,5,EGA301,3,CURRICULUM_ASSUMPTION
SE211576,2027_Spring,5,SSG105,3,CURRICULUM_ASSUMPTION
SE211576,2027_Spring,5,SWT301,3,CURRICULUM_ASSUMPTION
SE211577,2027_Spring,5,BDI302c,3,CURRICULUM_ASSUMPTION
SE211577,2027_Spring,5,DX_COM*1,3,CURRICULUM_ASSUMPTION
SE211577,2027_Spring,5,DXP391,3,CURRICULUM_ASSUMPTION
SE211577,2027_Spring,5,EGA301,3,CURRICULUM_ASSUMPTION
SE211577,2027_Spring,5,SSG105,3,CURRICULUM_ASSUMPTION
SE211577,2027_Spring,5,SWT301,3,CURRICULUM_ASSUMPTION
SE211578,2027_Spring,5,BDI302c,3,CURRICULUM_ASSUMPTION
SE211578,2027_Spring,5,DX_COM*1,3,CURRICULUM_ASSUMPTION
SE211578,2027_Spring,5,DXP391,3,CURRICULUM_ASSUMPTION
SE211578,2027_Spring,5,EGA301,3,CURRICULUM_ASSUMPTION
SE211578,2027_Spring,5,SSG105,3,CURRICULUM_ASSUMPTION
SE211578,2027_Spring,5,SWT301,3,CURRICULUM_ASSUMPTION
SE211579,2027_Spring,5,BDI302c,3,CURRICULUM_ASSUMPTION
SE211579,2027_Spring,5,DX_COM*1,3,CURRICULUM_ASSUMPTION
SE211579,2027_Spring,5,DXP391,3,CURRICULUM_ASSUMPTION
SE211579,2027_Spring,5,EGA301,3,CURRICULUM_ASSUMPTION
SE211579,2027_Spring,5,SSG105,3,CURRICULUM_ASSUMPTION
SE211579,2027_Spring,5,SWT301,3,CURRICULUM_ASSUMPTION
SE211580,2027_Spring,5,BDI302c,3,CURRICULUM_ASSUMPTION
SE211580,2027_Spring,5,DX_COM*1,3,CURRICULUM_ASSUMPTION
SE211580,2027_Spring,5,DXP391,3,CURRICULUM_ASSUMPTION
SE211580,2027_Spring,5,EGA301,3,CURRICULUM_ASSUMPTION
SE211580,2027_Spring,5,SSG105,3,CURRICULUM_ASSUMPTION
SE211580,2027_Spring,5,SWT301,3,CURRICULUM_ASSUMPTION
SE211581,2027_Spring,5,BDI302c,3,CURRICULUM_ASSUMPTION
SE211581,2027_Spring,5,DX_COM*1,3,CURRICULUM_ASSUMPTION
SE211581,2027_Spring,5,DXP391,3,CURRICULUM_ASSUMPTION
SE211581,2027_Spring,5,EGA301,3,CURRICULUM_ASSUMPTION
SE211581,2027_Spring,5,SSG105,3,CURRICULUM_ASSUMPTION
SE211581,2027_Spring,5,SWT301,3,CURRICULUM_ASSUMPTION
SE211582,2027_Spring,5,BDI302c,3,CURRICULUM_ASSUMPTION
SE211582,2027_Spring,5,DX_COM*1,3,CURRICULUM_ASSUMPTION
SE211582,2027_Spring,5,DXP391,3,CURRICULUM_ASSUMPTION
SE211582,2027_Spring,5,EGA301,3,CURRICULUM_ASSUMPTION
SE211582,2027_Spring,5,SSG105,3,CURRICULUM_ASSUMPTION
SE211582,2027_Spring,5,SWT301,3,CURRICULUM_ASSUMPTION
SE211583,2027_Spring,5,BDI302c,3,CURRICULUM_ASSUMPTION
SE211583,2027_Spring,5,DX_COM*1,3,CURRICULUM_ASSUMPTION
SE211583,2027_Spring,5,DXP391,3,CURRICULUM_ASSUMPTION
SE211583,2027_Spring,5,EGA301,3,CURRICULUM_ASSUMPTION
SE211583,2027_Spring,5,SSG105,3,CURRICULUM_ASSUMPTION
SE211583,2027_Spring,5,SWT301,3,CURRICULUM_ASSUMPTION
SE211584,2027_Spring,5,BDI302c,3,CURRICULUM_ASSUMPTION
SE211584,2027_Spring,5,DX_COM*1,3,CURRICULUM_ASSUMPTION
SE211584,2027_Spring,5,DXP391,3,CURRICULUM_ASSUMPTION
SE211584,2027_Spring,5,EGA301,3,CURRICULUM_ASSUMPTION
SE211584,2027_Spring,5,SSG105,3,CURRICULUM_ASSUMPTION
SE211584,2027_Spring,5,SWT301,3,CURRICULUM_ASSUMPTION
SE211585,2027_Spring,5,BDI302c,3,CURRICULUM_ASSUMPTION
SE211585,2027_Spring,5,DX_COM*1,3,CURRICULUM_ASSUMPTION
SE211585,2027_Spring,5,DXP391,3,CURRICULUM_ASSUMPTION
SE211585,2027_Spring,5,EGA301,3,CURRICULUM_ASSUMPTION
SE211585,2027_Spring,5,SSG105,3,CURRICULUM_ASSUMPTION
SE211585,2027_Spring,5,SWT301,3,CURRICULUM_ASSUMPTION
SE211586,2027_Spring,5,BDI302c,3,CURRICULUM_ASSUMPTION
SE211586,2027_Spring,5,DX_COM*1,3,CURRICULUM_ASSUMPTION
SE211586,2027_Spring,5,DXP391,3,CURRICULUM_ASSUMPTION
SE211586,2027_Spring,5,EGA301,3,CURRICULUM_ASSUMPTION
SE211586,2027_Spring,5,SSG105,3,CURRICULUM_ASSUMPTION
SE211586,2027_Spring,5,SWT301,3,CURRICULUM_ASSUMPTION
SE211587,2027_Spring,5,BDI302c,3,CURRICULUM_ASSUMPTION
SE211587,2027_Spring,5,DX_COM*1,3,CURRICULUM_ASSUMPTION
SE211587,2027_Spring,5,DXP391,3,CURRICULUM_ASSUMPTION
SE211587,2027_Spring,5,EGA301,3,CURRICULUM_ASSUMPTION
SE211587,2027_Spring,5,SSG105,3,CURRICULUM_ASSUMPTION
SE211587,2027_Spring,5,SWT301,3,CURRICULUM_ASSUMPTION
SE211588,2027_Spring,5,BDI302c,3,CURRICULUM_ASSUMPTION
SE211588,2027_Spring,5,DX_COM*1,3,CURRICULUM_ASSUMPTION
SE211588,2027_Spring,5,DXP391,3,CURRICULUM_ASSUMPTION
SE211588,2027_Spring,5,EGA301,3,CURRICULUM_ASSUMPTION
SE211588,2027_Spring,5,SSG105,3,CURRICULUM_ASSUMPTION
SE211588,2027_Spring,5,SWT301,3,CURRICULUM_ASSUMPTION
SE211589,2027_Spring,5,BDI302c,3,CURRICULUM_ASSUMPTION
SE211589,2027_Spring,5,DX_COM*1,3,CURRICULUM_ASSUMPTION
SE211589,2027_Spring,5,DXP391,3,CURRICULUM_ASSUMPTION
SE211589,2027_Spring,5,EGA301,3,CURRICULUM_ASSUMPTION
SE211589,2027_Spring,5,SSG105,3,CURRICULUM_ASSUMPTION
SE211589,2027_Spring,5,SWT301,3,CURRICULUM_ASSUMPTION
SE211590,2027_Spring,5,BDI302c,3,CURRICULUM_ASSUMPTION
SE211590,2027_Spring,5,DX_COM*1,3,CURRICULUM_ASSUMPTION
SE211590,2027_Spring,5,DXP391,3,CURRICULUM_ASSUMPTION
SE211590,2027_Spring,5,EGA301,3,CURRICULUM_ASSUMPTION
SE211590,2027_Spring,5,SSG105,3,CURRICULUM_ASSUMPTION
SE211590,2027_Spring,5,SWT301,3,CURRICULUM_ASSUMPTION
SE211591,2027_Spring,5,BDI302c,3,CURRICULUM_ASSUMPTION
SE211591,2027_Spring,5,DX_COM*1,3,CURRICULUM_ASSUMPTION
SE211591,2027_Spring,5,DXP391,3,CURRICULUM_ASSUMPTION
SE211591,2027_Spring,5,EGA301,3,CURRICULUM_ASSUMPTION
SE211591,2027_Spring,5,SSG105,3,CURRICULUM_ASSUMPTION
SE211591,2027_Spring,5,SWT301,3,CURRICULUM_ASSUMPTION
SE211592,2027_Spring,5,BDI302c,3,CURRICULUM_ASSUMPTION
SE211592,2027_Spring,5,DX_COM*1,3,CURRICULUM_ASSUMPTION
SE211592,2027_Spring,5,DXP391,3,CURRICULUM_ASSUMPTION
SE211592,2027_Spring,5,EGA301,3,CURRICULUM_ASSUMPTION
SE211592,2027_Spring,5,SSG105,3,CURRICULUM_ASSUMPTION
SE211592,2027_Spring,5,SWT301,3,CURRICULUM_ASSUMPTION
SE211593,2027_Spring,5,BDI302c,3,CURRICULUM_ASSUMPTION
SE211593,2027_Spring,5,DX_COM*1,3,CURRICULUM_ASSUMPTION
SE211593,2027_Spring,5,DXP391,3,CURRICULUM_ASSUMPTION
SE211593,2027_Spring,5,EGA301,3,CURRICULUM_ASSUMPTION
SE211593,2027_Spring,5,SSG105,3,CURRICULUM_ASSUMPTION
SE211593,2027_Spring,5,SWT301,3,CURRICULUM_ASSUMPTION
SE211594,2027_Spring,5,BDI302c,3,CURRICULUM_ASSUMPTION
SE211594,2027_Spring,5,DX_COM*1,3,CURRICULUM_ASSUMPTION
SE211594,2027_Spring,5,DXP391,3,CURRICULUM_ASSUMPTION
SE211594,2027_Spring,5,EGA301,3,CURRICULUM_ASSUMPTION
SE211594,2027_Spring,5,SSG105,3,CURRICULUM_ASSUMPTION
SE211594,2027_Spring,5,SWT301,3,CURRICULUM_ASSUMPTION
SE211595,2027_Spring,5,BDI302c,3,CURRICULUM_ASSUMPTION
SE211595,2027_Spring,5,DX_COM*1,3,CURRICULUM_ASSUMPTION
SE211595,2027_Spring,5,DXP391,3,CURRICULUM_ASSUMPTION
SE211595,2027_Spring,5,EGA301,3,CURRICULUM_ASSUMPTION
SE211595,2027_Spring,5,SSG105,3,CURRICULUM_ASSUMPTION
SE211595,2027_Spring,5,SWT301,3,CURRICULUM_ASSUMPTION
SE211596,2027_Spring,5,BDI302c,3,CURRICULUM_ASSUMPTION
SE211596,2027_Spring,5,DX_COM*1,3,CURRICULUM_ASSUMPTION
SE211596,2027_Spring,5,DXP391,3,CURRICULUM_ASSUMPTION
SE211596,2027_Spring,5,EGA301,3,CURRICULUM_ASSUMPTION
SE211596,2027_Spring,5,SSG105,3,CURRICULUM_ASSUMPTION
SE211596,2027_Spring,5,SWT301,3,CURRICULUM_ASSUMPTION
SE211597,2027_Spring,5,BDI302c,3,CURRICULUM_ASSUMPTION
SE211597,2027_Spring,5,DX_COM*1,3,CURRICULUM_ASSUMPTION
SE211597,2027_Spring,5,DXP391,3,CURRICULUM_ASSUMPTION
SE211597,2027_Spring,5,EGA301,3,CURRICULUM_ASSUMPTION
SE211597,2027_Spring,5,SSG105,3,CURRICULUM_ASSUMPTION
SE211597,2027_Spring,5,SWT301,3,CURRICULUM_ASSUMPTION
SE211598,2027_Spring,5,BDI302c,3,CURRICULUM_ASSUMPTION
SE211598,2027_Spring,5,DX_COM*1,3,CURRICULUM_ASSUMPTION
SE211598,2027_Spring,5,DXP391,3,CURRICULUM_ASSUMPTION
SE211598,2027_Spring,5,EGA301,3,CURRICULUM_ASSUMPTION
SE211598,2027_Spring,5,SSG105,3,CURRICULUM_ASSUMPTION
SE211598,2027_Spring,5,SWT301,3,CURRICULUM_ASSUMPTION
SE211599,2027_Spring,5,BDI302c,3,CURRICULUM_ASSUMPTION
SE211599,2027_Spring,5,DX_COM*1,3,CURRICULUM_ASSUMPTION
SE211599,2027_Spring,5,DXP391,3,CURRICULUM_ASSUMPTION
SE211599,2027_Spring,5,EGA301,3,CURRICULUM_ASSUMPTION
SE211599,2027_Spring,5,SSG105,3,CURRICULUM_ASSUMPTION
SE211599,2027_Spring,5,SWT301,3,CURRICULUM_ASSUMPTION
SE211600,2027_Spring,5,BDI302c,3,CURRICULUM_ASSUMPTION
SE211600,2027_Spring,5,DX_COM*1,3,CURRICULUM_ASSUMPTION
SE211600,2027_Spring,5,DXP391,3,CURRICULUM_ASSUMPTION
SE211600,2027_Spring,5,EGA301,3,CURRICULUM_ASSUMPTION
SE211600,2027_Spring,5,SSG105,3,CURRICULUM_ASSUMPTION
SE211600,2027_Spring,5,SWT301,3,CURRICULUM_ASSUMPTION
SE211601,2027_Spring,5,BDI302c,3,CURRICULUM_ASSUMPTION
SE211601,2027_Spring,5,DX_COM*1,3,CURRICULUM_ASSUMPTION
SE211601,2027_Spring,5,DXP391,3,CURRICULUM_ASSUMPTION
SE211601,2027_Spring,5,EGA301,3,CURRICULUM_ASSUMPTION
SE211601,2027_Spring,5,SSG105,3,CURRICULUM_ASSUMPTION
SE211601,2027_Spring,5,SWT301,3,CURRICULUM_ASSUMPTION
SE211602,2027_Spring,5,BDI302c,3,CURRICULUM_ASSUMPTION
SE211602,2027_Spring,5,DX_COM*1,3,CURRICULUM_ASSUMPTION
SE211602,2027_Spring,5,DXP391,3,CURRICULUM_ASSUMPTION
SE211602,2027_Spring,5,EGA301,3,CURRICULUM_ASSUMPTION
SE211602,2027_Spring,5,SSG105,3,CURRICULUM_ASSUMPTION
SE211602,2027_Spring,5,SWT301,3,CURRICULUM_ASSUMPTION
SE211603,2027_Spring,5,BDI302c,3,CURRICULUM_ASSUMPTION
SE211603,2027_Spring,5,DX_COM*1,3,CURRICULUM_ASSUMPTION
SE211603,2027_Spring,5,DXP391,3,CURRICULUM_ASSUMPTION
SE211603,2027_Spring,5,EGA301,3,CURRICULUM_ASSUMPTION
SE211603,2027_Spring,5,SSG105,3,CURRICULUM_ASSUMPTION
SE211603,2027_Spring,5,SWT301,3,CURRICULUM_ASSUMPTION
SE211604,2027_Spring,5,BDI302c,3,CURRICULUM_ASSUMPTION
SE211604,2027_Spring,5,DX_COM*1,3,CURRICULUM_ASSUMPTION
SE211604,2027_Spring,5,DXP391,3,CURRICULUM_ASSUMPTION
SE211604,2027_Spring,5,EGA301,3,CURRICULUM_ASSUMPTION
SE211604,2027_Spring,5,SSG105,3,CURRICULUM_ASSUMPTION
SE211604,2027_Spring,5,SWT301,3,CURRICULUM_ASSUMPTION
SE211605,2027_Spring,5,BDI302c,3,CURRICULUM_ASSUMPTION
SE211605,2027_Spring,5,DX_COM*1,3,CURRICULUM_ASSUMPTION
SE211605,2027_Spring,5,DXP391,3,CURRICULUM_ASSUMPTION
SE211605,2027_Spring,5,EGA301,3,CURRICULUM_ASSUMPTION
SE211605,2027_Spring,5,SSG105,3,CURRICULUM_ASSUMPTION
SE211605,2027_Spring,5,SWT301,3,CURRICULUM_ASSUMPTION
SE211606,2027_Spring,5,BDI302c,3,CURRICULUM_ASSUMPTION
SE211606,2027_Spring,5,DX_COM*1,3,CURRICULUM_ASSUMPTION
SE211606,2027_Spring,5,DXP391,3,CURRICULUM_ASSUMPTION
SE211606,2027_Spring,5,EGA301,3,CURRICULUM_ASSUMPTION
SE211606,2027_Spring,5,SSG105,3,CURRICULUM_ASSUMPTION
SE211606,2027_Spring,5,SWT301,3,CURRICULUM_ASSUMPTION
SE211607,2027_Spring,5,BDI302c,3,CURRICULUM_ASSUMPTION
SE211607,2027_Spring,5,DX_COM*1,3,CURRICULUM_ASSUMPTION
SE211607,2027_Spring,5,DXP391,3,CURRICULUM_ASSUMPTION
SE211607,2027_Spring,5,EGA301,3,CURRICULUM_ASSUMPTION
SE211607,2027_Spring,5,SSG105,3,CURRICULUM_ASSUMPTION
SE211607,2027_Spring,5,SWT301,3,CURRICULUM_ASSUMPTION
SE211608,2027_Spring,5,BDI302c,3,CURRICULUM_ASSUMPTION
SE211608,2027_Spring,5,DX_COM*1,3,CURRICULUM_ASSUMPTION
SE211608,2027_Spring,5,DXP391,3,CURRICULUM_ASSUMPTION
SE211608,2027_Spring,5,EGA301,3,CURRICULUM_ASSUMPTION
SE211608,2027_Spring,5,SSG105,3,CURRICULUM_ASSUMPTION
SE211608,2027_Spring,5,SWT301,3,CURRICULUM_ASSUMPTION
SE211609,2027_Spring,5,BDI302c,3,CURRICULUM_ASSUMPTION
SE211609,2027_Spring,5,DX_COM*1,3,CURRICULUM_ASSUMPTION
SE211609,2027_Spring,5,DXP391,3,CURRICULUM_ASSUMPTION
SE211609,2027_Spring,5,EGA301,3,CURRICULUM_ASSUMPTION
SE211609,2027_Spring,5,SSG105,3,CURRICULUM_ASSUMPTION
SE211609,2027_Spring,5,SWT301,3,CURRICULUM_ASSUMPTION
SE211610,2027_Spring,5,BDI302c,3,CURRICULUM_ASSUMPTION
SE211610,2027_Spring,5,DX_COM*1,3,CURRICULUM_ASSUMPTION
SE211610,2027_Spring,5,DXP391,3,CURRICULUM_ASSUMPTION
SE211610,2027_Spring,5,EGA301,3,CURRICULUM_ASSUMPTION
SE211610,2027_Spring,5,SSG105,3,CURRICULUM_ASSUMPTION
SE211610,2027_Spring,5,SWT301,3,CURRICULUM_ASSUMPTION
SE211611,2027_Spring,5,BDI302c,3,CURRICULUM_ASSUMPTION
SE211611,2027_Spring,5,DX_COM*1,3,CURRICULUM_ASSUMPTION
SE211611,2027_Spring,5,DXP391,3,CURRICULUM_ASSUMPTION
SE211611,2027_Spring,5,EGA301,3,CURRICULUM_ASSUMPTION
SE211611,2027_Spring,5,SSG105,3,CURRICULUM_ASSUMPTION
SE211611,2027_Spring,5,SWT301,3,CURRICULUM_ASSUMPTION
SE211612,2027_Spring,5,BDI302c,3,CURRICULUM_ASSUMPTION
SE211612,2027_Spring,5,DX_COM*1,3,CURRICULUM_ASSUMPTION
SE211612,2027_Spring,5,DXP391,3,CURRICULUM_ASSUMPTION
SE211612,2027_Spring,5,EGA301,3,CURRICULUM_ASSUMPTION
SE211612,2027_Spring,5,SSG105,3,CURRICULUM_ASSUMPTION
SE211612,2027_Spring,5,SWT301,3,CURRICULUM_ASSUMPTION
SE211613,2027_Spring,5,BDI302c,3,CURRICULUM_ASSUMPTION
SE211613,2027_Spring,5,DX_COM*1,3,CURRICULUM_ASSUMPTION
SE211613,2027_Spring,5,DXP391,3,CURRICULUM_ASSUMPTION
SE211613,2027_Spring,5,EGA301,3,CURRICULUM_ASSUMPTION
SE211613,2027_Spring,5,SSG105,3,CURRICULUM_ASSUMPTION
SE211613,2027_Spring,5,SWT301,3,CURRICULUM_ASSUMPTION
SE211614,2027_Spring,5,BDI302c,3,CURRICULUM_ASSUMPTION
SE211614,2027_Spring,5,DX_COM*1,3,CURRICULUM_ASSUMPTION
SE211614,2027_Spring,5,DXP391,3,CURRICULUM_ASSUMPTION
SE211614,2027_Spring,5,EGA301,3,CURRICULUM_ASSUMPTION
SE211614,2027_Spring,5,SSG105,3,CURRICULUM_ASSUMPTION
SE211614,2027_Spring,5,SWT301,3,CURRICULUM_ASSUMPTION
SE211615,2027_Spring,5,BDI302c,3,CURRICULUM_ASSUMPTION
SE211615,2027_Spring,5,DX_COM*1,3,CURRICULUM_ASSUMPTION
SE211615,2027_Spring,5,DXP391,3,CURRICULUM_ASSUMPTION
SE211615,2027_Spring,5,EGA301,3,CURRICULUM_ASSUMPTION
SE211615,2027_Spring,5,SSG105,3,CURRICULUM_ASSUMPTION
SE211615,2027_Spring,5,SWT301,3,CURRICULUM_ASSUMPTION
SE211616,2027_Spring,5,BDI302c,3,CURRICULUM_ASSUMPTION
SE211616,2027_Spring,5,DX_COM*1,3,CURRICULUM_ASSUMPTION
SE211616,2027_Spring,5,DXP391,3,CURRICULUM_ASSUMPTION
SE211616,2027_Spring,5,EGA301,3,CURRICULUM_ASSUMPTION
SE211616,2027_Spring,5,SSG105,3,CURRICULUM_ASSUMPTION
SE211616,2027_Spring,5,SWT301,3,CURRICULUM_ASSUMPTION
SE211617,2027_Spring,5,BDI302c,3,CURRICULUM_ASSUMPTION
SE211617,2027_Spring,5,DX_COM*1,3,CURRICULUM_ASSUMPTION
SE211617,2027_Spring,5,DXP391,3,CURRICULUM_ASSUMPTION
SE211617,2027_Spring,5,EGA301,3,CURRICULUM_ASSUMPTION
SE211617,2027_Spring,5,SSG105,3,CURRICULUM_ASSUMPTION
SE211617,2027_Spring,5,SWT301,3,CURRICULUM_ASSUMPTION
SE211618,2027_Spring,5,BDI302c,3,CURRICULUM_ASSUMPTION
SE211618,2027_Spring,5,DX_COM*1,3,CURRICULUM_ASSUMPTION
SE211618,2027_Spring,5,DXP391,3,CURRICULUM_ASSUMPTION
SE211618,2027_Spring,5,EGA301,3,CURRICULUM_ASSUMPTION
SE211618,2027_Spring,5,SSG105,3,CURRICULUM_ASSUMPTION
SE211618,2027_Spring,5,SWT301,3,CURRICULUM_ASSUMPTION
SE211619,2027_Spring,5,BDI302c,3,CURRICULUM_ASSUMPTION
SE211619,2027_Spring,5,DX_COM*1,3,CURRICULUM_ASSUMPTION
SE211619,2027_Spring,5,DXP391,3,CURRICULUM_ASSUMPTION
SE211619,2027_Spring,5,EGA301,3,CURRICULUM_ASSUMPTION
SE211619,2027_Spring,5,SSG105,3,CURRICULUM_ASSUMPTION
SE211619,2027_Spring,5,SWT301,3,CURRICULUM_ASSUMPTION
SE211620,2027_Spring,5,BDI302c,3,CURRICULUM_ASSUMPTION
SE211620,2027_Spring,5,DX_COM*1,3,CURRICULUM_ASSUMPTION
SE211620,2027_Spring,5,DXP391,3,CURRICULUM_ASSUMPTION
SE211620,2027_Spring,5,EGA301,3,CURRICULUM_ASSUMPTION
SE211620,2027_Spring,5,SSG105,3,CURRICULUM_ASSUMPTION
SE211620,2027_Spring,5,SWT301,3,CURRICULUM_ASSUMPTION
SE211621,2027_Spring,5,BDI302c,3,CURRICULUM_ASSUMPTION
SE211621,2027_Spring,5,DX_COM*1,3,CURRICULUM_ASSUMPTION
SE211621,2027_Spring,5,DXP391,3,CURRICULUM_ASSUMPTION
SE211621,2027_Spring,5,EGA301,3,CURRICULUM_ASSUMPTION
SE211621,2027_Spring,5,SSG105,3,CURRICULUM_ASSUMPTION
SE211621,2027_Spring,5,SWT301,3,CURRICULUM_ASSUMPTION
SE211622,2027_Spring,5,BDI302c,3,CURRICULUM_ASSUMPTION
SE211622,2027_Spring,5,DX_COM*1,3,CURRICULUM_ASSUMPTION
SE211622,2027_Spring,5,DXP391,3,CURRICULUM_ASSUMPTION
SE211622,2027_Spring,5,EGA301,3,CURRICULUM_ASSUMPTION
SE211622,2027_Spring,5,SSG105,3,CURRICULUM_ASSUMPTION
SE211622,2027_Spring,5,SWT301,3,CURRICULUM_ASSUMPTION
SE211623,2027_Spring,5,BDI302c,3,CURRICULUM_ASSUMPTION
SE211623,2027_Spring,5,DX_COM*1,3,CURRICULUM_ASSUMPTION
SE211623,2027_Spring,5,DXP391,3,CURRICULUM_ASSUMPTION
SE211623,2027_Spring,5,EGA301,3,CURRICULUM_ASSUMPTION
SE211623,2027_Spring,5,SSG105,3,CURRICULUM_ASSUMPTION
SE211623,2027_Spring,5,SWT301,3,CURRICULUM_ASSUMPTION
SE211624,2027_Spring,5,BDI302c,3,CURRICULUM_ASSUMPTION
SE211624,2027_Spring,5,DX_COM*1,3,CURRICULUM_ASSUMPTION
SE211624,2027_Spring,5,DXP391,3,CURRICULUM_ASSUMPTION
SE211624,2027_Spring,5,EGA301,3,CURRICULUM_ASSUMPTION
SE211624,2027_Spring,5,SSG105,3,CURRICULUM_ASSUMPTION
SE211624,2027_Spring,5,SWT301,3,CURRICULUM_ASSUMPTION
SE211625,2027_Spring,5,BDI302c,3,CURRICULUM_ASSUMPTION
SE211625,2027_Spring,5,DX_COM*1,3,CURRICULUM_ASSUMPTION
SE211625,2027_Spring,5,DXP391,3,CURRICULUM_ASSUMPTION
SE211625,2027_Spring,5,EGA301,3,CURRICULUM_ASSUMPTION
SE211625,2027_Spring,5,SSG105,3,CURRICULUM_ASSUMPTION
SE211625,2027_Spring,5,SWT301,3,CURRICULUM_ASSUMPTION
SE211626,2027_Spring,5,BDI302c,3,CURRICULUM_ASSUMPTION
SE211626,2027_Spring,5,DX_COM*1,3,CURRICULUM_ASSUMPTION
SE211626,2027_Spring,5,DXP391,3,CURRICULUM_ASSUMPTION
SE211626,2027_Spring,5,EGA301,3,CURRICULUM_ASSUMPTION
SE211626,2027_Spring,5,SSG105,3,CURRICULUM_ASSUMPTION
SE211626,2027_Spring,5,SWT301,3,CURRICULUM_ASSUMPTION
SE211627,2027_Spring,5,BDI302c,3,CURRICULUM_ASSUMPTION
SE211627,2027_Spring,5,DX_COM*1,3,CURRICULUM_ASSUMPTION
SE211627,2027_Spring,5,DXP391,3,CURRICULUM_ASSUMPTION
SE211627,2027_Spring,5,EGA301,3,CURRICULUM_ASSUMPTION
SE211627,2027_Spring,5,SSG105,3,CURRICULUM_ASSUMPTION
SE211627,2027_Spring,5,SWT301,3,CURRICULUM_ASSUMPTION
SE211628,2027_Spring,5,BDI302c,3,CURRICULUM_ASSUMPTION
SE211628,2027_Spring,5,DX_COM*1,3,CURRICULUM_ASSUMPTION
SE211628,2027_Spring,5,DXP391,3,CURRICULUM_ASSUMPTION
SE211628,2027_Spring,5,EGA301,3,CURRICULUM_ASSUMPTION
SE211628,2027_Spring,5,SSG105,3,CURRICULUM_ASSUMPTION
SE211628,2027_Spring,5,SWT301,3,CURRICULUM_ASSUMPTION
SE211629,2027_Spring,5,BDI302c,3,CURRICULUM_ASSUMPTION
SE211629,2027_Spring,5,DX_COM*1,3,CURRICULUM_ASSUMPTION
SE211629,2027_Spring,5,DXP391,3,CURRICULUM_ASSUMPTION
SE211629,2027_Spring,5,EGA301,3,CURRICULUM_ASSUMPTION
SE211629,2027_Spring,5,SSG105,3,CURRICULUM_ASSUMPTION
SE211629,2027_Spring,5,SWT301,3,CURRICULUM_ASSUMPTION
SE211630,2027_Spring,5,BDI302c,3,CURRICULUM_ASSUMPTION
SE211630,2027_Spring,5,DX_COM*1,3,CURRICULUM_ASSUMPTION
SE211630,2027_Spring,5,DXP391,3,CURRICULUM_ASSUMPTION
SE211630,2027_Spring,5,EGA301,3,CURRICULUM_ASSUMPTION
SE211630,2027_Spring,5,SSG105,3,CURRICULUM_ASSUMPTION
SE211630,2027_Spring,5,SWT301,3,CURRICULUM_ASSUMPTION
SE211631,2027_Spring,5,BDI302c,3,CURRICULUM_ASSUMPTION
SE211631,2027_Spring,5,DX_COM*1,3,CURRICULUM_ASSUMPTION
SE211631,2027_Spring,5,DXP391,3,CURRICULUM_ASSUMPTION
SE211631,2027_Spring,5,EGA301,3,CURRICULUM_ASSUMPTION
SE211631,2027_Spring,5,SSG105,3,CURRICULUM_ASSUMPTION
SE211631,2027_Spring,5,SWT301,3,CURRICULUM_ASSUMPTION
SE211632,2027_Spring,5,BDI302c,3,CURRICULUM_ASSUMPTION
SE211632,2027_Spring,5,DX_COM*1,3,CURRICULUM_ASSUMPTION
SE211632,2027_Spring,5,DXP391,3,CURRICULUM_ASSUMPTION
SE211632,2027_Spring,5,EGA301,3,CURRICULUM_ASSUMPTION
SE211632,2027_Spring,5,SSG105,3,CURRICULUM_ASSUMPTION
SE211632,2027_Spring,5,SWT301,3,CURRICULUM_ASSUMPTION
SE211633,2027_Spring,5,BDI302c,3,CURRICULUM_ASSUMPTION
SE211633,2027_Spring,5,DX_COM*1,3,CURRICULUM_ASSUMPTION
SE211633,2027_Spring,5,DXP391,3,CURRICULUM_ASSUMPTION
SE211633,2027_Spring,5,EGA301,3,CURRICULUM_ASSUMPTION
SE211633,2027_Spring,5,SSG105,3,CURRICULUM_ASSUMPTION
SE211633,2027_Spring,5,SWT301,3,CURRICULUM_ASSUMPTION
SE211634,2027_Spring,5,BDI302c,3,CURRICULUM_ASSUMPTION
SE211634,2027_Spring,5,DX_COM*1,3,CURRICULUM_ASSUMPTION
SE211634,2027_Spring,5,DXP391,3,CURRICULUM_ASSUMPTION
SE211634,2027_Spring,5,EGA301,3,CURRICULUM_ASSUMPTION
SE211634,2027_Spring,5,SSG105,3,CURRICULUM_ASSUMPTION
SE211634,2027_Spring,5,SWT301,3,CURRICULUM_ASSUMPTION
SE211635,2027_Spring,5,BDI302c,3,CURRICULUM_ASSUMPTION
SE211635,2027_Spring,5,DX_COM*1,3,CURRICULUM_ASSUMPTION
SE211635,2027_Spring,5,DXP391,3,CURRICULUM_ASSUMPTION
SE211635,2027_Spring,5,EGA301,3,CURRICULUM_ASSUMPTION
SE211635,2027_Spring,5,SSG105,3,CURRICULUM_ASSUMPTION
SE211635,2027_Spring,5,SWT301,3,CURRICULUM_ASSUMPTION
SE211636,2027_Spring,5,BDI302c,3,CURRICULUM_ASSUMPTION
SE211636,2027_Spring,5,DX_COM*1,3,CURRICULUM_ASSUMPTION
SE211636,2027_Spring,5,DXP391,3,CURRICULUM_ASSUMPTION
SE211636,2027_Spring,5,EGA301,3,CURRICULUM_ASSUMPTION
SE211636,2027_Spring,5,SSG105,3,CURRICULUM_ASSUMPTION
SE211636,2027_Spring,5,SWT301,3,CURRICULUM_ASSUMPTION
SE211637,2027_Spring,5,BDI302c,3,CURRICULUM_ASSUMPTION
SE211637,2027_Spring,5,DX_COM*1,3,CURRICULUM_ASSUMPTION
SE211637,2027_Spring,5,DXP391,3,CURRICULUM_ASSUMPTION
SE211637,2027_Spring,5,EGA301,3,CURRICULUM_ASSUMPTION
SE211637,2027_Spring,5,SSG105,3,CURRICULUM_ASSUMPTION
SE211637,2027_Spring,5,SWT301,3,CURRICULUM_ASSUMPTION
SE211638,2027_Spring,5,BDI302c,3,CURRICULUM_ASSUMPTION
SE211638,2027_Spring,5,DX_COM*1,3,CURRICULUM_ASSUMPTION
SE211638,2027_Spring,5,DXP391,3,CURRICULUM_ASSUMPTION
SE211638,2027_Spring,5,EGA301,3,CURRICULUM_ASSUMPTION
SE211638,2027_Spring,5,SSG105,3,CURRICULUM_ASSUMPTION
SE211638,2027_Spring,5,SWT301,3,CURRICULUM_ASSUMPTION
SE211639,2027_Spring,5,BDI302c,3,CURRICULUM_ASSUMPTION
SE211639,2027_Spring,5,DX_COM*1,3,CURRICULUM_ASSUMPTION
SE211639,2027_Spring,5,DXP391,3,CURRICULUM_ASSUMPTION
SE211639,2027_Spring,5,EGA301,3,CURRICULUM_ASSUMPTION
SE211639,2027_Spring,5,SSG105,3,CURRICULUM_ASSUMPTION
SE211639,2027_Spring,5,SWT301,3,CURRICULUM_ASSUMPTION
SE211640,2027_Spring,5,BDI302c,3,CURRICULUM_ASSUMPTION
SE211640,2027_Spring,5,DX_COM*1,3,CURRICULUM_ASSUMPTION
SE211640,2027_Spring,5,DXP391,3,CURRICULUM_ASSUMPTION
SE211640,2027_Spring,5,EGA301,3,CURRICULUM_ASSUMPTION
SE211640,2027_Spring,5,SSG105,3,CURRICULUM_ASSUMPTION
SE211640,2027_Spring,5,SWT301,3,CURRICULUM_ASSUMPTION
SE211641,2027_Spring,5,BDI302c,3,CURRICULUM_ASSUMPTION
SE211641,2027_Spring,5,DX_COM*1,3,CURRICULUM_ASSUMPTION
SE211641,2027_Spring,5,DXP391,3,CURRICULUM_ASSUMPTION
SE211641,2027_Spring,5,EGA301,3,CURRICULUM_ASSUMPTION
SE211641,2027_Spring,5,SSG105,3,CURRICULUM_ASSUMPTION
SE211641,2027_Spring,5,SWT301,3,CURRICULUM_ASSUMPTION
SE211642,2027_Spring,5,BDI302c,3,CURRICULUM_ASSUMPTION
SE211642,2027_Spring,5,DX_COM*1,3,CURRICULUM_ASSUMPTION
SE211642,2027_Spring,5,DXP391,3,CURRICULUM_ASSUMPTION
SE211642,2027_Spring,5,EGA301,3,CURRICULUM_ASSUMPTION
SE211642,2027_Spring,5,SSG105,3,CURRICULUM_ASSUMPTION
SE211642,2027_Spring,5,SWT301,3,CURRICULUM_ASSUMPTION
SE211643,2027_Spring,5,BDI302c,3,CURRICULUM_ASSUMPTION
SE211643,2027_Spring,5,DX_COM*1,3,CURRICULUM_ASSUMPTION
SE211643,2027_Spring,5,DXP391,3,CURRICULUM_ASSUMPTION
SE211643,2027_Spring,5,EGA301,3,CURRICULUM_ASSUMPTION
SE211643,2027_Spring,5,SSG105,3,CURRICULUM_ASSUMPTION
SE211643,2027_Spring,5,SWT301,3,CURRICULUM_ASSUMPTION
SE211644,2027_Spring,5,BDI302c,3,CURRICULUM_ASSUMPTION
SE211644,2027_Spring,5,DX_COM*1,3,CURRICULUM_ASSUMPTION
SE211644,2027_Spring,5,DXP391,3,CURRICULUM_ASSUMPTION
SE211644,2027_Spring,5,EGA301,3,CURRICULUM_ASSUMPTION
SE211644,2027_Spring,5,SSG105,3,CURRICULUM_ASSUMPTION
SE211644,2027_Spring,5,SWT301,3,CURRICULUM_ASSUMPTION
SE211645,2027_Spring,5,BDI302c,3,CURRICULUM_ASSUMPTION
SE211645,2027_Spring,5,DX_COM*1,3,CURRICULUM_ASSUMPTION
SE211645,2027_Spring,5,DXP391,3,CURRICULUM_ASSUMPTION
SE211645,2027_Spring,5,EGA301,3,CURRICULUM_ASSUMPTION
SE211645,2027_Spring,5,SSG105,3,CURRICULUM_ASSUMPTION
SE211645,2027_Spring,5,SWT301,3,CURRICULUM_ASSUMPTION
SE211646,2027_Spring,5,BDI302c,3,CURRICULUM_ASSUMPTION
SE211646,2027_Spring,5,DX_COM*1,3,CURRICULUM_ASSUMPTION
SE211646,2027_Spring,5,DXP391,3,CURRICULUM_ASSUMPTION
SE211646,2027_Spring,5,EGA301,3,CURRICULUM_ASSUMPTION
SE211646,2027_Spring,5,SSG105,3,CURRICULUM_ASSUMPTION
SE211646,2027_Spring,5,SWT301,3,CURRICULUM_ASSUMPTION
SE211647,2027_Spring,5,BDI302c,3,CURRICULUM_ASSUMPTION
SE211647,2027_Spring,5,DX_COM*1,3,CURRICULUM_ASSUMPTION
SE211647,2027_Spring,5,DXP391,3,CURRICULUM_ASSUMPTION
SE211647,2027_Spring,5,EGA301,3,CURRICULUM_ASSUMPTION
SE211647,2027_Spring,5,SSG105,3,CURRICULUM_ASSUMPTION
SE211647,2027_Spring,5,SWT301,3,CURRICULUM_ASSUMPTION
SE211648,2027_Spring,5,BDI302c,3,CURRICULUM_ASSUMPTION
SE211648,2027_Spring,5,DX_COM*1,3,CURRICULUM_ASSUMPTION
SE211648,2027_Spring,5,DXP391,3,CURRICULUM_ASSUMPTION
SE211648,2027_Spring,5,EGA301,3,CURRICULUM_ASSUMPTION
SE211648,2027_Spring,5,SSG105,3,CURRICULUM_ASSUMPTION
SE211648,2027_Spring,5,SWT301,3,CURRICULUM_ASSUMPTION
SE211649,2027_Spring,5,BDI302c,3,CURRICULUM_ASSUMPTION
SE211649,2027_Spring,5,DX_COM*1,3,CURRICULUM_ASSUMPTION
SE211649,2027_Spring,5,DXP391,3,CURRICULUM_ASSUMPTION
SE211649,2027_Spring,5,EGA301,3,CURRICULUM_ASSUMPTION
SE211649,2027_Spring,5,SSG105,3,CURRICULUM_ASSUMPTION
SE211649,2027_Spring,5,SWT301,3,CURRICULUM_ASSUMPTION
SE211650,2027_Spring,5,BDI302c,3,CURRICULUM_ASSUMPTION
SE211650,2027_Spring,5,DX_COM*1,3,CURRICULUM_ASSUMPTION
SE211650,2027_Spring,5,DXP391,3,CURRICULUM_ASSUMPTION
SE211650,2027_Spring,5,EGA301,3,CURRICULUM_ASSUMPTION
SE211650,2027_Spring,5,SSG105,3,CURRICULUM_ASSUMPTION
SE211650,2027_Spring,5,SWT301,3,CURRICULUM_ASSUMPTION
SE211651,2027_Spring,5,BDI302c,3,CURRICULUM_ASSUMPTION
SE211651,2027_Spring,5,DX_COM*1,3,CURRICULUM_ASSUMPTION
SE211651,2027_Spring,5,DXP391,3,CURRICULUM_ASSUMPTION
SE211651,2027_Spring,5,EGA301,3,CURRICULUM_ASSUMPTION
SE211651,2027_Spring,5,SSG105,3,CURRICULUM_ASSUMPTION
SE211651,2027_Spring,5,SWT301,3,CURRICULUM_ASSUMPTION
SE211652,2027_Spring,5,BDI302c,3,CURRICULUM_ASSUMPTION
SE211652,2027_Spring,5,DX_COM*1,3,CURRICULUM_ASSUMPTION
SE211652,2027_Spring,5,DXP391,3,CURRICULUM_ASSUMPTION
SE211652,2027_Spring,5,EGA301,3,CURRICULUM_ASSUMPTION
SE211652,2027_Spring,5,SSG105,3,CURRICULUM_ASSUMPTION
SE211652,2027_Spring,5,SWT301,3,CURRICULUM_ASSUMPTION
SE211653,2027_Spring,5,BDI302c,3,CURRICULUM_ASSUMPTION
SE211653,2027_Spring,5,DX_COM*1,3,CURRICULUM_ASSUMPTION
SE211653,2027_Spring,5,DXP391,3,CURRICULUM_ASSUMPTION
SE211653,2027_Spring,5,EGA301,3,CURRICULUM_ASSUMPTION
SE211653,2027_Spring,5,SSG105,3,CURRICULUM_ASSUMPTION
SE211653,2027_Spring,5,SWT301,3,CURRICULUM_ASSUMPTION
SE211654,2027_Spring,5,BDI302c,3,CURRICULUM_ASSUMPTION
SE211654,2027_Spring,5,DX_COM*1,3,CURRICULUM_ASSUMPTION
SE211654,2027_Spring,5,DXP391,3,CURRICULUM_ASSUMPTION
SE211654,2027_Spring,5,EGA301,3,CURRICULUM_ASSUMPTION
SE211654,2027_Spring,5,SSG105,3,CURRICULUM_ASSUMPTION
SE211654,2027_Spring,5,SWT301,3,CURRICULUM_ASSUMPTION
SE211655,2027_Spring,5,BDI302c,3,CURRICULUM_ASSUMPTION
SE211655,2027_Spring,5,DX_COM*1,3,CURRICULUM_ASSUMPTION
SE211655,2027_Spring,5,DXP391,3,CURRICULUM_ASSUMPTION
SE211655,2027_Spring,5,EGA301,3,CURRICULUM_ASSUMPTION
SE211655,2027_Spring,5,SSG105,3,CURRICULUM_ASSUMPTION
SE211655,2027_Spring,5,SWT301,3,CURRICULUM_ASSUMPTION
SE211656,2027_Spring,5,BDI302c,3,CURRICULUM_ASSUMPTION
SE211656,2027_Spring,5,DX_COM*1,3,CURRICULUM_ASSUMPTION
SE211656,2027_Spring,5,DXP391,3,CURRICULUM_ASSUMPTION
SE211656,2027_Spring,5,EGA301,3,CURRICULUM_ASSUMPTION
SE211656,2027_Spring,5,SSG105,3,CURRICULUM_ASSUMPTION
SE211656,2027_Spring,5,SWT301,3,CURRICULUM_ASSUMPTION
SE211657,2027_Spring,5,BDI302c,3,CURRICULUM_ASSUMPTION
SE211657,2027_Spring,5,DX_COM*1,3,CURRICULUM_ASSUMPTION
SE211657,2027_Spring,5,DXP391,3,CURRICULUM_ASSUMPTION
SE211657,2027_Spring,5,EGA301,3,CURRICULUM_ASSUMPTION
SE211657,2027_Spring,5,SSG105,3,CURRICULUM_ASSUMPTION
SE211657,2027_Spring,5,SWT301,3,CURRICULUM_ASSUMPTION
SE211658,2027_Spring,5,BDI302c,3,CURRICULUM_ASSUMPTION
SE211658,2027_Spring,5,DX_COM*1,3,CURRICULUM_ASSUMPTION
SE211658,2027_Spring,5,DXP391,3,CURRICULUM_ASSUMPTION
SE211658,2027_Spring,5,EGA301,3,CURRICULUM_ASSUMPTION
SE211658,2027_Spring,5,SSG105,3,CURRICULUM_ASSUMPTION
SE211658,2027_Spring,5,SWT301,3,CURRICULUM_ASSUMPTION
SE211659,2027_Spring,5,BDI302c,3,CURRICULUM_ASSUMPTION
SE211659,2027_Spring,5,DX_COM*1,3,CURRICULUM_ASSUMPTION
SE211659,2027_Spring,5,DXP391,3,CURRICULUM_ASSUMPTION
SE211659,2027_Spring,5,EGA301,3,CURRICULUM_ASSUMPTION
SE211659,2027_Spring,5,SSG105,3,CURRICULUM_ASSUMPTION
SE211659,2027_Spring,5,SWT301,3,CURRICULUM_ASSUMPTION
SE211660,2027_Spring,5,BDI302c,3,CURRICULUM_ASSUMPTION
SE211660,2027_Spring,5,DX_COM*1,3,CURRICULUM_ASSUMPTION
SE211660,2027_Spring,5,DXP391,3,CURRICULUM_ASSUMPTION
SE211660,2027_Spring,5,EGA301,3,CURRICULUM_ASSUMPTION
SE211660,2027_Spring,5,SSG105,3,CURRICULUM_ASSUMPTION
SE211660,2027_Spring,5,SWT301,3,CURRICULUM_ASSUMPTION
SE211661,2027_Spring,5,BDI302c,3,CURRICULUM_ASSUMPTION
SE211661,2027_Spring,5,DX_COM*1,3,CURRICULUM_ASSUMPTION
SE211661,2027_Spring,5,DXP391,3,CURRICULUM_ASSUMPTION
SE211661,2027_Spring,5,EGA301,3,CURRICULUM_ASSUMPTION
SE211661,2027_Spring,5,SSG105,3,CURRICULUM_ASSUMPTION
SE211661,2027_Spring,5,SWT301,3,CURRICULUM_ASSUMPTION
SE211662,2027_Spring,5,BDI302c,3,CURRICULUM_ASSUMPTION
SE211662,2027_Spring,5,DX_COM*1,3,CURRICULUM_ASSUMPTION
SE211662,2027_Spring,5,DXP391,3,CURRICULUM_ASSUMPTION
SE211662,2027_Spring,5,EGA301,3,CURRICULUM_ASSUMPTION
SE211662,2027_Spring,5,SSG105,3,CURRICULUM_ASSUMPTION
SE211662,2027_Spring,5,SWT301,3,CURRICULUM_ASSUMPTION
SE211663,2027_Spring,5,BDI302c,3,CURRICULUM_ASSUMPTION
SE211663,2027_Spring,5,DX_COM*1,3,CURRICULUM_ASSUMPTION
SE211663,2027_Spring,5,DXP391,3,CURRICULUM_ASSUMPTION
SE211663,2027_Spring,5,EGA301,3,CURRICULUM_ASSUMPTION
SE211663,2027_Spring,5,SSG105,3,CURRICULUM_ASSUMPTION
SE211663,2027_Spring,5,SWT301,3,CURRICULUM_ASSUMPTION
SE211664,2027_Spring,5,BDI302c,3,CURRICULUM_ASSUMPTION
SE211664,2027_Spring,5,DX_COM*1,3,CURRICULUM_ASSUMPTION
SE211664,2027_Spring,5,DXP391,3,CURRICULUM_ASSUMPTION
SE211664,2027_Spring,5,EGA301,3,CURRICULUM_ASSUMPTION
SE211664,2027_Spring,5,SSG105,3,CURRICULUM_ASSUMPTION
SE211664,2027_Spring,5,SWT301,3,CURRICULUM_ASSUMPTION
SE211665,2027_Spring,5,BDI302c,3,CURRICULUM_ASSUMPTION
SE211665,2027_Spring,5,DX_COM*1,3,CURRICULUM_ASSUMPTION
SE211665,2027_Spring,5,DXP391,3,CURRICULUM_ASSUMPTION
SE211665,2027_Spring,5,EGA301,3,CURRICULUM_ASSUMPTION
SE211665,2027_Spring,5,SSG105,3,CURRICULUM_ASSUMPTION
SE211665,2027_Spring,5,SWT301,3,CURRICULUM_ASSUMPTION
SE211666,2027_Spring,5,BDI302c,3,CURRICULUM_ASSUMPTION
SE211666,2027_Spring,5,DX_COM*1,3,CURRICULUM_ASSUMPTION
SE211666,2027_Spring,5,DXP391,3,CURRICULUM_ASSUMPTION
SE211666,2027_Spring,5,EGA301,3,CURRICULUM_ASSUMPTION
SE211666,2027_Spring,5,SSG105,3,CURRICULUM_ASSUMPTION
SE211666,2027_Spring,5,SWT301,3,CURRICULUM_ASSUMPTION
SE211667,2027_Spring,5,BDI302c,3,CURRICULUM_ASSUMPTION
SE211667,2027_Spring,5,DX_COM*1,3,CURRICULUM_ASSUMPTION
SE211667,2027_Spring,5,DXP391,3,CURRICULUM_ASSUMPTION
SE211667,2027_Spring,5,EGA301,3,CURRICULUM_ASSUMPTION
SE211667,2027_Spring,5,SSG105,3,CURRICULUM_ASSUMPTION
SE211667,2027_Spring,5,SWT301,3,CURRICULUM_ASSUMPTION
SE211668,2027_Spring,5,BDI302c,3,CURRICULUM_ASSUMPTION
SE211668,2027_Spring,5,DX_COM*1,3,CURRICULUM_ASSUMPTION
SE211668,2027_Spring,5,DXP391,3,CURRICULUM_ASSUMPTION
SE211668,2027_Spring,5,EGA301,3,CURRICULUM_ASSUMPTION
SE211668,2027_Spring,5,SSG105,3,CURRICULUM_ASSUMPTION
SE211668,2027_Spring,5,SWT301,3,CURRICULUM_ASSUMPTION
SE211669,2027_Spring,5,BDI302c,3,CURRICULUM_ASSUMPTION
SE211669,2027_Spring,5,DX_COM*1,3,CURRICULUM_ASSUMPTION
SE211669,2027_Spring,5,DXP391,3,CURRICULUM_ASSUMPTION
SE211669,2027_Spring,5,EGA301,3,CURRICULUM_ASSUMPTION
SE211669,2027_Spring,5,SSG105,3,CURRICULUM_ASSUMPTION
SE211669,2027_Spring,5,SWT301,3,CURRICULUM_ASSUMPTION
SE211670,2027_Spring,5,BDI302c,3,CURRICULUM_ASSUMPTION
SE211670,2027_Spring,5,DX_COM*1,3,CURRICULUM_ASSUMPTION
SE211670,2027_Spring,5,DXP391,3,CURRICULUM_ASSUMPTION
SE211670,2027_Spring,5,EGA301,3,CURRICULUM_ASSUMPTION
SE211670,2027_Spring,5,SSG105,3,CURRICULUM_ASSUMPTION
SE211670,2027_Spring,5,SWT301,3,CURRICULUM_ASSUMPTION
SE211671,2027_Spring,5,BDI302c,3,CURRICULUM_ASSUMPTION
SE211671,2027_Spring,5,DX_COM*1,3,CURRICULUM_ASSUMPTION
SE211671,2027_Spring,5,DXP391,3,CURRICULUM_ASSUMPTION
SE211671,2027_Spring,5,EGA301,3,CURRICULUM_ASSUMPTION
SE211671,2027_Spring,5,SSG105,3,CURRICULUM_ASSUMPTION
SE211671,2027_Spring,5,SWT301,3,CURRICULUM_ASSUMPTION
SE211672,2027_Spring,5,BDI302c,3,CURRICULUM_ASSUMPTION
SE211672,2027_Spring,5,DX_COM*1,3,CURRICULUM_ASSUMPTION
SE211672,2027_Spring,5,DXP391,3,CURRICULUM_ASSUMPTION
SE211672,2027_Spring,5,EGA301,3,CURRICULUM_ASSUMPTION
SE211672,2027_Spring,5,SSG105,3,CURRICULUM_ASSUMPTION
SE211672,2027_Spring,5,SWT301,3,CURRICULUM_ASSUMPTION
SE211673,2027_Spring,5,BDI302c,3,CURRICULUM_ASSUMPTION
SE211673,2027_Spring,5,DX_COM*1,3,CURRICULUM_ASSUMPTION
SE211673,2027_Spring,5,DXP391,3,CURRICULUM_ASSUMPTION
SE211673,2027_Spring,5,EGA301,3,CURRICULUM_ASSUMPTION
SE211673,2027_Spring,5,SSG105,3,CURRICULUM_ASSUMPTION
SE211673,2027_Spring,5,SWT301,3,CURRICULUM_ASSUMPTION
SE211674,2027_Spring,5,BDI302c,3,CURRICULUM_ASSUMPTION
SE211674,2027_Spring,5,DX_COM*1,3,CURRICULUM_ASSUMPTION
SE211674,2027_Spring,5,DXP391,3,CURRICULUM_ASSUMPTION
SE211674,2027_Spring,5,EGA301,3,CURRICULUM_ASSUMPTION
SE211674,2027_Spring,5,SSG105,3,CURRICULUM_ASSUMPTION
SE211674,2027_Spring,5,SWT301,3,CURRICULUM_ASSUMPTION
SE211675,2027_Spring,5,BDI302c,3,CURRICULUM_ASSUMPTION
SE211675,2027_Spring,5,DX_COM*1,3,CURRICULUM_ASSUMPTION
SE211675,2027_Spring,5,DXP391,3,CURRICULUM_ASSUMPTION
SE211675,2027_Spring,5,EGA301,3,CURRICULUM_ASSUMPTION
SE211675,2027_Spring,5,SSG105,3,CURRICULUM_ASSUMPTION
SE211675,2027_Spring,5,SWT301,3,CURRICULUM_ASSUMPTION
SE211676,2027_Spring,5,BDI302c,3,CURRICULUM_ASSUMPTION
SE211676,2027_Spring,5,DX_COM*1,3,CURRICULUM_ASSUMPTION
SE211676,2027_Spring,5,DXP391,3,CURRICULUM_ASSUMPTION
SE211676,2027_Spring,5,EGA301,3,CURRICULUM_ASSUMPTION
SE211676,2027_Spring,5,SSG105,3,CURRICULUM_ASSUMPTION
SE211676,2027_Spring,5,SWT301,3,CURRICULUM_ASSUMPTION
SE211677,2027_Spring,5,BDI302c,3,CURRICULUM_ASSUMPTION
SE211677,2027_Spring,5,DX_COM*1,3,CURRICULUM_ASSUMPTION
SE211677,2027_Spring,5,DXP391,3,CURRICULUM_ASSUMPTION
SE211677,2027_Spring,5,EGA301,3,CURRICULUM_ASSUMPTION
SE211677,2027_Spring,5,SSG105,3,CURRICULUM_ASSUMPTION
SE211677,2027_Spring,5,SWT301,3,CURRICULUM_ASSUMPTION
SE211678,2027_Spring,5,BDI302c,3,CURRICULUM_ASSUMPTION
SE211678,2027_Spring,5,DX_COM*1,3,CURRICULUM_ASSUMPTION
SE211678,2027_Spring,5,DXP391,3,CURRICULUM_ASSUMPTION
SE211678,2027_Spring,5,EGA301,3,CURRICULUM_ASSUMPTION
SE211678,2027_Spring,5,SSG105,3,CURRICULUM_ASSUMPTION
SE211678,2027_Spring,5,SWT301,3,CURRICULUM_ASSUMPTION
SE211679,2027_Spring,5,BDI302c,3,CURRICULUM_ASSUMPTION
SE211679,2027_Spring,5,DX_COM*1,3,CURRICULUM_ASSUMPTION
SE211679,2027_Spring,5,DXP391,3,CURRICULUM_ASSUMPTION
SE211679,2027_Spring,5,EGA301,3,CURRICULUM_ASSUMPTION
SE211679,2027_Spring,5,SSG105,3,CURRICULUM_ASSUMPTION
SE211679,2027_Spring,5,SWT301,3,CURRICULUM_ASSUMPTION
SE211680,2027_Spring,5,BDI302c,3,CURRICULUM_ASSUMPTION
SE211680,2027_Spring,5,DX_COM*1,3,CURRICULUM_ASSUMPTION
SE211680,2027_Spring,5,DXP391,3,CURRICULUM_ASSUMPTION
SE211680,2027_Spring,5,EGA301,3,CURRICULUM_ASSUMPTION
SE211680,2027_Spring,5,SSG105,3,CURRICULUM_ASSUMPTION
SE211680,2027_Spring,5,SWT301,3,CURRICULUM_ASSUMPTION
SE211681,2027_Spring,5,BDI302c,3,CURRICULUM_ASSUMPTION
SE211681,2027_Spring,5,DX_COM*1,3,CURRICULUM_ASSUMPTION
SE211681,2027_Spring,5,DXP391,3,CURRICULUM_ASSUMPTION
SE211681,2027_Spring,5,EGA301,3,CURRICULUM_ASSUMPTION
SE211681,2027_Spring,5,SSG105,3,CURRICULUM_ASSUMPTION
SE211681,2027_Spring,5,SWT301,3,CURRICULUM_ASSUMPTION
SE211682,2027_Spring,5,BDI302c,3,CURRICULUM_ASSUMPTION
SE211682,2027_Spring,5,DX_COM*1,3,CURRICULUM_ASSUMPTION
SE211682,2027_Spring,5,DXP391,3,CURRICULUM_ASSUMPTION
SE211682,2027_Spring,5,EGA301,3,CURRICULUM_ASSUMPTION
SE211682,2027_Spring,5,SSG105,3,CURRICULUM_ASSUMPTION
SE211682,2027_Spring,5,SWT301,3,CURRICULUM_ASSUMPTION
SE211683,2027_Spring,5,BDI302c,3,CURRICULUM_ASSUMPTION
SE211683,2027_Spring,5,DX_COM*1,3,CURRICULUM_ASSUMPTION
SE211683,2027_Spring,5,DXP391,3,CURRICULUM_ASSUMPTION
SE211683,2027_Spring,5,EGA301,3,CURRICULUM_ASSUMPTION
SE211683,2027_Spring,5,SSG105,3,CURRICULUM_ASSUMPTION
SE211683,2027_Spring,5,SWT301,3,CURRICULUM_ASSUMPTION
SE211684,2027_Spring,5,BDI302c,3,CURRICULUM_ASSUMPTION
SE211684,2027_Spring,5,DX_COM*1,3,CURRICULUM_ASSUMPTION
SE211684,2027_Spring,5,DXP391,3,CURRICULUM_ASSUMPTION
SE211684,2027_Spring,5,EGA301,3,CURRICULUM_ASSUMPTION
SE211684,2027_Spring,5,SSG105,3,CURRICULUM_ASSUMPTION
SE211684,2027_Spring,5,SWT301,3,CURRICULUM_ASSUMPTION
SE211685,2027_Spring,5,BDI302c,3,CURRICULUM_ASSUMPTION
SE211685,2027_Spring,5,DX_COM*1,3,CURRICULUM_ASSUMPTION
SE211685,2027_Spring,5,DXP391,3,CURRICULUM_ASSUMPTION
SE211685,2027_Spring,5,EGA301,3,CURRICULUM_ASSUMPTION
SE211685,2027_Spring,5,SSG105,3,CURRICULUM_ASSUMPTION
SE211685,2027_Spring,5,SWT301,3,CURRICULUM_ASSUMPTION
SE211686,2027_Spring,5,BDI302c,3,CURRICULUM_ASSUMPTION
SE211686,2027_Spring,5,DX_COM*1,3,CURRICULUM_ASSUMPTION
SE211686,2027_Spring,5,DXP391,3,CURRICULUM_ASSUMPTION
SE211686,2027_Spring,5,EGA301,3,CURRICULUM_ASSUMPTION
SE211686,2027_Spring,5,SSG105,3,CURRICULUM_ASSUMPTION
SE211686,2027_Spring,5,SWT301,3,CURRICULUM_ASSUMPTION
SE211687,2027_Spring,5,BDI302c,3,CURRICULUM_ASSUMPTION
SE211687,2027_Spring,5,DX_COM*1,3,CURRICULUM_ASSUMPTION
SE211687,2027_Spring,5,DXP391,3,CURRICULUM_ASSUMPTION
SE211687,2027_Spring,5,EGA301,3,CURRICULUM_ASSUMPTION
SE211687,2027_Spring,5,SSG105,3,CURRICULUM_ASSUMPTION
SE211687,2027_Spring,5,SWT301,3,CURRICULUM_ASSUMPTION
SE211688,2027_Spring,5,BDI302c,3,CURRICULUM_ASSUMPTION
SE211688,2027_Spring,5,DX_COM*1,3,CURRICULUM_ASSUMPTION
SE211688,2027_Spring,5,DXP391,3,CURRICULUM_ASSUMPTION
SE211688,2027_Spring,5,EGA301,3,CURRICULUM_ASSUMPTION
SE211688,2027_Spring,5,SSG105,3,CURRICULUM_ASSUMPTION
SE211688,2027_Spring,5,SWT301,3,CURRICULUM_ASSUMPTION
SE211689,2027_Spring,5,BDI302c,3,CURRICULUM_ASSUMPTION
SE211689,2027_Spring,5,DX_COM*1,3,CURRICULUM_ASSUMPTION
SE211689,2027_Spring,5,DXP391,3,CURRICULUM_ASSUMPTION
SE211689,2027_Spring,5,EGA301,3,CURRICULUM_ASSUMPTION
SE211689,2027_Spring,5,SSG105,3,CURRICULUM_ASSUMPTION
SE211689,2027_Spring,5,SWT301,3,CURRICULUM_ASSUMPTION
SE211690,2027_Spring,5,BDI302c,3,CURRICULUM_ASSUMPTION
SE211690,2027_Spring,5,DX_COM*1,3,CURRICULUM_ASSUMPTION
SE211690,2027_Spring,5,DXP391,3,CURRICULUM_ASSUMPTION
SE211690,2027_Spring,5,EGA301,3,CURRICULUM_ASSUMPTION
SE211690,2027_Spring,5,SSG105,3,CURRICULUM_ASSUMPTION
SE211690,2027_Spring,5,SWT301,3,CURRICULUM_ASSUMPTION
SE211691,2027_Spring,5,BDI302c,3,CURRICULUM_ASSUMPTION
SE211691,2027_Spring,5,DX_COM*1,3,CURRICULUM_ASSUMPTION
SE211691,2027_Spring,5,DXP391,3,CURRICULUM_ASSUMPTION
SE211691,2027_Spring,5,EGA301,3,CURRICULUM_ASSUMPTION
SE211691,2027_Spring,5,SSG105,3,CURRICULUM_ASSUMPTION
SE211691,2027_Spring,5,SWT301,3,CURRICULUM_ASSUMPTION
SE211692,2027_Spring,5,BDI302c,3,CURRICULUM_ASSUMPTION
SE211692,2027_Spring,5,DX_COM*1,3,CURRICULUM_ASSUMPTION
SE211692,2027_Spring,5,DXP391,3,CURRICULUM_ASSUMPTION
SE211692,2027_Spring,5,EGA301,3,CURRICULUM_ASSUMPTION
SE211692,2027_Spring,5,SSG105,3,CURRICULUM_ASSUMPTION
SE211692,2027_Spring,5,SWT301,3,CURRICULUM_ASSUMPTION
SE211693,2027_Spring,5,BDI302c,3,CURRICULUM_ASSUMPTION
SE211693,2027_Spring,5,DX_COM*1,3,CURRICULUM_ASSUMPTION
SE211693,2027_Spring,5,DXP391,3,CURRICULUM_ASSUMPTION
SE211693,2027_Spring,5,EGA301,3,CURRICULUM_ASSUMPTION
SE211693,2027_Spring,5,SSG105,3,CURRICULUM_ASSUMPTION
SE211693,2027_Spring,5,SWT301,3,CURRICULUM_ASSUMPTION
SE211694,2027_Spring,5,BDI302c,3,CURRICULUM_ASSUMPTION
SE211694,2027_Spring,5,DX_COM*1,3,CURRICULUM_ASSUMPTION
SE211694,2027_Spring,5,DXP391,3,CURRICULUM_ASSUMPTION
SE211694,2027_Spring,5,EGA301,3,CURRICULUM_ASSUMPTION
SE211694,2027_Spring,5,SSG105,3,CURRICULUM_ASSUMPTION
SE211694,2027_Spring,5,SWT301,3,CURRICULUM_ASSUMPTION
SE211695,2027_Spring,5,BDI302c,3,CURRICULUM_ASSUMPTION
SE211695,2027_Spring,5,DX_COM*1,3,CURRICULUM_ASSUMPTION
SE211695,2027_Spring,5,DXP391,3,CURRICULUM_ASSUMPTION
SE211695,2027_Spring,5,EGA301,3,CURRICULUM_ASSUMPTION
SE211695,2027_Spring,5,SSG105,3,CURRICULUM_ASSUMPTION
SE211695,2027_Spring,5,SWT301,3,CURRICULUM_ASSUMPTION
SE211696,2027_Spring,5,BDI302c,3,CURRICULUM_ASSUMPTION
SE211696,2027_Spring,5,DX_COM*1,3,CURRICULUM_ASSUMPTION
SE211696,2027_Spring,5,DXP391,3,CURRICULUM_ASSUMPTION
SE211696,2027_Spring,5,EGA301,3,CURRICULUM_ASSUMPTION
SE211696,2027_Spring,5,SSG105,3,CURRICULUM_ASSUMPTION
SE211696,2027_Spring,5,SWT301,3,CURRICULUM_ASSUMPTION
SE211697,2027_Spring,5,BDI302c,3,CURRICULUM_ASSUMPTION
SE211697,2027_Spring,5,DX_COM*1,3,CURRICULUM_ASSUMPTION
SE211697,2027_Spring,5,DXP391,3,CURRICULUM_ASSUMPTION
SE211697,2027_Spring,5,EGA301,3,CURRICULUM_ASSUMPTION
SE211697,2027_Spring,5,SSG105,3,CURRICULUM_ASSUMPTION
SE211697,2027_Spring,5,SWT301,3,CURRICULUM_ASSUMPTION
SE211698,2027_Spring,5,BDI302c,3,CURRICULUM_ASSUMPTION
SE211698,2027_Spring,5,DX_COM*1,3,CURRICULUM_ASSUMPTION
SE211698,2027_Spring,5,DXP391,3,CURRICULUM_ASSUMPTION
SE211698,2027_Spring,5,EGA301,3,CURRICULUM_ASSUMPTION
SE211698,2027_Spring,5,SSG105,3,CURRICULUM_ASSUMPTION
SE211698,2027_Spring,5,SWT301,3,CURRICULUM_ASSUMPTION
SE211699,2027_Spring,5,BDI302c,3,CURRICULUM_ASSUMPTION
SE211699,2027_Spring,5,DX_COM*1,3,CURRICULUM_ASSUMPTION
SE211699,2027_Spring,5,DXP391,3,CURRICULUM_ASSUMPTION
SE211699,2027_Spring,5,EGA301,3,CURRICULUM_ASSUMPTION
SE211699,2027_Spring,5,SSG105,3,CURRICULUM_ASSUMPTION
SE211699,2027_Spring,5,SWT301,3,CURRICULUM_ASSUMPTION
SE211700,2027_Spring,5,BDI302c,3,CURRICULUM_ASSUMPTION
SE211700,2027_Spring,5,DX_COM*1,3,CURRICULUM_ASSUMPTION
SE211700,2027_Spring,5,DXP391,3,CURRICULUM_ASSUMPTION
SE211700,2027_Spring,5,EGA301,3,CURRICULUM_ASSUMPTION
SE211700,2027_Spring,5,SSG105,3,CURRICULUM_ASSUMPTION
SE211700,2027_Spring,5,SWT301,3,CURRICULUM_ASSUMPTION
SE211701,2027_Spring,5,BDI302c,3,CURRICULUM_ASSUMPTION
SE211701,2027_Spring,5,DX_COM*1,3,CURRICULUM_ASSUMPTION
SE211701,2027_Spring,5,DXP391,3,CURRICULUM_ASSUMPTION
SE211701,2027_Spring,5,EGA301,3,CURRICULUM_ASSUMPTION
SE211701,2027_Spring,5,SSG105,3,CURRICULUM_ASSUMPTION
SE211701,2027_Spring,5,SWT301,3,CURRICULUM_ASSUMPTION
SE211702,2027_Spring,5,BDI302c,3,CURRICULUM_ASSUMPTION
SE211702,2027_Spring,5,DX_COM*1,3,CURRICULUM_ASSUMPTION
SE211702,2027_Spring,5,DXP391,3,CURRICULUM_ASSUMPTION
SE211702,2027_Spring,5,EGA301,3,CURRICULUM_ASSUMPTION
SE211702,2027_Spring,5,SSG105,3,CURRICULUM_ASSUMPTION
SE211702,2027_Spring,5,SWT301,3,CURRICULUM_ASSUMPTION
SE211703,2027_Spring,5,BDI302c,3,CURRICULUM_ASSUMPTION
SE211703,2027_Spring,5,DX_COM*1,3,CURRICULUM_ASSUMPTION
SE211703,2027_Spring,5,DXP391,3,CURRICULUM_ASSUMPTION
SE211703,2027_Spring,5,EGA301,3,CURRICULUM_ASSUMPTION
SE211703,2027_Spring,5,SSG105,3,CURRICULUM_ASSUMPTION
SE211703,2027_Spring,5,SWT301,3,CURRICULUM_ASSUMPTION
SE211704,2027_Spring,5,BDI302c,3,CURRICULUM_ASSUMPTION
SE211704,2027_Spring,5,DX_COM*1,3,CURRICULUM_ASSUMPTION
SE211704,2027_Spring,5,DXP391,3,CURRICULUM_ASSUMPTION
SE211704,2027_Spring,5,EGA301,3,CURRICULUM_ASSUMPTION
SE211704,2027_Spring,5,SSG105,3,CURRICULUM_ASSUMPTION
SE211704,2027_Spring,5,SWT301,3,CURRICULUM_ASSUMPTION
SE211705,2027_Spring,5,BDI302c,3,CURRICULUM_ASSUMPTION
SE211705,2027_Spring,5,DX_COM*1,3,CURRICULUM_ASSUMPTION
SE211705,2027_Spring,5,DXP391,3,CURRICULUM_ASSUMPTION
SE211705,2027_Spring,5,EGA301,3,CURRICULUM_ASSUMPTION
SE211705,2027_Spring,5,SSG105,3,CURRICULUM_ASSUMPTION
SE211705,2027_Spring,5,SWT301,3,CURRICULUM_ASSUMPTION
SE211706,2027_Spring,5,BDI302c,3,CURRICULUM_ASSUMPTION
SE211706,2027_Spring,5,DX_COM*1,3,CURRICULUM_ASSUMPTION
SE211706,2027_Spring,5,DXP391,3,CURRICULUM_ASSUMPTION
SE211706,2027_Spring,5,EGA301,3,CURRICULUM_ASSUMPTION
SE211706,2027_Spring,5,SSG105,3,CURRICULUM_ASSUMPTION
SE211706,2027_Spring,5,SWT301,3,CURRICULUM_ASSUMPTION
SE211707,2027_Spring,5,BDI302c,3,CURRICULUM_ASSUMPTION
SE211707,2027_Spring,5,DX_COM*1,3,CURRICULUM_ASSUMPTION
SE211707,2027_Spring,5,DXP391,3,CURRICULUM_ASSUMPTION
SE211707,2027_Spring,5,EGA301,3,CURRICULUM_ASSUMPTION
SE211707,2027_Spring,5,SSG105,3,CURRICULUM_ASSUMPTION
SE211707,2027_Spring,5,SWT301,3,CURRICULUM_ASSUMPTION
SE211708,2027_Spring,5,BDI302c,3,CURRICULUM_ASSUMPTION
SE211708,2027_Spring,5,DX_COM*1,3,CURRICULUM_ASSUMPTION
SE211708,2027_Spring,5,DXP391,3,CURRICULUM_ASSUMPTION
SE211708,2027_Spring,5,EGA301,3,CURRICULUM_ASSUMPTION
SE211708,2027_Spring,5,SSG105,3,CURRICULUM_ASSUMPTION
SE211708,2027_Spring,5,SWT301,3,CURRICULUM_ASSUMPTION
SE211709,2027_Spring,5,BDI302c,3,CURRICULUM_ASSUMPTION
SE211709,2027_Spring,5,DX_COM*1,3,CURRICULUM_ASSUMPTION
SE211709,2027_Spring,5,DXP391,3,CURRICULUM_ASSUMPTION
SE211709,2027_Spring,5,EGA301,3,CURRICULUM_ASSUMPTION
SE211709,2027_Spring,5,SSG105,3,CURRICULUM_ASSUMPTION
SE211709,2027_Spring,5,SWT301,3,CURRICULUM_ASSUMPTION
SE211710,2027_Spring,5,BDI302c,3,CURRICULUM_ASSUMPTION
SE211710,2027_Spring,5,DX_COM*1,3,CURRICULUM_ASSUMPTION
SE211710,2027_Spring,5,DXP391,3,CURRICULUM_ASSUMPTION
SE211710,2027_Spring,5,EGA301,3,CURRICULUM_ASSUMPTION
SE211710,2027_Spring,5,SSG105,3,CURRICULUM_ASSUMPTION
SE211710,2027_Spring,5,SWT301,3,CURRICULUM_ASSUMPTION
SE211711,2027_Spring,5,BDI302c,3,CURRICULUM_ASSUMPTION
SE211711,2027_Spring,5,DX_COM*1,3,CURRICULUM_ASSUMPTION
SE211711,2027_Spring,5,DXP391,3,CURRICULUM_ASSUMPTION
SE211711,2027_Spring,5,EGA301,3,CURRICULUM_ASSUMPTION
SE211711,2027_Spring,5,SSG105,3,CURRICULUM_ASSUMPTION
SE211711,2027_Spring,5,SWT301,3,CURRICULUM_ASSUMPTION
SE211712,2027_Spring,5,BDI302c,3,CURRICULUM_ASSUMPTION
SE211712,2027_Spring,5,DX_COM*1,3,CURRICULUM_ASSUMPTION
SE211712,2027_Spring,5,DXP391,3,CURRICULUM_ASSUMPTION
SE211712,2027_Spring,5,EGA301,3,CURRICULUM_ASSUMPTION
SE211712,2027_Spring,5,SSG105,3,CURRICULUM_ASSUMPTION
SE211712,2027_Spring,5,SWT301,3,CURRICULUM_ASSUMPTION
SE211713,2027_Spring,5,BDI302c,3,CURRICULUM_ASSUMPTION
SE211713,2027_Spring,5,DX_COM*1,3,CURRICULUM_ASSUMPTION
SE211713,2027_Spring,5,DXP391,3,CURRICULUM_ASSUMPTION
SE211713,2027_Spring,5,EGA301,3,CURRICULUM_ASSUMPTION
SE211713,2027_Spring,5,SSG105,3,CURRICULUM_ASSUMPTION
SE211713,2027_Spring,5,SWT301,3,CURRICULUM_ASSUMPTION
SE211714,2027_Spring,5,BDI302c,3,CURRICULUM_ASSUMPTION
SE211714,2027_Spring,5,DX_COM*1,3,CURRICULUM_ASSUMPTION
SE211714,2027_Spring,5,DXP391,3,CURRICULUM_ASSUMPTION
SE211714,2027_Spring,5,EGA301,3,CURRICULUM_ASSUMPTION
SE211714,2027_Spring,5,SSG105,3,CURRICULUM_ASSUMPTION
SE211714,2027_Spring,5,SWT301,3,CURRICULUM_ASSUMPTION
SE211715,2027_Spring,5,BDI302c,3,CURRICULUM_ASSUMPTION
SE211715,2027_Spring,5,DX_COM*1,3,CURRICULUM_ASSUMPTION
SE211715,2027_Spring,5,DXP391,3,CURRICULUM_ASSUMPTION
SE211715,2027_Spring,5,EGA301,3,CURRICULUM_ASSUMPTION
SE211715,2027_Spring,5,SSG105,3,CURRICULUM_ASSUMPTION
SE211715,2027_Spring,5,SWT301,3,CURRICULUM_ASSUMPTION
SE211716,2027_Spring,5,BDI302c,3,CURRICULUM_ASSUMPTION
SE211716,2027_Spring,5,DX_COM*1,3,CURRICULUM_ASSUMPTION
SE211716,2027_Spring,5,DXP391,3,CURRICULUM_ASSUMPTION
SE211716,2027_Spring,5,EGA301,3,CURRICULUM_ASSUMPTION
SE211716,2027_Spring,5,SSG105,3,CURRICULUM_ASSUMPTION
SE211716,2027_Spring,5,SWT301,3,CURRICULUM_ASSUMPTION
SE211717,2027_Spring,5,BDI302c,3,CURRICULUM_ASSUMPTION
SE211717,2027_Spring,5,DX_COM*1,3,CURRICULUM_ASSUMPTION
SE211717,2027_Spring,5,DXP391,3,CURRICULUM_ASSUMPTION
SE211717,2027_Spring,5,EGA301,3,CURRICULUM_ASSUMPTION
SE211717,2027_Spring,5,SSG105,3,CURRICULUM_ASSUMPTION
SE211717,2027_Spring,5,SWT301,3,CURRICULUM_ASSUMPTION
SE211718,2027_Spring,5,BDI302c,3,CURRICULUM_ASSUMPTION
SE211718,2027_Spring,5,DX_COM*1,3,CURRICULUM_ASSUMPTION
SE211718,2027_Spring,5,DXP391,3,CURRICULUM_ASSUMPTION
SE211718,2027_Spring,5,EGA301,3,CURRICULUM_ASSUMPTION
SE211718,2027_Spring,5,SSG105,3,CURRICULUM_ASSUMPTION
SE211718,2027_Spring,5,SWT301,3,CURRICULUM_ASSUMPTION
SE211719,2027_Spring,5,BDI302c,3,CURRICULUM_ASSUMPTION
SE211719,2027_Spring,5,DX_COM*1,3,CURRICULUM_ASSUMPTION
SE211719,2027_Spring,5,DXP391,3,CURRICULUM_ASSUMPTION
SE211719,2027_Spring,5,EGA301,3,CURRICULUM_ASSUMPTION
SE211719,2027_Spring,5,SSG105,3,CURRICULUM_ASSUMPTION
SE211719,2027_Spring,5,SWT301,3,CURRICULUM_ASSUMPTION
SE211720,2027_Spring,5,BDI302c,3,CURRICULUM_ASSUMPTION
SE211720,2027_Spring,5,DX_COM*1,3,CURRICULUM_ASSUMPTION
SE211720,2027_Spring,5,DXP391,3,CURRICULUM_ASSUMPTION
SE211720,2027_Spring,5,EGA301,3,CURRICULUM_ASSUMPTION
SE211720,2027_Spring,5,SSG105,3,CURRICULUM_ASSUMPTION
SE211720,2027_Spring,5,SWT301,3,CURRICULUM_ASSUMPTION
SE211721,2027_Spring,5,BDI302c,3,CURRICULUM_ASSUMPTION
SE211721,2027_Spring,5,DX_COM*1,3,CURRICULUM_ASSUMPTION
SE211721,2027_Spring,5,DXP391,3,CURRICULUM_ASSUMPTION
SE211721,2027_Spring,5,EGA301,3,CURRICULUM_ASSUMPTION
SE211721,2027_Spring,5,SSG105,3,CURRICULUM_ASSUMPTION
SE211721,2027_Spring,5,SWT301,3,CURRICULUM_ASSUMPTION
SE211722,2027_Spring,5,BDI302c,3,CURRICULUM_ASSUMPTION
SE211722,2027_Spring,5,DX_COM*1,3,CURRICULUM_ASSUMPTION
SE211722,2027_Spring,5,DXP391,3,CURRICULUM_ASSUMPTION
SE211722,2027_Spring,5,EGA301,3,CURRICULUM_ASSUMPTION
SE211722,2027_Spring,5,SSG105,3,CURRICULUM_ASSUMPTION
SE211722,2027_Spring,5,SWT301,3,CURRICULUM_ASSUMPTION
SE211723,2027_Spring,5,BDI302c,3,CURRICULUM_ASSUMPTION
SE211723,2027_Spring,5,DX_COM*1,3,CURRICULUM_ASSUMPTION
SE211723,2027_Spring,5,DXP391,3,CURRICULUM_ASSUMPTION
SE211723,2027_Spring,5,EGA301,3,CURRICULUM_ASSUMPTION
SE211723,2027_Spring,5,SSG105,3,CURRICULUM_ASSUMPTION
SE211723,2027_Spring,5,SWT301,3,CURRICULUM_ASSUMPTION
SE211724,2027_Spring,5,BDI302c,3,CURRICULUM_ASSUMPTION
SE211724,2027_Spring,5,DX_COM*1,3,CURRICULUM_ASSUMPTION
SE211724,2027_Spring,5,DXP391,3,CURRICULUM_ASSUMPTION
SE211724,2027_Spring,5,EGA301,3,CURRICULUM_ASSUMPTION
SE211724,2027_Spring,5,SSG105,3,CURRICULUM_ASSUMPTION
SE211724,2027_Spring,5,SWT301,3,CURRICULUM_ASSUMPTION
SE211725,2027_Spring,5,BDI302c,3,CURRICULUM_ASSUMPTION
SE211725,2027_Spring,5,DX_COM*1,3,CURRICULUM_ASSUMPTION
SE211725,2027_Spring,5,DXP391,3,CURRICULUM_ASSUMPTION
SE211725,2027_Spring,5,EGA301,3,CURRICULUM_ASSUMPTION
SE211725,2027_Spring,5,SSG105,3,CURRICULUM_ASSUMPTION
SE211725,2027_Spring,5,SWT301,3,CURRICULUM_ASSUMPTION
SE211726,2027_Spring,5,BDI302c,3,CURRICULUM_ASSUMPTION
SE211726,2027_Spring,5,DX_COM*1,3,CURRICULUM_ASSUMPTION
SE211726,2027_Spring,5,DXP391,3,CURRICULUM_ASSUMPTION
SE211726,2027_Spring,5,EGA301,3,CURRICULUM_ASSUMPTION
SE211726,2027_Spring,5,SSG105,3,CURRICULUM_ASSUMPTION
SE211726,2027_Spring,5,SWT301,3,CURRICULUM_ASSUMPTION
SE211727,2027_Spring,5,BDI302c,3,CURRICULUM_ASSUMPTION
SE211727,2027_Spring,5,DX_COM*1,3,CURRICULUM_ASSUMPTION
SE211727,2027_Spring,5,DXP391,3,CURRICULUM_ASSUMPTION
SE211727,2027_Spring,5,EGA301,3,CURRICULUM_ASSUMPTION
SE211727,2027_Spring,5,SSG105,3,CURRICULUM_ASSUMPTION
SE211727,2027_Spring,5,SWT301,3,CURRICULUM_ASSUMPTION
SE211728,2027_Spring,5,BDI302c,3,CURRICULUM_ASSUMPTION
SE211728,2027_Spring,5,DX_COM*1,3,CURRICULUM_ASSUMPTION
SE211728,2027_Spring,5,DXP391,3,CURRICULUM_ASSUMPTION
SE211728,2027_Spring,5,EGA301,3,CURRICULUM_ASSUMPTION
SE211728,2027_Spring,5,SSG105,3,CURRICULUM_ASSUMPTION
SE211728,2027_Spring,5,SWT301,3,CURRICULUM_ASSUMPTION
SE211729,2027_Spring,5,BDI302c,3,CURRICULUM_ASSUMPTION
SE211729,2027_Spring,5,DX_COM*1,3,CURRICULUM_ASSUMPTION
SE211729,2027_Spring,5,DXP391,3,CURRICULUM_ASSUMPTION
SE211729,2027_Spring,5,EGA301,3,CURRICULUM_ASSUMPTION
SE211729,2027_Spring,5,SSG105,3,CURRICULUM_ASSUMPTION
SE211729,2027_Spring,5,SWT301,3,CURRICULUM_ASSUMPTION
SE211730,2027_Spring,5,BDI302c,3,CURRICULUM_ASSUMPTION
SE211730,2027_Spring,5,DX_COM*1,3,CURRICULUM_ASSUMPTION
SE211730,2027_Spring,5,DXP391,3,CURRICULUM_ASSUMPTION
SE211730,2027_Spring,5,EGA301,3,CURRICULUM_ASSUMPTION
SE211730,2027_Spring,5,SSG105,3,CURRICULUM_ASSUMPTION
SE211730,2027_Spring,5,SWT301,3,CURRICULUM_ASSUMPTION
SE211731,2027_Spring,5,BDI302c,3,CURRICULUM_ASSUMPTION
SE211731,2027_Spring,5,DX_COM*1,3,CURRICULUM_ASSUMPTION
SE211731,2027_Spring,5,DXP391,3,CURRICULUM_ASSUMPTION
SE211731,2027_Spring,5,EGA301,3,CURRICULUM_ASSUMPTION
SE211731,2027_Spring,5,SSG105,3,CURRICULUM_ASSUMPTION
SE211731,2027_Spring,5,SWT301,3,CURRICULUM_ASSUMPTION
SE211732,2027_Spring,5,BDI302c,3,CURRICULUM_ASSUMPTION
SE211732,2027_Spring,5,DX_COM*1,3,CURRICULUM_ASSUMPTION
SE211732,2027_Spring,5,DXP391,3,CURRICULUM_ASSUMPTION
SE211732,2027_Spring,5,EGA301,3,CURRICULUM_ASSUMPTION
SE211732,2027_Spring,5,SSG105,3,CURRICULUM_ASSUMPTION
SE211732,2027_Spring,5,SWT301,3,CURRICULUM_ASSUMPTION
SE211733,2027_Spring,5,BDI302c,3,CURRICULUM_ASSUMPTION
SE211733,2027_Spring,5,DX_COM*1,3,CURRICULUM_ASSUMPTION
SE211733,2027_Spring,5,DXP391,3,CURRICULUM_ASSUMPTION
SE211733,2027_Spring,5,EGA301,3,CURRICULUM_ASSUMPTION
SE211733,2027_Spring,5,SSG105,3,CURRICULUM_ASSUMPTION
SE211733,2027_Spring,5,SWT301,3,CURRICULUM_ASSUMPTION
SE211734,2027_Spring,5,BDI302c,3,CURRICULUM_ASSUMPTION
SE211734,2027_Spring,5,DX_COM*1,3,CURRICULUM_ASSUMPTION
SE211734,2027_Spring,5,DXP391,3,CURRICULUM_ASSUMPTION
SE211734,2027_Spring,5,EGA301,3,CURRICULUM_ASSUMPTION
SE211734,2027_Spring,5,SSG105,3,CURRICULUM_ASSUMPTION
SE211734,2027_Spring,5,SWT301,3,CURRICULUM_ASSUMPTION
SE211735,2027_Spring,5,BDI302c,3,CURRICULUM_ASSUMPTION
SE211735,2027_Spring,5,DX_COM*1,3,CURRICULUM_ASSUMPTION
SE211735,2027_Spring,5,DXP391,3,CURRICULUM_ASSUMPTION
SE211735,2027_Spring,5,EGA301,3,CURRICULUM_ASSUMPTION
SE211735,2027_Spring,5,SSG105,3,CURRICULUM_ASSUMPTION
SE211735,2027_Spring,5,SWT301,3,CURRICULUM_ASSUMPTION
SE211736,2027_Spring,5,BDI302c,3,CURRICULUM_ASSUMPTION
SE211736,2027_Spring,5,DX_COM*1,3,CURRICULUM_ASSUMPTION
SE211736,2027_Spring,5,DXP391,3,CURRICULUM_ASSUMPTION
SE211736,2027_Spring,5,EGA301,3,CURRICULUM_ASSUMPTION
SE211736,2027_Spring,5,SSG105,3,CURRICULUM_ASSUMPTION
SE211736,2027_Spring,5,SWT301,3,CURRICULUM_ASSUMPTION
SE211737,2027_Spring,5,BDI302c,3,CURRICULUM_ASSUMPTION
SE211737,2027_Spring,5,DX_COM*1,3,CURRICULUM_ASSUMPTION
SE211737,2027_Spring,5,DXP391,3,CURRICULUM_ASSUMPTION
SE211737,2027_Spring,5,EGA301,3,CURRICULUM_ASSUMPTION
SE211737,2027_Spring,5,SSG105,3,CURRICULUM_ASSUMPTION
SE211737,2027_Spring,5,SWT301,3,CURRICULUM_ASSUMPTION
SE211738,2027_Spring,5,BDI302c,3,CURRICULUM_ASSUMPTION
SE211738,2027_Spring,5,DX_COM*1,3,CURRICULUM_ASSUMPTION
SE211738,2027_Spring,5,DXP391,3,CURRICULUM_ASSUMPTION
SE211738,2027_Spring,5,EGA301,3,CURRICULUM_ASSUMPTION
SE211738,2027_Spring,5,SSG105,3,CURRICULUM_ASSUMPTION
SE211738,2027_Spring,5,SWT301,3,CURRICULUM_ASSUMPTION
SE211739,2027_Spring,5,BDI302c,3,CURRICULUM_ASSUMPTION
SE211739,2027_Spring,5,DX_COM*1,3,CURRICULUM_ASSUMPTION
SE211739,2027_Spring,5,DXP391,3,CURRICULUM_ASSUMPTION
SE211739,2027_Spring,5,EGA301,3,CURRICULUM_ASSUMPTION
SE211739,2027_Spring,5,SSG105,3,CURRICULUM_ASSUMPTION
SE211739,2027_Spring,5,SWT301,3,CURRICULUM_ASSUMPTION
SE211740,2027_Spring,5,BDI302c,3,CURRICULUM_ASSUMPTION
SE211740,2027_Spring,5,DX_COM*1,3,CURRICULUM_ASSUMPTION
SE211740,2027_Spring,5,DXP391,3,CURRICULUM_ASSUMPTION
SE211740,2027_Spring,5,EGA301,3,CURRICULUM_ASSUMPTION
SE211740,2027_Spring,5,SSG105,3,CURRICULUM_ASSUMPTION
SE211740,2027_Spring,5,SWT301,3,CURRICULUM_ASSUMPTION
SE211741,2027_Spring,5,BDI302c,3,CURRICULUM_ASSUMPTION
SE211741,2027_Spring,5,DX_COM*1,3,CURRICULUM_ASSUMPTION
SE211741,2027_Spring,5,DXP391,3,CURRICULUM_ASSUMPTION
SE211741,2027_Spring,5,EGA301,3,CURRICULUM_ASSUMPTION
SE211741,2027_Spring,5,SSG105,3,CURRICULUM_ASSUMPTION
SE211741,2027_Spring,5,SWT301,3,CURRICULUM_ASSUMPTION
SE211742,2027_Spring,5,BDI302c,3,CURRICULUM_ASSUMPTION
SE211742,2027_Spring,5,DX_COM*1,3,CURRICULUM_ASSUMPTION
SE211742,2027_Spring,5,DXP391,3,CURRICULUM_ASSUMPTION
SE211742,2027_Spring,5,EGA301,3,CURRICULUM_ASSUMPTION
SE211742,2027_Spring,5,SSG105,3,CURRICULUM_ASSUMPTION
SE211742,2027_Spring,5,SWT301,3,CURRICULUM_ASSUMPTION
SE211743,2027_Spring,5,BDI302c,3,CURRICULUM_ASSUMPTION
SE211743,2027_Spring,5,DX_COM*1,3,CURRICULUM_ASSUMPTION
SE211743,2027_Spring,5,DXP391,3,CURRICULUM_ASSUMPTION
SE211743,2027_Spring,5,EGA301,3,CURRICULUM_ASSUMPTION
SE211743,2027_Spring,5,SSG105,3,CURRICULUM_ASSUMPTION
SE211743,2027_Spring,5,SWT301,3,CURRICULUM_ASSUMPTION
SE211744,2027_Spring,5,BDI302c,3,CURRICULUM_ASSUMPTION
SE211744,2027_Spring,5,DX_COM*1,3,CURRICULUM_ASSUMPTION
SE211744,2027_Spring,5,DXP391,3,CURRICULUM_ASSUMPTION
SE211744,2027_Spring,5,EGA301,3,CURRICULUM_ASSUMPTION
SE211744,2027_Spring,5,SSG105,3,CURRICULUM_ASSUMPTION
SE211744,2027_Spring,5,SWT301,3,CURRICULUM_ASSUMPTION
SE211745,2027_Spring,5,BDI302c,3,CURRICULUM_ASSUMPTION
SE211745,2027_Spring,5,DX_COM*1,3,CURRICULUM_ASSUMPTION
SE211745,2027_Spring,5,DXP391,3,CURRICULUM_ASSUMPTION
SE211745,2027_Spring,5,EGA301,3,CURRICULUM_ASSUMPTION
SE211745,2027_Spring,5,SSG105,3,CURRICULUM_ASSUMPTION
SE211745,2027_Spring,5,SWT301,3,CURRICULUM_ASSUMPTION
SE211746,2027_Spring,5,BDI302c,3,CURRICULUM_ASSUMPTION
SE211746,2027_Spring,5,DX_COM*1,3,CURRICULUM_ASSUMPTION
SE211746,2027_Spring,5,DXP391,3,CURRICULUM_ASSUMPTION
SE211746,2027_Spring,5,EGA301,3,CURRICULUM_ASSUMPTION
SE211746,2027_Spring,5,SSG105,3,CURRICULUM_ASSUMPTION
SE211746,2027_Spring,5,SWT301,3,CURRICULUM_ASSUMPTION
SE211747,2027_Spring,5,BDI302c,3,CURRICULUM_ASSUMPTION
SE211747,2027_Spring,5,DX_COM*1,3,CURRICULUM_ASSUMPTION
SE211747,2027_Spring,5,DXP391,3,CURRICULUM_ASSUMPTION
SE211747,2027_Spring,5,EGA301,3,CURRICULUM_ASSUMPTION
SE211747,2027_Spring,5,SSG105,3,CURRICULUM_ASSUMPTION
SE211747,2027_Spring,5,SWT301,3,CURRICULUM_ASSUMPTION
SE211748,2027_Spring,5,BDI302c,3,CURRICULUM_ASSUMPTION
SE211748,2027_Spring,5,DX_COM*1,3,CURRICULUM_ASSUMPTION
SE211748,2027_Spring,5,DXP391,3,CURRICULUM_ASSUMPTION
SE211748,2027_Spring,5,EGA301,3,CURRICULUM_ASSUMPTION
SE211748,2027_Spring,5,SSG105,3,CURRICULUM_ASSUMPTION
SE211748,2027_Spring,5,SWT301,3,CURRICULUM_ASSUMPTION
SE211749,2027_Spring,5,BDI302c,3,CURRICULUM_ASSUMPTION
SE211749,2027_Spring,5,DX_COM*1,3,CURRICULUM_ASSUMPTION
SE211749,2027_Spring,5,DXP391,3,CURRICULUM_ASSUMPTION
SE211749,2027_Spring,5,EGA301,3,CURRICULUM_ASSUMPTION
SE211749,2027_Spring,5,SSG105,3,CURRICULUM_ASSUMPTION
SE211749,2027_Spring,5,SWT301,3,CURRICULUM_ASSUMPTION
SE211750,2027_Spring,5,BDI302c,3,CURRICULUM_ASSUMPTION
SE211750,2027_Spring,5,DX_COM*1,3,CURRICULUM_ASSUMPTION
SE211750,2027_Spring,5,DXP391,3,CURRICULUM_ASSUMPTION
SE211750,2027_Spring,5,EGA301,3,CURRICULUM_ASSUMPTION
SE211750,2027_Spring,5,SSG105,3,CURRICULUM_ASSUMPTION
SE211750,2027_Spring,5,SWT301,3,CURRICULUM_ASSUMPTION
SE211751,2027_Spring,5,BDI302c,3,CURRICULUM_ASSUMPTION
SE211751,2027_Spring,5,DX_COM*1,3,CURRICULUM_ASSUMPTION
SE211751,2027_Spring,5,DXP391,3,CURRICULUM_ASSUMPTION
SE211751,2027_Spring,5,EGA301,3,CURRICULUM_ASSUMPTION
SE211751,2027_Spring,5,SSG105,3,CURRICULUM_ASSUMPTION
SE211751,2027_Spring,5,SWT301,3,CURRICULUM_ASSUMPTION
SE211752,2027_Spring,5,BDI302c,3,CURRICULUM_ASSUMPTION
SE211752,2027_Spring,5,DX_COM*1,3,CURRICULUM_ASSUMPTION
SE211752,2027_Spring,5,DXP391,3,CURRICULUM_ASSUMPTION
SE211752,2027_Spring,5,EGA301,3,CURRICULUM_ASSUMPTION
SE211752,2027_Spring,5,SSG105,3,CURRICULUM_ASSUMPTION
SE211752,2027_Spring,5,SWT301,3,CURRICULUM_ASSUMPTION
SE211753,2027_Spring,5,BDI302c,3,CURRICULUM_ASSUMPTION
SE211753,2027_Spring,5,DX_COM*1,3,CURRICULUM_ASSUMPTION
SE211753,2027_Spring,5,DXP391,3,CURRICULUM_ASSUMPTION
SE211753,2027_Spring,5,EGA301,3,CURRICULUM_ASSUMPTION
SE211753,2027_Spring,5,SSG105,3,CURRICULUM_ASSUMPTION
SE211753,2027_Spring,5,SWT301,3,CURRICULUM_ASSUMPTION
SE211754,2027_Spring,5,BDI302c,3,CURRICULUM_ASSUMPTION
SE211754,2027_Spring,5,DX_COM*1,3,CURRICULUM_ASSUMPTION
SE211754,2027_Spring,5,DXP391,3,CURRICULUM_ASSUMPTION
SE211754,2027_Spring,5,EGA301,3,CURRICULUM_ASSUMPTION
SE211754,2027_Spring,5,SSG105,3,CURRICULUM_ASSUMPTION
SE211754,2027_Spring,5,SWT301,3,CURRICULUM_ASSUMPTION
SE211755,2027_Spring,5,BDI302c,3,CURRICULUM_ASSUMPTION
SE211755,2027_Spring,5,DX_COM*1,3,CURRICULUM_ASSUMPTION
SE211755,2027_Spring,5,DXP391,3,CURRICULUM_ASSUMPTION
SE211755,2027_Spring,5,EGA301,3,CURRICULUM_ASSUMPTION
SE211755,2027_Spring,5,SSG105,3,CURRICULUM_ASSUMPTION
SE211755,2027_Spring,5,SWT301,3,CURRICULUM_ASSUMPTION
SE211756,2027_Spring,5,BDI302c,3,CURRICULUM_ASSUMPTION
SE211756,2027_Spring,5,DX_COM*1,3,CURRICULUM_ASSUMPTION
SE211756,2027_Spring,5,DXP391,3,CURRICULUM_ASSUMPTION
SE211756,2027_Spring,5,EGA301,3,CURRICULUM_ASSUMPTION
SE211756,2027_Spring,5,SSG105,3,CURRICULUM_ASSUMPTION
SE211756,2027_Spring,5,SWT301,3,CURRICULUM_ASSUMPTION
SE211757,2027_Spring,5,BDI302c,3,CURRICULUM_ASSUMPTION
SE211757,2027_Spring,5,DX_COM*1,3,CURRICULUM_ASSUMPTION
SE211757,2027_Spring,5,DXP391,3,CURRICULUM_ASSUMPTION
SE211757,2027_Spring,5,EGA301,3,CURRICULUM_ASSUMPTION
SE211757,2027_Spring,5,SSG105,3,CURRICULUM_ASSUMPTION
SE211757,2027_Spring,5,SWT301,3,CURRICULUM_ASSUMPTION
SE211758,2027_Spring,5,BDI302c,3,CURRICULUM_ASSUMPTION
SE211758,2027_Spring,5,DX_COM*1,3,CURRICULUM_ASSUMPTION
SE211758,2027_Spring,5,DXP391,3,CURRICULUM_ASSUMPTION
SE211758,2027_Spring,5,EGA301,3,CURRICULUM_ASSUMPTION
SE211758,2027_Spring,5,SSG105,3,CURRICULUM_ASSUMPTION
SE211758,2027_Spring,5,SWT301,3,CURRICULUM_ASSUMPTION
SE211759,2027_Spring,5,BDI302c,3,CURRICULUM_ASSUMPTION
SE211759,2027_Spring,5,DX_COM*1,3,CURRICULUM_ASSUMPTION
SE211759,2027_Spring,5,DXP391,3,CURRICULUM_ASSUMPTION
SE211759,2027_Spring,5,EGA301,3,CURRICULUM_ASSUMPTION
SE211759,2027_Spring,5,SSG105,3,CURRICULUM_ASSUMPTION
SE211759,2027_Spring,5,SWT301,3,CURRICULUM_ASSUMPTION
SE211760,2027_Spring,5,BDI302c,3,CURRICULUM_ASSUMPTION
SE211760,2027_Spring,5,DX_COM*1,3,CURRICULUM_ASSUMPTION
SE211760,2027_Spring,5,DXP391,3,CURRICULUM_ASSUMPTION
SE211760,2027_Spring,5,EGA301,3,CURRICULUM_ASSUMPTION
SE211760,2027_Spring,5,SSG105,3,CURRICULUM_ASSUMPTION
SE211760,2027_Spring,5,SWT301,3,CURRICULUM_ASSUMPTION
SE211761,2027_Spring,5,BDI302c,3,CURRICULUM_ASSUMPTION
SE211761,2027_Spring,5,DX_COM*1,3,CURRICULUM_ASSUMPTION
SE211761,2027_Spring,5,DXP391,3,CURRICULUM_ASSUMPTION
SE211761,2027_Spring,5,EGA301,3,CURRICULUM_ASSUMPTION
SE211761,2027_Spring,5,SSG105,3,CURRICULUM_ASSUMPTION
SE211761,2027_Spring,5,SWT301,3,CURRICULUM_ASSUMPTION
SE211762,2027_Spring,5,BDI302c,3,CURRICULUM_ASSUMPTION
SE211762,2027_Spring,5,DX_COM*1,3,CURRICULUM_ASSUMPTION
SE211762,2027_Spring,5,DXP391,3,CURRICULUM_ASSUMPTION
SE211762,2027_Spring,5,EGA301,3,CURRICULUM_ASSUMPTION
SE211762,2027_Spring,5,SSG105,3,CURRICULUM_ASSUMPTION
SE211762,2027_Spring,5,SWT301,3,CURRICULUM_ASSUMPTION
SE211763,2027_Spring,5,BDI302c,3,CURRICULUM_ASSUMPTION
SE211763,2027_Spring,5,DX_COM*1,3,CURRICULUM_ASSUMPTION
SE211763,2027_Spring,5,DXP391,3,CURRICULUM_ASSUMPTION
SE211763,2027_Spring,5,EGA301,3,CURRICULUM_ASSUMPTION
SE211763,2027_Spring,5,SSG105,3,CURRICULUM_ASSUMPTION
SE211763,2027_Spring,5,SWT301,3,CURRICULUM_ASSUMPTION
SE211764,2027_Spring,5,BDI302c,3,CURRICULUM_ASSUMPTION
SE211764,2027_Spring,5,DX_COM*1,3,CURRICULUM_ASSUMPTION
SE211764,2027_Spring,5,DXP391,3,CURRICULUM_ASSUMPTION
SE211764,2027_Spring,5,EGA301,3,CURRICULUM_ASSUMPTION
SE211764,2027_Spring,5,SSG105,3,CURRICULUM_ASSUMPTION
SE211764,2027_Spring,5,SWT301,3,CURRICULUM_ASSUMPTION
SE211765,2027_Spring,5,BDI302c,3,CURRICULUM_ASSUMPTION
SE211765,2027_Spring,5,DX_COM*1,3,CURRICULUM_ASSUMPTION
SE211765,2027_Spring,5,DXP391,3,CURRICULUM_ASSUMPTION
SE211765,2027_Spring,5,EGA301,3,CURRICULUM_ASSUMPTION
SE211765,2027_Spring,5,SSG105,3,CURRICULUM_ASSUMPTION
SE211765,2027_Spring,5,SWT301,3,CURRICULUM_ASSUMPTION
SE211766,2027_Spring,5,BDI302c,3,CURRICULUM_ASSUMPTION
SE211766,2027_Spring,5,DX_COM*1,3,CURRICULUM_ASSUMPTION
SE211766,2027_Spring,5,DXP391,3,CURRICULUM_ASSUMPTION
SE211766,2027_Spring,5,EGA301,3,CURRICULUM_ASSUMPTION
SE211766,2027_Spring,5,SSG105,3,CURRICULUM_ASSUMPTION
SE211766,2027_Spring,5,SWT301,3,CURRICULUM_ASSUMPTION
SE211767,2027_Spring,5,BDI302c,3,CURRICULUM_ASSUMPTION
SE211767,2027_Spring,5,DX_COM*1,3,CURRICULUM_ASSUMPTION
SE211767,2027_Spring,5,DXP391,3,CURRICULUM_ASSUMPTION
SE211767,2027_Spring,5,EGA301,3,CURRICULUM_ASSUMPTION
SE211767,2027_Spring,5,SSG105,3,CURRICULUM_ASSUMPTION
SE211767,2027_Spring,5,SWT301,3,CURRICULUM_ASSUMPTION
SE211768,2027_Spring,5,BDI302c,3,CURRICULUM_ASSUMPTION
SE211768,2027_Spring,5,DX_COM*1,3,CURRICULUM_ASSUMPTION
SE211768,2027_Spring,5,DXP391,3,CURRICULUM_ASSUMPTION
SE211768,2027_Spring,5,EGA301,3,CURRICULUM_ASSUMPTION
SE211768,2027_Spring,5,SSG105,3,CURRICULUM_ASSUMPTION
SE211768,2027_Spring,5,SWT301,3,CURRICULUM_ASSUMPTION
SE211769,2027_Spring,5,BDI302c,3,CURRICULUM_ASSUMPTION
SE211769,2027_Spring,5,DX_COM*1,3,CURRICULUM_ASSUMPTION
SE211769,2027_Spring,5,DXP391,3,CURRICULUM_ASSUMPTION
SE211769,2027_Spring,5,EGA301,3,CURRICULUM_ASSUMPTION
SE211769,2027_Spring,5,SSG105,3,CURRICULUM_ASSUMPTION
SE211769,2027_Spring,5,SWT301,3,CURRICULUM_ASSUMPTION
SE211770,2027_Spring,5,BDI302c,3,CURRICULUM_ASSUMPTION
SE211770,2027_Spring,5,DX_COM*1,3,CURRICULUM_ASSUMPTION
SE211770,2027_Spring,5,DXP391,3,CURRICULUM_ASSUMPTION
SE211770,2027_Spring,5,EGA301,3,CURRICULUM_ASSUMPTION
SE211770,2027_Spring,5,SSG105,3,CURRICULUM_ASSUMPTION
SE211770,2027_Spring,5,SWT301,3,CURRICULUM_ASSUMPTION
SE211771,2027_Spring,5,BDI302c,3,CURRICULUM_ASSUMPTION
SE211771,2027_Spring,5,DX_COM*1,3,CURRICULUM_ASSUMPTION
SE211771,2027_Spring,5,DXP391,3,CURRICULUM_ASSUMPTION
SE211771,2027_Spring,5,EGA301,3,CURRICULUM_ASSUMPTION
SE211771,2027_Spring,5,SSG105,3,CURRICULUM_ASSUMPTION
SE211771,2027_Spring,5,SWT301,3,CURRICULUM_ASSUMPTION
SE211772,2027_Spring,5,BDI302c,3,CURRICULUM_ASSUMPTION
SE211772,2027_Spring,5,DX_COM*1,3,CURRICULUM_ASSUMPTION
SE211772,2027_Spring,5,DXP391,3,CURRICULUM_ASSUMPTION
SE211772,2027_Spring,5,EGA301,3,CURRICULUM_ASSUMPTION
SE211772,2027_Spring,5,SSG105,3,CURRICULUM_ASSUMPTION
SE211772,2027_Spring,5,SWT301,3,CURRICULUM_ASSUMPTION
SE211773,2027_Spring,5,BDI302c,3,CURRICULUM_ASSUMPTION
SE211773,2027_Spring,5,DX_COM*1,3,CURRICULUM_ASSUMPTION
SE211773,2027_Spring,5,DXP391,3,CURRICULUM_ASSUMPTION
SE211773,2027_Spring,5,EGA301,3,CURRICULUM_ASSUMPTION
SE211773,2027_Spring,5,SSG105,3,CURRICULUM_ASSUMPTION
SE211773,2027_Spring,5,SWT301,3,CURRICULUM_ASSUMPTION
SE211774,2027_Spring,5,BDI302c,3,CURRICULUM_ASSUMPTION
SE211774,2027_Spring,5,DX_COM*1,3,CURRICULUM_ASSUMPTION
SE211774,2027_Spring,5,DXP391,3,CURRICULUM_ASSUMPTION
SE211774,2027_Spring,5,EGA301,3,CURRICULUM_ASSUMPTION
SE211774,2027_Spring,5,SSG105,3,CURRICULUM_ASSUMPTION
SE211774,2027_Spring,5,SWT301,3,CURRICULUM_ASSUMPTION
SE211775,2027_Spring,5,BDI302c,3,CURRICULUM_ASSUMPTION
SE211775,2027_Spring,5,DX_COM*1,3,CURRICULUM_ASSUMPTION
SE211775,2027_Spring,5,DXP391,3,CURRICULUM_ASSUMPTION
SE211775,2027_Spring,5,EGA301,3,CURRICULUM_ASSUMPTION
SE211775,2027_Spring,5,SSG105,3,CURRICULUM_ASSUMPTION
SE211775,2027_Spring,5,SWT301,3,CURRICULUM_ASSUMPTION
SE211776,2027_Spring,5,BDI302c,3,CURRICULUM_ASSUMPTION
SE211776,2027_Spring,5,DX_COM*1,3,CURRICULUM_ASSUMPTION
SE211776,2027_Spring,5,DXP391,3,CURRICULUM_ASSUMPTION
SE211776,2027_Spring,5,EGA301,3,CURRICULUM_ASSUMPTION
SE211776,2027_Spring,5,SSG105,3,CURRICULUM_ASSUMPTION
SE211776,2027_Spring,5,SWT301,3,CURRICULUM_ASSUMPTION
SE211777,2027_Spring,5,BDI302c,3,CURRICULUM_ASSUMPTION
SE211777,2027_Spring,5,DX_COM*1,3,CURRICULUM_ASSUMPTION
SE211777,2027_Spring,5,DXP391,3,CURRICULUM_ASSUMPTION
SE211777,2027_Spring,5,EGA301,3,CURRICULUM_ASSUMPTION
SE211777,2027_Spring,5,SSG105,3,CURRICULUM_ASSUMPTION
SE211777,2027_Spring,5,SWT301,3,CURRICULUM_ASSUMPTION
SE211778,2027_Spring,5,BDI302c,3,CURRICULUM_ASSUMPTION
SE211778,2027_Spring,5,DX_COM*1,3,CURRICULUM_ASSUMPTION
SE211778,2027_Spring,5,DXP391,3,CURRICULUM_ASSUMPTION
SE211778,2027_Spring,5,EGA301,3,CURRICULUM_ASSUMPTION
SE211778,2027_Spring,5,SSG105,3,CURRICULUM_ASSUMPTION
SE211778,2027_Spring,5,SWT301,3,CURRICULUM_ASSUMPTION
SE211779,2027_Spring,5,BDI302c,3,CURRICULUM_ASSUMPTION
SE211779,2027_Spring,5,DX_COM*1,3,CURRICULUM_ASSUMPTION
SE211779,2027_Spring,5,DXP391,3,CURRICULUM_ASSUMPTION
SE211779,2027_Spring,5,EGA301,3,CURRICULUM_ASSUMPTION
SE211779,2027_Spring,5,SSG105,3,CURRICULUM_ASSUMPTION
SE211779,2027_Spring,5,SWT301,3,CURRICULUM_ASSUMPTION
SE211780,2027_Spring,5,BDI302c,3,CURRICULUM_ASSUMPTION
SE211780,2027_Spring,5,DX_COM*1,3,CURRICULUM_ASSUMPTION
SE211780,2027_Spring,5,DXP391,3,CURRICULUM_ASSUMPTION
SE211780,2027_Spring,5,EGA301,3,CURRICULUM_ASSUMPTION
SE211780,2027_Spring,5,SSG105,3,CURRICULUM_ASSUMPTION
SE211780,2027_Spring,5,SWT301,3,CURRICULUM_ASSUMPTION
SE211781,2027_Spring,5,BDI302c,3,CURRICULUM_ASSUMPTION
SE211781,2027_Spring,5,DX_COM*1,3,CURRICULUM_ASSUMPTION
SE211781,2027_Spring,5,DXP391,3,CURRICULUM_ASSUMPTION
SE211781,2027_Spring,5,EGA301,3,CURRICULUM_ASSUMPTION
SE211781,2027_Spring,5,SSG105,3,CURRICULUM_ASSUMPTION
SE211781,2027_Spring,5,SWT301,3,CURRICULUM_ASSUMPTION
SE211782,2027_Spring,5,BDI302c,3,CURRICULUM_ASSUMPTION
SE211782,2027_Spring,5,DX_COM*1,3,CURRICULUM_ASSUMPTION
SE211782,2027_Spring,5,DXP391,3,CURRICULUM_ASSUMPTION
SE211782,2027_Spring,5,EGA301,3,CURRICULUM_ASSUMPTION
SE211782,2027_Spring,5,SSG105,3,CURRICULUM_ASSUMPTION
SE211782,2027_Spring,5,SWT301,3,CURRICULUM_ASSUMPTION
SE211783,2027_Spring,5,BDI302c,3,CURRICULUM_ASSUMPTION
SE211783,2027_Spring,5,DX_COM*1,3,CURRICULUM_ASSUMPTION
SE211783,2027_Spring,5,DXP391,3,CURRICULUM_ASSUMPTION
SE211783,2027_Spring,5,EGA301,3,CURRICULUM_ASSUMPTION
SE211783,2027_Spring,5,SSG105,3,CURRICULUM_ASSUMPTION
SE211783,2027_Spring,5,SWT301,3,CURRICULUM_ASSUMPTION
SE211784,2027_Spring,5,BDI302c,3,CURRICULUM_ASSUMPTION
SE211784,2027_Spring,5,DX_COM*1,3,CURRICULUM_ASSUMPTION
SE211784,2027_Spring,5,DXP391,3,CURRICULUM_ASSUMPTION
SE211784,2027_Spring,5,EGA301,3,CURRICULUM_ASSUMPTION
SE211784,2027_Spring,5,SSG105,3,CURRICULUM_ASSUMPTION
SE211784,2027_Spring,5,SWT301,3,CURRICULUM_ASSUMPTION
SE211785,2027_Spring,5,BDI302c,3,CURRICULUM_ASSUMPTION
SE211785,2027_Spring,5,DX_COM*1,3,CURRICULUM_ASSUMPTION
SE211785,2027_Spring,5,DXP391,3,CURRICULUM_ASSUMPTION
SE211785,2027_Spring,5,EGA301,3,CURRICULUM_ASSUMPTION
SE211785,2027_Spring,5,SSG105,3,CURRICULUM_ASSUMPTION
SE211785,2027_Spring,5,SWT301,3,CURRICULUM_ASSUMPTION
SE211786,2027_Spring,5,BDI302c,3,CURRICULUM_ASSUMPTION
SE211786,2027_Spring,5,DX_COM*1,3,CURRICULUM_ASSUMPTION
SE211786,2027_Spring,5,DXP391,3,CURRICULUM_ASSUMPTION
SE211786,2027_Spring,5,EGA301,3,CURRICULUM_ASSUMPTION
SE211786,2027_Spring,5,SSG105,3,CURRICULUM_ASSUMPTION
SE211786,2027_Spring,5,SWT301,3,CURRICULUM_ASSUMPTION
SE211787,2027_Spring,5,BDI302c,3,CURRICULUM_ASSUMPTION
SE211787,2027_Spring,5,DX_COM*1,3,CURRICULUM_ASSUMPTION
SE211787,2027_Spring,5,DXP391,3,CURRICULUM_ASSUMPTION
SE211787,2027_Spring,5,EGA301,3,CURRICULUM_ASSUMPTION
SE211787,2027_Spring,5,SSG105,3,CURRICULUM_ASSUMPTION
SE211787,2027_Spring,5,SWT301,3,CURRICULUM_ASSUMPTION
SE211788,2027_Spring,5,BDI302c,3,CURRICULUM_ASSUMPTION
SE211788,2027_Spring,5,DX_COM*1,3,CURRICULUM_ASSUMPTION
SE211788,2027_Spring,5,DXP391,3,CURRICULUM_ASSUMPTION
SE211788,2027_Spring,5,EGA301,3,CURRICULUM_ASSUMPTION
SE211788,2027_Spring,5,SSG105,3,CURRICULUM_ASSUMPTION
SE211788,2027_Spring,5,SWT301,3,CURRICULUM_ASSUMPTION
SE211789,2027_Spring,5,BDI302c,3,CURRICULUM_ASSUMPTION
SE211789,2027_Spring,5,DX_COM*1,3,CURRICULUM_ASSUMPTION
SE211789,2027_Spring,5,DXP391,3,CURRICULUM_ASSUMPTION
SE211789,2027_Spring,5,EGA301,3,CURRICULUM_ASSUMPTION
SE211789,2027_Spring,5,SSG105,3,CURRICULUM_ASSUMPTION
SE211789,2027_Spring,5,SWT301,3,CURRICULUM_ASSUMPTION
SE211790,2027_Spring,5,BDI302c,3,CURRICULUM_ASSUMPTION
SE211790,2027_Spring,5,DX_COM*1,3,CURRICULUM_ASSUMPTION
SE211790,2027_Spring,5,DXP391,3,CURRICULUM_ASSUMPTION
SE211790,2027_Spring,5,EGA301,3,CURRICULUM_ASSUMPTION
SE211790,2027_Spring,5,SSG105,3,CURRICULUM_ASSUMPTION
SE211790,2027_Spring,5,SWT301,3,CURRICULUM_ASSUMPTION
SE211791,2027_Spring,5,BDI302c,3,CURRICULUM_ASSUMPTION
SE211791,2027_Spring,5,DX_COM*1,3,CURRICULUM_ASSUMPTION
SE211791,2027_Spring,5,DXP391,3,CURRICULUM_ASSUMPTION
SE211791,2027_Spring,5,EGA301,3,CURRICULUM_ASSUMPTION
SE211791,2027_Spring,5,SSG105,3,CURRICULUM_ASSUMPTION
SE211791,2027_Spring,5,SWT301,3,CURRICULUM_ASSUMPTION
SE211792,2027_Spring,5,BDI302c,3,CURRICULUM_ASSUMPTION
SE211792,2027_Spring,5,DX_COM*1,3,CURRICULUM_ASSUMPTION
SE211792,2027_Spring,5,DXP391,3,CURRICULUM_ASSUMPTION
SE211792,2027_Spring,5,EGA301,3,CURRICULUM_ASSUMPTION
SE211792,2027_Spring,5,SSG105,3,CURRICULUM_ASSUMPTION
SE211792,2027_Spring,5,SWT301,3,CURRICULUM_ASSUMPTION
SE211793,2027_Spring,5,BDI302c,3,CURRICULUM_ASSUMPTION
SE211793,2027_Spring,5,DX_COM*1,3,CURRICULUM_ASSUMPTION
SE211793,2027_Spring,5,DXP391,3,CURRICULUM_ASSUMPTION
SE211793,2027_Spring,5,EGA301,3,CURRICULUM_ASSUMPTION
SE211793,2027_Spring,5,SSG105,3,CURRICULUM_ASSUMPTION
SE211793,2027_Spring,5,SWT301,3,CURRICULUM_ASSUMPTION
SE211794,2027_Spring,5,BDI302c,3,CURRICULUM_ASSUMPTION
SE211794,2027_Spring,5,DX_COM*1,3,CURRICULUM_ASSUMPTION
SE211794,2027_Spring,5,DXP391,3,CURRICULUM_ASSUMPTION
SE211794,2027_Spring,5,EGA301,3,CURRICULUM_ASSUMPTION
SE211794,2027_Spring,5,SSG105,3,CURRICULUM_ASSUMPTION
SE211794,2027_Spring,5,SWT301,3,CURRICULUM_ASSUMPTION
SE211795,2027_Spring,5,BDI302c,3,CURRICULUM_ASSUMPTION
SE211795,2027_Spring,5,DX_COM*1,3,CURRICULUM_ASSUMPTION
SE211795,2027_Spring,5,DXP391,3,CURRICULUM_ASSUMPTION
SE211795,2027_Spring,5,EGA301,3,CURRICULUM_ASSUMPTION
SE211795,2027_Spring,5,SSG105,3,CURRICULUM_ASSUMPTION
SE211795,2027_Spring,5,SWT301,3,CURRICULUM_ASSUMPTION
SE211796,2027_Spring,5,BDI302c,3,CURRICULUM_ASSUMPTION
SE211796,2027_Spring,5,DX_COM*1,3,CURRICULUM_ASSUMPTION
SE211796,2027_Spring,5,DXP391,3,CURRICULUM_ASSUMPTION
SE211796,2027_Spring,5,EGA301,3,CURRICULUM_ASSUMPTION
SE211796,2027_Spring,5,SSG105,3,CURRICULUM_ASSUMPTION
SE211796,2027_Spring,5,SWT301,3,CURRICULUM_ASSUMPTION
SE211797,2027_Spring,5,BDI302c,3,CURRICULUM_ASSUMPTION
SE211797,2027_Spring,5,DX_COM*1,3,CURRICULUM_ASSUMPTION
SE211797,2027_Spring,5,DXP391,3,CURRICULUM_ASSUMPTION
SE211797,2027_Spring,5,EGA301,3,CURRICULUM_ASSUMPTION
SE211797,2027_Spring,5,SSG105,3,CURRICULUM_ASSUMPTION
SE211797,2027_Spring,5,SWT301,3,CURRICULUM_ASSUMPTION
SE211798,2027_Spring,5,BDI302c,3,CURRICULUM_ASSUMPTION
SE211798,2027_Spring,5,DX_COM*1,3,CURRICULUM_ASSUMPTION
SE211798,2027_Spring,5,DXP391,3,CURRICULUM_ASSUMPTION
SE211798,2027_Spring,5,EGA301,3,CURRICULUM_ASSUMPTION
SE211798,2027_Spring,5,SSG105,3,CURRICULUM_ASSUMPTION
SE211798,2027_Spring,5,SWT301,3,CURRICULUM_ASSUMPTION
SE211799,2027_Spring,5,BDI302c,3,CURRICULUM_ASSUMPTION
SE211799,2027_Spring,5,DX_COM*1,3,CURRICULUM_ASSUMPTION
SE211799,2027_Spring,5,DXP391,3,CURRICULUM_ASSUMPTION
SE211799,2027_Spring,5,EGA301,3,CURRICULUM_ASSUMPTION
SE211799,2027_Spring,5,SSG105,3,CURRICULUM_ASSUMPTION
SE211799,2027_Spring,5,SWT301,3,CURRICULUM_ASSUMPTION
SE211800,2027_Spring,5,BDI302c,3,CURRICULUM_ASSUMPTION
SE211800,2027_Spring,5,DX_COM*1,3,CURRICULUM_ASSUMPTION
SE211800,2027_Spring,5,DXP391,3,CURRICULUM_ASSUMPTION
SE211800,2027_Spring,5,EGA301,3,CURRICULUM_ASSUMPTION
SE211800,2027_Spring,5,SSG105,3,CURRICULUM_ASSUMPTION
SE211800,2027_Spring,5,SWT301,3,CURRICULUM_ASSUMPTION
SE211801,2027_Spring,5,BDI302c,3,CURRICULUM_ASSUMPTION
SE211801,2027_Spring,5,DX_COM*1,3,CURRICULUM_ASSUMPTION
SE211801,2027_Spring,5,DXP391,3,CURRICULUM_ASSUMPTION
SE211801,2027_Spring,5,EGA301,3,CURRICULUM_ASSUMPTION
SE211801,2027_Spring,5,SSG105,3,CURRICULUM_ASSUMPTION
SE211801,2027_Spring,5,SWT301,3,CURRICULUM_ASSUMPTION
SE211802,2027_Spring,5,BDI302c,3,CURRICULUM_ASSUMPTION
SE211802,2027_Spring,5,DX_COM*1,3,CURRICULUM_ASSUMPTION
SE211802,2027_Spring,5,DXP391,3,CURRICULUM_ASSUMPTION
SE211802,2027_Spring,5,EGA301,3,CURRICULUM_ASSUMPTION
SE211802,2027_Spring,5,SSG105,3,CURRICULUM_ASSUMPTION
SE211802,2027_Spring,5,SWT301,3,CURRICULUM_ASSUMPTION
SE211803,2027_Spring,5,BDI302c,3,CURRICULUM_ASSUMPTION
SE211803,2027_Spring,5,DX_COM*1,3,CURRICULUM_ASSUMPTION
SE211803,2027_Spring,5,DXP391,3,CURRICULUM_ASSUMPTION
SE211803,2027_Spring,5,EGA301,3,CURRICULUM_ASSUMPTION
SE211803,2027_Spring,5,SSG105,3,CURRICULUM_ASSUMPTION
SE211803,2027_Spring,5,SWT301,3,CURRICULUM_ASSUMPTION
SE211804,2027_Spring,5,BDI302c,3,CURRICULUM_ASSUMPTION
SE211804,2027_Spring,5,DX_COM*1,3,CURRICULUM_ASSUMPTION
SE211804,2027_Spring,5,DXP391,3,CURRICULUM_ASSUMPTION
SE211804,2027_Spring,5,EGA301,3,CURRICULUM_ASSUMPTION
SE211804,2027_Spring,5,SSG105,3,CURRICULUM_ASSUMPTION
SE211804,2027_Spring,5,SWT301,3,CURRICULUM_ASSUMPTION
SE211805,2027_Spring,5,BDI302c,3,CURRICULUM_ASSUMPTION
SE211805,2027_Spring,5,DX_COM*1,3,CURRICULUM_ASSUMPTION
SE211805,2027_Spring,5,DXP391,3,CURRICULUM_ASSUMPTION
SE211805,2027_Spring,5,EGA301,3,CURRICULUM_ASSUMPTION
SE211805,2027_Spring,5,SSG105,3,CURRICULUM_ASSUMPTION
SE211805,2027_Spring,5,SWT301,3,CURRICULUM_ASSUMPTION
SE211806,2027_Spring,5,BDI302c,3,CURRICULUM_ASSUMPTION
SE211806,2027_Spring,5,DX_COM*1,3,CURRICULUM_ASSUMPTION
SE211806,2027_Spring,5,DXP391,3,CURRICULUM_ASSUMPTION
SE211806,2027_Spring,5,EGA301,3,CURRICULUM_ASSUMPTION
SE211806,2027_Spring,5,SSG105,3,CURRICULUM_ASSUMPTION
SE211806,2027_Spring,5,SWT301,3,CURRICULUM_ASSUMPTION
SE211807,2027_Spring,5,BDI302c,3,CURRICULUM_ASSUMPTION
SE211807,2027_Spring,5,DX_COM*1,3,CURRICULUM_ASSUMPTION
SE211807,2027_Spring,5,DXP391,3,CURRICULUM_ASSUMPTION
SE211807,2027_Spring,5,EGA301,3,CURRICULUM_ASSUMPTION
SE211807,2027_Spring,5,SSG105,3,CURRICULUM_ASSUMPTION
SE211807,2027_Spring,5,SWT301,3,CURRICULUM_ASSUMPTION
SE211808,2027_Spring,5,BDI302c,3,CURRICULUM_ASSUMPTION
SE211808,2027_Spring,5,DX_COM*1,3,CURRICULUM_ASSUMPTION
SE211808,2027_Spring,5,DXP391,3,CURRICULUM_ASSUMPTION
SE211808,2027_Spring,5,EGA301,3,CURRICULUM_ASSUMPTION
SE211808,2027_Spring,5,SSG105,3,CURRICULUM_ASSUMPTION
SE211808,2027_Spring,5,SWT301,3,CURRICULUM_ASSUMPTION
SE211809,2027_Spring,5,BDI302c,3,CURRICULUM_ASSUMPTION
SE211809,2027_Spring,5,DX_COM*1,3,CURRICULUM_ASSUMPTION
SE211809,2027_Spring,5,DXP391,3,CURRICULUM_ASSUMPTION
SE211809,2027_Spring,5,EGA301,3,CURRICULUM_ASSUMPTION
SE211809,2027_Spring,5,SSG105,3,CURRICULUM_ASSUMPTION
SE211809,2027_Spring,5,SWT301,3,CURRICULUM_ASSUMPTION
SE211810,2027_Spring,5,BDI302c,3,CURRICULUM_ASSUMPTION
SE211810,2027_Spring,5,DX_COM*1,3,CURRICULUM_ASSUMPTION
SE211810,2027_Spring,5,DXP391,3,CURRICULUM_ASSUMPTION
SE211810,2027_Spring,5,EGA301,3,CURRICULUM_ASSUMPTION
SE211810,2027_Spring,5,SSG105,3,CURRICULUM_ASSUMPTION
SE211810,2027_Spring,5,SWT301,3,CURRICULUM_ASSUMPTION
SE211811,2027_Spring,5,BDI302c,3,CURRICULUM_ASSUMPTION
SE211811,2027_Spring,5,DX_COM*1,3,CURRICULUM_ASSUMPTION
SE211811,2027_Spring,5,DXP391,3,CURRICULUM_ASSUMPTION
SE211811,2027_Spring,5,EGA301,3,CURRICULUM_ASSUMPTION
SE211811,2027_Spring,5,SSG105,3,CURRICULUM_ASSUMPTION
SE211811,2027_Spring,5,SWT301,3,CURRICULUM_ASSUMPTION
SE211812,2027_Spring,5,BDI302c,3,CURRICULUM_ASSUMPTION
SE211812,2027_Spring,5,DX_COM*1,3,CURRICULUM_ASSUMPTION
SE211812,2027_Spring,5,DXP391,3,CURRICULUM_ASSUMPTION
SE211812,2027_Spring,5,EGA301,3,CURRICULUM_ASSUMPTION
SE211812,2027_Spring,5,SSG105,3,CURRICULUM_ASSUMPTION
SE211812,2027_Spring,5,SWT301,3,CURRICULUM_ASSUMPTION
SE211813,2027_Spring,5,BDI302c,3,CURRICULUM_ASSUMPTION
SE211813,2027_Spring,5,DX_COM*1,3,CURRICULUM_ASSUMPTION
SE211813,2027_Spring,5,DXP391,3,CURRICULUM_ASSUMPTION
SE211813,2027_Spring,5,EGA301,3,CURRICULUM_ASSUMPTION
SE211813,2027_Spring,5,SSG105,3,CURRICULUM_ASSUMPTION
SE211813,2027_Spring,5,SWT301,3,CURRICULUM_ASSUMPTION
SE211814,2027_Spring,5,BDI302c,3,CURRICULUM_ASSUMPTION
SE211814,2027_Spring,5,DX_COM*1,3,CURRICULUM_ASSUMPTION
SE211814,2027_Spring,5,DXP391,3,CURRICULUM_ASSUMPTION
SE211814,2027_Spring,5,EGA301,3,CURRICULUM_ASSUMPTION
SE211814,2027_Spring,5,SSG105,3,CURRICULUM_ASSUMPTION
SE211814,2027_Spring,5,SWT301,3,CURRICULUM_ASSUMPTION
SE211815,2027_Spring,5,BDI302c,3,CURRICULUM_ASSUMPTION
SE211815,2027_Spring,5,DX_COM*1,3,CURRICULUM_ASSUMPTION
SE211815,2027_Spring,5,DXP391,3,CURRICULUM_ASSUMPTION
SE211815,2027_Spring,5,EGA301,3,CURRICULUM_ASSUMPTION
SE211815,2027_Spring,5,SSG105,3,CURRICULUM_ASSUMPTION
SE211815,2027_Spring,5,SWT301,3,CURRICULUM_ASSUMPTION
SE211816,2027_Spring,5,BDI302c,3,CURRICULUM_ASSUMPTION
SE211816,2027_Spring,5,DX_COM*1,3,CURRICULUM_ASSUMPTION
SE211816,2027_Spring,5,DXP391,3,CURRICULUM_ASSUMPTION
SE211816,2027_Spring,5,EGA301,3,CURRICULUM_ASSUMPTION
SE211816,2027_Spring,5,SSG105,3,CURRICULUM_ASSUMPTION
SE211816,2027_Spring,5,SWT301,3,CURRICULUM_ASSUMPTION
SE211817,2027_Spring,5,BDI302c,3,CURRICULUM_ASSUMPTION
SE211817,2027_Spring,5,DX_COM*1,3,CURRICULUM_ASSUMPTION
SE211817,2027_Spring,5,DXP391,3,CURRICULUM_ASSUMPTION
SE211817,2027_Spring,5,EGA301,3,CURRICULUM_ASSUMPTION
SE211817,2027_Spring,5,SSG105,3,CURRICULUM_ASSUMPTION
SE211817,2027_Spring,5,SWT301,3,CURRICULUM_ASSUMPTION
SE211818,2027_Spring,5,BDI302c,3,CURRICULUM_ASSUMPTION
SE211818,2027_Spring,5,DX_COM*1,3,CURRICULUM_ASSUMPTION
SE211818,2027_Spring,5,DXP391,3,CURRICULUM_ASSUMPTION
SE211818,2027_Spring,5,EGA301,3,CURRICULUM_ASSUMPTION
SE211818,2027_Spring,5,SSG105,3,CURRICULUM_ASSUMPTION
SE211818,2027_Spring,5,SWT301,3,CURRICULUM_ASSUMPTION
SE211819,2027_Spring,5,BDI302c,3,CURRICULUM_ASSUMPTION
SE211819,2027_Spring,5,DX_COM*1,3,CURRICULUM_ASSUMPTION
SE211819,2027_Spring,5,DXP391,3,CURRICULUM_ASSUMPTION
SE211819,2027_Spring,5,EGA301,3,CURRICULUM_ASSUMPTION
SE211819,2027_Spring,5,SSG105,3,CURRICULUM_ASSUMPTION
SE211819,2027_Spring,5,SWT301,3,CURRICULUM_ASSUMPTION
SE211820,2027_Spring,5,BDI302c,3,CURRICULUM_ASSUMPTION
SE211820,2027_Spring,5,DX_COM*1,3,CURRICULUM_ASSUMPTION
SE211820,2027_Spring,5,DXP391,3,CURRICULUM_ASSUMPTION
SE211820,2027_Spring,5,EGA301,3,CURRICULUM_ASSUMPTION
SE211820,2027_Spring,5,SSG105,3,CURRICULUM_ASSUMPTION
SE211820,2027_Spring,5,SWT301,3,CURRICULUM_ASSUMPTION
SE211821,2027_Spring,5,BDI302c,3,CURRICULUM_ASSUMPTION
SE211821,2027_Spring,5,DX_COM*1,3,CURRICULUM_ASSUMPTION
SE211821,2027_Spring,5,DXP391,3,CURRICULUM_ASSUMPTION
SE211821,2027_Spring,5,EGA301,3,CURRICULUM_ASSUMPTION
SE211821,2027_Spring,5,SSG105,3,CURRICULUM_ASSUMPTION
SE211821,2027_Spring,5,SWT301,3,CURRICULUM_ASSUMPTION
SE211822,2027_Spring,5,BDI302c,3,CURRICULUM_ASSUMPTION
SE211822,2027_Spring,5,DX_COM*1,3,CURRICULUM_ASSUMPTION
SE211822,2027_Spring,5,DXP391,3,CURRICULUM_ASSUMPTION
SE211822,2027_Spring,5,EGA301,3,CURRICULUM_ASSUMPTION
SE211822,2027_Spring,5,SSG105,3,CURRICULUM_ASSUMPTION
SE211822,2027_Spring,5,SWT301,3,CURRICULUM_ASSUMPTION
SE211823,2027_Spring,5,BDI302c,3,CURRICULUM_ASSUMPTION
SE211823,2027_Spring,5,DX_COM*1,3,CURRICULUM_ASSUMPTION
SE211823,2027_Spring,5,DXP391,3,CURRICULUM_ASSUMPTION
SE211823,2027_Spring,5,EGA301,3,CURRICULUM_ASSUMPTION
SE211823,2027_Spring,5,SSG105,3,CURRICULUM_ASSUMPTION
SE211823,2027_Spring,5,SWT301,3,CURRICULUM_ASSUMPTION
SE211824,2027_Spring,5,BDI302c,3,CURRICULUM_ASSUMPTION
SE211824,2027_Spring,5,DX_COM*1,3,CURRICULUM_ASSUMPTION
SE211824,2027_Spring,5,DXP391,3,CURRICULUM_ASSUMPTION
SE211824,2027_Spring,5,EGA301,3,CURRICULUM_ASSUMPTION
SE211824,2027_Spring,5,SSG105,3,CURRICULUM_ASSUMPTION
SE211824,2027_Spring,5,SWT301,3,CURRICULUM_ASSUMPTION
SE211825,2027_Spring,5,BDI302c,3,CURRICULUM_ASSUMPTION
SE211825,2027_Spring,5,DX_COM*1,3,CURRICULUM_ASSUMPTION
SE211825,2027_Spring,5,DXP391,3,CURRICULUM_ASSUMPTION
SE211825,2027_Spring,5,EGA301,3,CURRICULUM_ASSUMPTION
SE211825,2027_Spring,5,SSG105,3,CURRICULUM_ASSUMPTION
SE211825,2027_Spring,5,SWT301,3,CURRICULUM_ASSUMPTION
SE211826,2027_Spring,5,BDI302c,3,CURRICULUM_ASSUMPTION
SE211826,2027_Spring,5,DX_COM*1,3,CURRICULUM_ASSUMPTION
SE211826,2027_Spring,5,DXP391,3,CURRICULUM_ASSUMPTION
SE211826,2027_Spring,5,EGA301,3,CURRICULUM_ASSUMPTION
SE211826,2027_Spring,5,SSG105,3,CURRICULUM_ASSUMPTION
SE211826,2027_Spring,5,SWT301,3,CURRICULUM_ASSUMPTION
SE211827,2027_Spring,5,BDI302c,3,CURRICULUM_ASSUMPTION
SE211827,2027_Spring,5,DX_COM*1,3,CURRICULUM_ASSUMPTION
SE211827,2027_Spring,5,DXP391,3,CURRICULUM_ASSUMPTION
SE211827,2027_Spring,5,EGA301,3,CURRICULUM_ASSUMPTION
SE211827,2027_Spring,5,SSG105,3,CURRICULUM_ASSUMPTION
SE211827,2027_Spring,5,SWT301,3,CURRICULUM_ASSUMPTION
SE211828,2027_Spring,5,BDI302c,3,CURRICULUM_ASSUMPTION
SE211828,2027_Spring,5,DX_COM*1,3,CURRICULUM_ASSUMPTION
SE211828,2027_Spring,5,DXP391,3,CURRICULUM_ASSUMPTION
SE211828,2027_Spring,5,EGA301,3,CURRICULUM_ASSUMPTION
SE211828,2027_Spring,5,SSG105,3,CURRICULUM_ASSUMPTION
SE211828,2027_Spring,5,SWT301,3,CURRICULUM_ASSUMPTION
SE211829,2027_Spring,5,BDI302c,3,CURRICULUM_ASSUMPTION
SE211829,2027_Spring,5,DX_COM*1,3,CURRICULUM_ASSUMPTION
SE211829,2027_Spring,5,DXP391,3,CURRICULUM_ASSUMPTION
SE211829,2027_Spring,5,EGA301,3,CURRICULUM_ASSUMPTION
SE211829,2027_Spring,5,SSG105,3,CURRICULUM_ASSUMPTION
SE211829,2027_Spring,5,SWT301,3,CURRICULUM_ASSUMPTION
SE211830,2027_Spring,5,BDI302c,3,CURRICULUM_ASSUMPTION
SE211830,2027_Spring,5,DX_COM*1,3,CURRICULUM_ASSUMPTION
SE211830,2027_Spring,5,DXP391,3,CURRICULUM_ASSUMPTION
SE211830,2027_Spring,5,EGA301,3,CURRICULUM_ASSUMPTION
SE211830,2027_Spring,5,SSG105,3,CURRICULUM_ASSUMPTION
SE211830,2027_Spring,5,SWT301,3,CURRICULUM_ASSUMPTION
SE211831,2027_Spring,5,BDI302c,3,CURRICULUM_ASSUMPTION
SE211831,2027_Spring,5,DX_COM*1,3,CURRICULUM_ASSUMPTION
SE211831,2027_Spring,5,DXP391,3,CURRICULUM_ASSUMPTION
SE211831,2027_Spring,5,EGA301,3,CURRICULUM_ASSUMPTION
SE211831,2027_Spring,5,SSG105,3,CURRICULUM_ASSUMPTION
SE211831,2027_Spring,5,SWT301,3,CURRICULUM_ASSUMPTION
SE211832,2027_Spring,5,BDI302c,3,CURRICULUM_ASSUMPTION
SE211832,2027_Spring,5,DX_COM*1,3,CURRICULUM_ASSUMPTION
SE211832,2027_Spring,5,DXP391,3,CURRICULUM_ASSUMPTION
SE211832,2027_Spring,5,EGA301,3,CURRICULUM_ASSUMPTION
SE211832,2027_Spring,5,SSG105,3,CURRICULUM_ASSUMPTION
SE211832,2027_Spring,5,SWT301,3,CURRICULUM_ASSUMPTION
SE211833,2027_Spring,5,BDI302c,3,CURRICULUM_ASSUMPTION
SE211833,2027_Spring,5,DX_COM*1,3,CURRICULUM_ASSUMPTION
SE211833,2027_Spring,5,DXP391,3,CURRICULUM_ASSUMPTION
SE211833,2027_Spring,5,EGA301,3,CURRICULUM_ASSUMPTION
SE211833,2027_Spring,5,SSG105,3,CURRICULUM_ASSUMPTION
SE211833,2027_Spring,5,SWT301,3,CURRICULUM_ASSUMPTION
SE211834,2027_Spring,5,BDI302c,3,CURRICULUM_ASSUMPTION
SE211834,2027_Spring,5,DX_COM*1,3,CURRICULUM_ASSUMPTION
SE211834,2027_Spring,5,DXP391,3,CURRICULUM_ASSUMPTION
SE211834,2027_Spring,5,EGA301,3,CURRICULUM_ASSUMPTION
SE211834,2027_Spring,5,SSG105,3,CURRICULUM_ASSUMPTION
SE211834,2027_Spring,5,SWT301,3,CURRICULUM_ASSUMPTION
SE211835,2027_Spring,5,BDI302c,3,CURRICULUM_ASSUMPTION
SE211835,2027_Spring,5,DX_COM*1,3,CURRICULUM_ASSUMPTION
SE211835,2027_Spring,5,DXP391,3,CURRICULUM_ASSUMPTION
SE211835,2027_Spring,5,EGA301,3,CURRICULUM_ASSUMPTION
SE211835,2027_Spring,5,SSG105,3,CURRICULUM_ASSUMPTION
SE211835,2027_Spring,5,SWT301,3,CURRICULUM_ASSUMPTION
SE211836,2027_Spring,5,BDI302c,3,CURRICULUM_ASSUMPTION
SE211836,2027_Spring,5,DX_COM*1,3,CURRICULUM_ASSUMPTION
SE211836,2027_Spring,5,DXP391,3,CURRICULUM_ASSUMPTION
SE211836,2027_Spring,5,EGA301,3,CURRICULUM_ASSUMPTION
SE211836,2027_Spring,5,SSG105,3,CURRICULUM_ASSUMPTION
SE211836,2027_Spring,5,SWT301,3,CURRICULUM_ASSUMPTION
SE211837,2027_Spring,5,BDI302c,3,CURRICULUM_ASSUMPTION
SE211837,2027_Spring,5,DX_COM*1,3,CURRICULUM_ASSUMPTION
SE211837,2027_Spring,5,DXP391,3,CURRICULUM_ASSUMPTION
SE211837,2027_Spring,5,EGA301,3,CURRICULUM_ASSUMPTION
SE211837,2027_Spring,5,SSG105,3,CURRICULUM_ASSUMPTION
SE211837,2027_Spring,5,SWT301,3,CURRICULUM_ASSUMPTION
SE211838,2027_Spring,5,BDI302c,3,CURRICULUM_ASSUMPTION
SE211838,2027_Spring,5,DX_COM*1,3,CURRICULUM_ASSUMPTION
SE211838,2027_Spring,5,DXP391,3,CURRICULUM_ASSUMPTION
SE211838,2027_Spring,5,EGA301,3,CURRICULUM_ASSUMPTION
SE211838,2027_Spring,5,SSG105,3,CURRICULUM_ASSUMPTION
SE211838,2027_Spring,5,SWT301,3,CURRICULUM_ASSUMPTION
SE211839,2027_Spring,5,BDI302c,3,CURRICULUM_ASSUMPTION
SE211839,2027_Spring,5,DX_COM*1,3,CURRICULUM_ASSUMPTION
SE211839,2027_Spring,5,DXP391,3,CURRICULUM_ASSUMPTION
SE211839,2027_Spring,5,EGA301,3,CURRICULUM_ASSUMPTION
SE211839,2027_Spring,5,SSG105,3,CURRICULUM_ASSUMPTION
SE211839,2027_Spring,5,SWT301,3,CURRICULUM_ASSUMPTION
SE211840,2027_Spring,5,BDI302c,3,CURRICULUM_ASSUMPTION
SE211840,2027_Spring,5,DX_COM*1,3,CURRICULUM_ASSUMPTION
SE211840,2027_Spring,5,DXP391,3,CURRICULUM_ASSUMPTION
SE211840,2027_Spring,5,EGA301,3,CURRICULUM_ASSUMPTION
SE211840,2027_Spring,5,SSG105,3,CURRICULUM_ASSUMPTION
SE211840,2027_Spring,5,SWT301,3,CURRICULUM_ASSUMPTION
SE211841,2027_Spring,5,BDI302c,3,CURRICULUM_ASSUMPTION
SE211841,2027_Spring,5,DX_COM*1,3,CURRICULUM_ASSUMPTION
SE211841,2027_Spring,5,DXP391,3,CURRICULUM_ASSUMPTION
SE211841,2027_Spring,5,EGA301,3,CURRICULUM_ASSUMPTION
SE211841,2027_Spring,5,SSG105,3,CURRICULUM_ASSUMPTION
SE211841,2027_Spring,5,SWT301,3,CURRICULUM_ASSUMPTION
SE211842,2027_Spring,5,BDI302c,3,CURRICULUM_ASSUMPTION
SE211842,2027_Spring,5,DX_COM*1,3,CURRICULUM_ASSUMPTION
SE211842,2027_Spring,5,DXP391,3,CURRICULUM_ASSUMPTION
SE211842,2027_Spring,5,EGA301,3,CURRICULUM_ASSUMPTION
SE211842,2027_Spring,5,SSG105,3,CURRICULUM_ASSUMPTION
SE211842,2027_Spring,5,SWT301,3,CURRICULUM_ASSUMPTION
SE211843,2027_Spring,5,BDI302c,3,CURRICULUM_ASSUMPTION
SE211843,2027_Spring,5,DX_COM*1,3,CURRICULUM_ASSUMPTION
SE211843,2027_Spring,5,DXP391,3,CURRICULUM_ASSUMPTION
SE211843,2027_Spring,5,EGA301,3,CURRICULUM_ASSUMPTION
SE211843,2027_Spring,5,SSG105,3,CURRICULUM_ASSUMPTION
SE211843,2027_Spring,5,SWT301,3,CURRICULUM_ASSUMPTION
SE211844,2027_Spring,5,BDI302c,3,CURRICULUM_ASSUMPTION
SE211844,2027_Spring,5,DX_COM*1,3,CURRICULUM_ASSUMPTION
SE211844,2027_Spring,5,DXP391,3,CURRICULUM_ASSUMPTION
SE211844,2027_Spring,5,EGA301,3,CURRICULUM_ASSUMPTION
SE211844,2027_Spring,5,SSG105,3,CURRICULUM_ASSUMPTION
SE211844,2027_Spring,5,SWT301,3,CURRICULUM_ASSUMPTION
SE211845,2027_Spring,5,BDI302c,3,CURRICULUM_ASSUMPTION
SE211845,2027_Spring,5,DX_COM*1,3,CURRICULUM_ASSUMPTION
SE211845,2027_Spring,5,DXP391,3,CURRICULUM_ASSUMPTION
SE211845,2027_Spring,5,EGA301,3,CURRICULUM_ASSUMPTION
SE211845,2027_Spring,5,SSG105,3,CURRICULUM_ASSUMPTION
SE211845,2027_Spring,5,SWT301,3,CURRICULUM_ASSUMPTION
SE211846,2027_Spring,5,BDI302c,3,CURRICULUM_ASSUMPTION
SE211846,2027_Spring,5,DX_COM*1,3,CURRICULUM_ASSUMPTION
SE211846,2027_Spring,5,DXP391,3,CURRICULUM_ASSUMPTION
SE211846,2027_Spring,5,EGA301,3,CURRICULUM_ASSUMPTION
SE211846,2027_Spring,5,SSG105,3,CURRICULUM_ASSUMPTION
SE211846,2027_Spring,5,SWT301,3,CURRICULUM_ASSUMPTION
SE211847,2027_Spring,5,BDI302c,3,CURRICULUM_ASSUMPTION
SE211847,2027_Spring,5,DX_COM*1,3,CURRICULUM_ASSUMPTION
SE211847,2027_Spring,5,DXP391,3,CURRICULUM_ASSUMPTION
SE211847,2027_Spring,5,EGA301,3,CURRICULUM_ASSUMPTION
SE211847,2027_Spring,5,SSG105,3,CURRICULUM_ASSUMPTION
SE211847,2027_Spring,5,SWT301,3,CURRICULUM_ASSUMPTION
SE211848,2027_Spring,5,BDI302c,3,CURRICULUM_ASSUMPTION
SE211848,2027_Spring,5,DX_COM*1,3,CURRICULUM_ASSUMPTION
SE211848,2027_Spring,5,DXP391,3,CURRICULUM_ASSUMPTION
SE211848,2027_Spring,5,EGA301,3,CURRICULUM_ASSUMPTION
SE211848,2027_Spring,5,SSG105,3,CURRICULUM_ASSUMPTION
SE211848,2027_Spring,5,SWT301,3,CURRICULUM_ASSUMPTION
SE211849,2027_Spring,5,BDI302c,3,CURRICULUM_ASSUMPTION
SE211849,2027_Spring,5,DX_COM*1,3,CURRICULUM_ASSUMPTION
SE211849,2027_Spring,5,DXP391,3,CURRICULUM_ASSUMPTION
SE211849,2027_Spring,5,EGA301,3,CURRICULUM_ASSUMPTION
SE211849,2027_Spring,5,SSG105,3,CURRICULUM_ASSUMPTION
SE211849,2027_Spring,5,SWT301,3,CURRICULUM_ASSUMPTION
SE211850,2027_Spring,5,BDI302c,3,CURRICULUM_ASSUMPTION
SE211850,2027_Spring,5,DX_COM*1,3,CURRICULUM_ASSUMPTION
SE211850,2027_Spring,5,DXP391,3,CURRICULUM_ASSUMPTION
SE211850,2027_Spring,5,EGA301,3,CURRICULUM_ASSUMPTION
SE211850,2027_Spring,5,SSG105,3,CURRICULUM_ASSUMPTION
SE211850,2027_Spring,5,SWT301,3,CURRICULUM_ASSUMPTION
SE211851,2027_Spring,5,BDI302c,3,CURRICULUM_ASSUMPTION
SE211851,2027_Spring,5,DX_COM*1,3,CURRICULUM_ASSUMPTION
SE211851,2027_Spring,5,DXP391,3,CURRICULUM_ASSUMPTION
SE211851,2027_Spring,5,EGA301,3,CURRICULUM_ASSUMPTION
SE211851,2027_Spring,5,SSG105,3,CURRICULUM_ASSUMPTION
SE211851,2027_Spring,5,SWT301,3,CURRICULUM_ASSUMPTION
SE211852,2027_Spring,5,BDI302c,3,CURRICULUM_ASSUMPTION
SE211852,2027_Spring,5,DX_COM*1,3,CURRICULUM_ASSUMPTION
SE211852,2027_Spring,5,DXP391,3,CURRICULUM_ASSUMPTION
SE211852,2027_Spring,5,EGA301,3,CURRICULUM_ASSUMPTION
SE211852,2027_Spring,5,SSG105,3,CURRICULUM_ASSUMPTION
SE211852,2027_Spring,5,SWT301,3,CURRICULUM_ASSUMPTION
SE211853,2027_Spring,5,BDI302c,3,CURRICULUM_ASSUMPTION
SE211853,2027_Spring,5,DX_COM*1,3,CURRICULUM_ASSUMPTION
SE211853,2027_Spring,5,DXP391,3,CURRICULUM_ASSUMPTION
SE211853,2027_Spring,5,EGA301,3,CURRICULUM_ASSUMPTION
SE211853,2027_Spring,5,SSG105,3,CURRICULUM_ASSUMPTION
SE211853,2027_Spring,5,SWT301,3,CURRICULUM_ASSUMPTION
SE211854,2027_Spring,5,BDI302c,3,CURRICULUM_ASSUMPTION
SE211854,2027_Spring,5,DX_COM*1,3,CURRICULUM_ASSUMPTION
SE211854,2027_Spring,5,DXP391,3,CURRICULUM_ASSUMPTION
SE211854,2027_Spring,5,EGA301,3,CURRICULUM_ASSUMPTION
SE211854,2027_Spring,5,SSG105,3,CURRICULUM_ASSUMPTION
SE211854,2027_Spring,5,SWT301,3,CURRICULUM_ASSUMPTION
SE211855,2027_Spring,5,BDI302c,3,CURRICULUM_ASSUMPTION
SE211855,2027_Spring,5,DX_COM*1,3,CURRICULUM_ASSUMPTION
SE211855,2027_Spring,5,DXP391,3,CURRICULUM_ASSUMPTION
SE211855,2027_Spring,5,EGA301,3,CURRICULUM_ASSUMPTION
SE211855,2027_Spring,5,SSG105,3,CURRICULUM_ASSUMPTION
SE211855,2027_Spring,5,SWT301,3,CURRICULUM_ASSUMPTION
SE211856,2027_Spring,5,BDI302c,3,CURRICULUM_ASSUMPTION
SE211856,2027_Spring,5,DX_COM*1,3,CURRICULUM_ASSUMPTION
SE211856,2027_Spring,5,DXP391,3,CURRICULUM_ASSUMPTION
SE211856,2027_Spring,5,EGA301,3,CURRICULUM_ASSUMPTION
SE211856,2027_Spring,5,SSG105,3,CURRICULUM_ASSUMPTION
SE211856,2027_Spring,5,SWT301,3,CURRICULUM_ASSUMPTION
SE211857,2027_Spring,5,BDI302c,3,CURRICULUM_ASSUMPTION
SE211857,2027_Spring,5,DX_COM*1,3,CURRICULUM_ASSUMPTION
SE211857,2027_Spring,5,DXP391,3,CURRICULUM_ASSUMPTION
SE211857,2027_Spring,5,EGA301,3,CURRICULUM_ASSUMPTION
SE211857,2027_Spring,5,SSG105,3,CURRICULUM_ASSUMPTION
SE211857,2027_Spring,5,SWT301,3,CURRICULUM_ASSUMPTION
SE211858,2027_Spring,5,BDI302c,3,CURRICULUM_ASSUMPTION
SE211858,2027_Spring,5,DX_COM*1,3,CURRICULUM_ASSUMPTION
SE211858,2027_Spring,5,DXP391,3,CURRICULUM_ASSUMPTION
SE211858,2027_Spring,5,EGA301,3,CURRICULUM_ASSUMPTION
SE211858,2027_Spring,5,SSG105,3,CURRICULUM_ASSUMPTION
SE211858,2027_Spring,5,SWT301,3,CURRICULUM_ASSUMPTION
SE211859,2027_Spring,5,BDI302c,3,CURRICULUM_ASSUMPTION
SE211859,2027_Spring,5,DX_COM*1,3,CURRICULUM_ASSUMPTION
SE211859,2027_Spring,5,DXP391,3,CURRICULUM_ASSUMPTION
SE211859,2027_Spring,5,EGA301,3,CURRICULUM_ASSUMPTION
SE211859,2027_Spring,5,SSG105,3,CURRICULUM_ASSUMPTION
SE211859,2027_Spring,5,SWT301,3,CURRICULUM_ASSUMPTION
SE211860,2027_Spring,5,BDI302c,3,CURRICULUM_ASSUMPTION
SE211860,2027_Spring,5,DX_COM*1,3,CURRICULUM_ASSUMPTION
SE211860,2027_Spring,5,DXP391,3,CURRICULUM_ASSUMPTION
SE211860,2027_Spring,5,EGA301,3,CURRICULUM_ASSUMPTION
SE211860,2027_Spring,5,SSG105,3,CURRICULUM_ASSUMPTION
SE211860,2027_Spring,5,SWT301,3,CURRICULUM_ASSUMPTION
SE211861,2027_Spring,5,BDI302c,3,CURRICULUM_ASSUMPTION
SE211861,2027_Spring,5,DX_COM*1,3,CURRICULUM_ASSUMPTION
SE211861,2027_Spring,5,DXP391,3,CURRICULUM_ASSUMPTION
SE211861,2027_Spring,5,EGA301,3,CURRICULUM_ASSUMPTION
SE211861,2027_Spring,5,SSG105,3,CURRICULUM_ASSUMPTION
SE211861,2027_Spring,5,SWT301,3,CURRICULUM_ASSUMPTION
SE211862,2027_Spring,5,BDI302c,3,CURRICULUM_ASSUMPTION
SE211862,2027_Spring,5,DX_COM*1,3,CURRICULUM_ASSUMPTION
SE211862,2027_Spring,5,DXP391,3,CURRICULUM_ASSUMPTION
SE211862,2027_Spring,5,EGA301,3,CURRICULUM_ASSUMPTION
SE211862,2027_Spring,5,SSG105,3,CURRICULUM_ASSUMPTION
SE211862,2027_Spring,5,SWT301,3,CURRICULUM_ASSUMPTION
SE211863,2027_Spring,5,BDI302c,3,CURRICULUM_ASSUMPTION
SE211863,2027_Spring,5,DX_COM*1,3,CURRICULUM_ASSUMPTION
SE211863,2027_Spring,5,DXP391,3,CURRICULUM_ASSUMPTION
SE211863,2027_Spring,5,EGA301,3,CURRICULUM_ASSUMPTION
SE211863,2027_Spring,5,SSG105,3,CURRICULUM_ASSUMPTION
SE211863,2027_Spring,5,SWT301,3,CURRICULUM_ASSUMPTION
SE211864,2027_Spring,5,BDI302c,3,CURRICULUM_ASSUMPTION
SE211864,2027_Spring,5,DX_COM*1,3,CURRICULUM_ASSUMPTION
SE211864,2027_Spring,5,DXP391,3,CURRICULUM_ASSUMPTION
SE211864,2027_Spring,5,EGA301,3,CURRICULUM_ASSUMPTION
SE211864,2027_Spring,5,SSG105,3,CURRICULUM_ASSUMPTION
SE211864,2027_Spring,5,SWT301,3,CURRICULUM_ASSUMPTION
SE211865,2027_Spring,5,BDI302c,3,CURRICULUM_ASSUMPTION
SE211865,2027_Spring,5,DX_COM*1,3,CURRICULUM_ASSUMPTION
SE211865,2027_Spring,5,DXP391,3,CURRICULUM_ASSUMPTION
SE211865,2027_Spring,5,EGA301,3,CURRICULUM_ASSUMPTION
SE211865,2027_Spring,5,SSG105,3,CURRICULUM_ASSUMPTION
SE211865,2027_Spring,5,SWT301,3,CURRICULUM_ASSUMPTION
SE211866,2027_Spring,5,BDI302c,3,CURRICULUM_ASSUMPTION
SE211866,2027_Spring,5,DX_COM*1,3,CURRICULUM_ASSUMPTION
SE211866,2027_Spring,5,DXP391,3,CURRICULUM_ASSUMPTION
SE211866,2027_Spring,5,EGA301,3,CURRICULUM_ASSUMPTION
SE211866,2027_Spring,5,SSG105,3,CURRICULUM_ASSUMPTION
SE211866,2027_Spring,5,SWT301,3,CURRICULUM_ASSUMPTION
SE211867,2027_Spring,5,BDI302c,3,CURRICULUM_ASSUMPTION
SE211867,2027_Spring,5,DX_COM*1,3,CURRICULUM_ASSUMPTION
SE211867,2027_Spring,5,DXP391,3,CURRICULUM_ASSUMPTION
SE211867,2027_Spring,5,EGA301,3,CURRICULUM_ASSUMPTION
SE211867,2027_Spring,5,SSG105,3,CURRICULUM_ASSUMPTION
SE211867,2027_Spring,5,SWT301,3,CURRICULUM_ASSUMPTION
SE211868,2027_Spring,5,BDI302c,3,CURRICULUM_ASSUMPTION
SE211868,2027_Spring,5,DX_COM*1,3,CURRICULUM_ASSUMPTION
SE211868,2027_Spring,5,DXP391,3,CURRICULUM_ASSUMPTION
SE211868,2027_Spring,5,EGA301,3,CURRICULUM_ASSUMPTION
SE211868,2027_Spring,5,SSG105,3,CURRICULUM_ASSUMPTION
SE211868,2027_Spring,5,SWT301,3,CURRICULUM_ASSUMPTION
SE211869,2027_Spring,5,BDI302c,3,CURRICULUM_ASSUMPTION
SE211869,2027_Spring,5,DX_COM*1,3,CURRICULUM_ASSUMPTION
SE211869,2027_Spring,5,DXP391,3,CURRICULUM_ASSUMPTION
SE211869,2027_Spring,5,EGA301,3,CURRICULUM_ASSUMPTION
SE211869,2027_Spring,5,SSG105,3,CURRICULUM_ASSUMPTION
SE211869,2027_Spring,5,SWT301,3,CURRICULUM_ASSUMPTION
SE211870,2027_Spring,5,BDI302c,3,CURRICULUM_ASSUMPTION
SE211870,2027_Spring,5,DX_COM*1,3,CURRICULUM_ASSUMPTION
SE211870,2027_Spring,5,DXP391,3,CURRICULUM_ASSUMPTION
SE211870,2027_Spring,5,EGA301,3,CURRICULUM_ASSUMPTION
SE211870,2027_Spring,5,SSG105,3,CURRICULUM_ASSUMPTION
SE211870,2027_Spring,5,SWT301,3,CURRICULUM_ASSUMPTION
SE211871,2027_Spring,5,BDI302c,3,CURRICULUM_ASSUMPTION
SE211871,2027_Spring,5,DX_COM*1,3,CURRICULUM_ASSUMPTION
SE211871,2027_Spring,5,DXP391,3,CURRICULUM_ASSUMPTION
SE211871,2027_Spring,5,EGA301,3,CURRICULUM_ASSUMPTION
SE211871,2027_Spring,5,SSG105,3,CURRICULUM_ASSUMPTION
SE211871,2027_Spring,5,SWT301,3,CURRICULUM_ASSUMPTION
SE211872,2027_Spring,5,BDI302c,3,CURRICULUM_ASSUMPTION
SE211872,2027_Spring,5,DX_COM*1,3,CURRICULUM_ASSUMPTION
SE211872,2027_Spring,5,DXP391,3,CURRICULUM_ASSUMPTION
SE211872,2027_Spring,5,EGA301,3,CURRICULUM_ASSUMPTION
SE211872,2027_Spring,5,SSG105,3,CURRICULUM_ASSUMPTION
SE211872,2027_Spring,5,SWT301,3,CURRICULUM_ASSUMPTION
SE211873,2027_Spring,5,BDI302c,3,CURRICULUM_ASSUMPTION
SE211873,2027_Spring,5,DX_COM*1,3,CURRICULUM_ASSUMPTION
SE211873,2027_Spring,5,DXP391,3,CURRICULUM_ASSUMPTION
SE211873,2027_Spring,5,EGA301,3,CURRICULUM_ASSUMPTION
SE211873,2027_Spring,5,SSG105,3,CURRICULUM_ASSUMPTION
SE211873,2027_Spring,5,SWT301,3,CURRICULUM_ASSUMPTION
SE211874,2027_Spring,5,BDI302c,3,CURRICULUM_ASSUMPTION
SE211874,2027_Spring,5,DX_COM*1,3,CURRICULUM_ASSUMPTION
SE211874,2027_Spring,5,DXP391,3,CURRICULUM_ASSUMPTION
SE211874,2027_Spring,5,EGA301,3,CURRICULUM_ASSUMPTION
SE211874,2027_Spring,5,SSG105,3,CURRICULUM_ASSUMPTION
SE211874,2027_Spring,5,SWT301,3,CURRICULUM_ASSUMPTION
SE211875,2027_Spring,5,BDI302c,3,CURRICULUM_ASSUMPTION
SE211875,2027_Spring,5,DX_COM*1,3,CURRICULUM_ASSUMPTION
SE211875,2027_Spring,5,DXP391,3,CURRICULUM_ASSUMPTION
SE211875,2027_Spring,5,EGA301,3,CURRICULUM_ASSUMPTION
SE211875,2027_Spring,5,SSG105,3,CURRICULUM_ASSUMPTION
SE211875,2027_Spring,5,SWT301,3,CURRICULUM_ASSUMPTION
SE211876,2027_Spring,5,BDI302c,3,CURRICULUM_ASSUMPTION
SE211876,2027_Spring,5,DX_COM*1,3,CURRICULUM_ASSUMPTION
SE211876,2027_Spring,5,DXP391,3,CURRICULUM_ASSUMPTION
SE211876,2027_Spring,5,EGA301,3,CURRICULUM_ASSUMPTION
SE211876,2027_Spring,5,SSG105,3,CURRICULUM_ASSUMPTION
SE211876,2027_Spring,5,SWT301,3,CURRICULUM_ASSUMPTION
SE211877,2027_Spring,5,BDI302c,3,CURRICULUM_ASSUMPTION
SE211877,2027_Spring,5,DX_COM*1,3,CURRICULUM_ASSUMPTION
SE211877,2027_Spring,5,DXP391,3,CURRICULUM_ASSUMPTION
SE211877,2027_Spring,5,EGA301,3,CURRICULUM_ASSUMPTION
SE211877,2027_Spring,5,SSG105,3,CURRICULUM_ASSUMPTION
SE211877,2027_Spring,5,SWT301,3,CURRICULUM_ASSUMPTION
SE211878,2027_Spring,5,BDI302c,3,CURRICULUM_ASSUMPTION
SE211878,2027_Spring,5,DX_COM*1,3,CURRICULUM_ASSUMPTION
SE211878,2027_Spring,5,DXP391,3,CURRICULUM_ASSUMPTION
SE211878,2027_Spring,5,EGA301,3,CURRICULUM_ASSUMPTION
SE211878,2027_Spring,5,SSG105,3,CURRICULUM_ASSUMPTION
SE211878,2027_Spring,5,SWT301,3,CURRICULUM_ASSUMPTION
SE211879,2027_Spring,5,BDI302c,3,CURRICULUM_ASSUMPTION
SE211879,2027_Spring,5,DX_COM*1,3,CURRICULUM_ASSUMPTION
SE211879,2027_Spring,5,DXP391,3,CURRICULUM_ASSUMPTION
SE211879,2027_Spring,5,EGA301,3,CURRICULUM_ASSUMPTION
SE211879,2027_Spring,5,SSG105,3,CURRICULUM_ASSUMPTION
SE211879,2027_Spring,5,SWT301,3,CURRICULUM_ASSUMPTION
SE211880,2027_Spring,5,BDI302c,3,CURRICULUM_ASSUMPTION
SE211880,2027_Spring,5,DX_COM*1,3,CURRICULUM_ASSUMPTION
SE211880,2027_Spring,5,DXP391,3,CURRICULUM_ASSUMPTION
SE211880,2027_Spring,5,EGA301,3,CURRICULUM_ASSUMPTION
SE211880,2027_Spring,5,SSG105,3,CURRICULUM_ASSUMPTION
SE211880,2027_Spring,5,SWT301,3,CURRICULUM_ASSUMPTION
SE211881,2027_Spring,5,BDI302c,3,CURRICULUM_ASSUMPTION
SE211881,2027_Spring,5,DX_COM*1,3,CURRICULUM_ASSUMPTION
SE211881,2027_Spring,5,DXP391,3,CURRICULUM_ASSUMPTION
SE211881,2027_Spring,5,EGA301,3,CURRICULUM_ASSUMPTION
SE211881,2027_Spring,5,SSG105,3,CURRICULUM_ASSUMPTION
SE211881,2027_Spring,5,SWT301,3,CURRICULUM_ASSUMPTION
SE211882,2027_Spring,5,BDI302c,3,CURRICULUM_ASSUMPTION
SE211882,2027_Spring,5,DX_COM*1,3,CURRICULUM_ASSUMPTION
SE211882,2027_Spring,5,DXP391,3,CURRICULUM_ASSUMPTION
SE211882,2027_Spring,5,EGA301,3,CURRICULUM_ASSUMPTION
SE211882,2027_Spring,5,SSG105,3,CURRICULUM_ASSUMPTION
SE211882,2027_Spring,5,SWT301,3,CURRICULUM_ASSUMPTION
SE211883,2027_Spring,5,BDI302c,3,CURRICULUM_ASSUMPTION
SE211883,2027_Spring,5,DX_COM*1,3,CURRICULUM_ASSUMPTION
SE211883,2027_Spring,5,DXP391,3,CURRICULUM_ASSUMPTION
SE211883,2027_Spring,5,EGA301,3,CURRICULUM_ASSUMPTION
SE211883,2027_Spring,5,SSG105,3,CURRICULUM_ASSUMPTION
SE211883,2027_Spring,5,SWT301,3,CURRICULUM_ASSUMPTION
SE211884,2027_Spring,5,BDI302c,3,CURRICULUM_ASSUMPTION
SE211884,2027_Spring,5,DX_COM*1,3,CURRICULUM_ASSUMPTION
SE211884,2027_Spring,5,DXP391,3,CURRICULUM_ASSUMPTION
SE211884,2027_Spring,5,EGA301,3,CURRICULUM_ASSUMPTION
SE211884,2027_Spring,5,SSG105,3,CURRICULUM_ASSUMPTION
SE211884,2027_Spring,5,SWT301,3,CURRICULUM_ASSUMPTION
SE211885,2027_Spring,5,BDI302c,3,CURRICULUM_ASSUMPTION
SE211885,2027_Spring,5,DX_COM*1,3,CURRICULUM_ASSUMPTION
SE211885,2027_Spring,5,DXP391,3,CURRICULUM_ASSUMPTION
SE211885,2027_Spring,5,EGA301,3,CURRICULUM_ASSUMPTION
SE211885,2027_Spring,5,SSG105,3,CURRICULUM_ASSUMPTION
SE211885,2027_Spring,5,SWT301,3,CURRICULUM_ASSUMPTION
SE211886,2027_Spring,5,BDI302c,3,CURRICULUM_ASSUMPTION
SE211886,2027_Spring,5,DX_COM*1,3,CURRICULUM_ASSUMPTION
SE211886,2027_Spring,5,DXP391,3,CURRICULUM_ASSUMPTION
SE211886,2027_Spring,5,EGA301,3,CURRICULUM_ASSUMPTION
SE211886,2027_Spring,5,SSG105,3,CURRICULUM_ASSUMPTION
SE211886,2027_Spring,5,SWT301,3,CURRICULUM_ASSUMPTION
SE211887,2027_Spring,5,BDI302c,3,CURRICULUM_ASSUMPTION
SE211887,2027_Spring,5,DX_COM*1,3,CURRICULUM_ASSUMPTION
SE211887,2027_Spring,5,DXP391,3,CURRICULUM_ASSUMPTION
SE211887,2027_Spring,5,EGA301,3,CURRICULUM_ASSUMPTION
SE211887,2027_Spring,5,SSG105,3,CURRICULUM_ASSUMPTION
SE211887,2027_Spring,5,SWT301,3,CURRICULUM_ASSUMPTION
SE211888,2027_Spring,5,BDI302c,3,CURRICULUM_ASSUMPTION
SE211888,2027_Spring,5,DX_COM*1,3,CURRICULUM_ASSUMPTION
SE211888,2027_Spring,5,DXP391,3,CURRICULUM_ASSUMPTION
SE211888,2027_Spring,5,EGA301,3,CURRICULUM_ASSUMPTION
SE211888,2027_Spring,5,SSG105,3,CURRICULUM_ASSUMPTION
SE211888,2027_Spring,5,SWT301,3,CURRICULUM_ASSUMPTION
SE211889,2027_Spring,5,BDI302c,3,CURRICULUM_ASSUMPTION
SE211889,2027_Spring,5,DX_COM*1,3,CURRICULUM_ASSUMPTION
SE211889,2027_Spring,5,DXP391,3,CURRICULUM_ASSUMPTION
SE211889,2027_Spring,5,EGA301,3,CURRICULUM_ASSUMPTION
SE211889,2027_Spring,5,SSG105,3,CURRICULUM_ASSUMPTION
SE211889,2027_Spring,5,SWT301,3,CURRICULUM_ASSUMPTION
SE211890,2027_Spring,5,BDI302c,3,CURRICULUM_ASSUMPTION
SE211890,2027_Spring,5,DX_COM*1,3,CURRICULUM_ASSUMPTION
SE211890,2027_Spring,5,DXP391,3,CURRICULUM_ASSUMPTION
SE211890,2027_Spring,5,EGA301,3,CURRICULUM_ASSUMPTION
SE211890,2027_Spring,5,SSG105,3,CURRICULUM_ASSUMPTION
SE211890,2027_Spring,5,SWT301,3,CURRICULUM_ASSUMPTION
SE211891,2027_Spring,5,BDI302c,3,CURRICULUM_ASSUMPTION
SE211891,2027_Spring,5,DX_COM*1,3,CURRICULUM_ASSUMPTION
SE211891,2027_Spring,5,DXP391,3,CURRICULUM_ASSUMPTION
SE211891,2027_Spring,5,EGA301,3,CURRICULUM_ASSUMPTION
SE211891,2027_Spring,5,SSG105,3,CURRICULUM_ASSUMPTION
SE211891,2027_Spring,5,SWT301,3,CURRICULUM_ASSUMPTION
SE211892,2027_Spring,5,BDI302c,3,CURRICULUM_ASSUMPTION
SE211892,2027_Spring,5,DX_COM*1,3,CURRICULUM_ASSUMPTION
SE211892,2027_Spring,5,DXP391,3,CURRICULUM_ASSUMPTION
SE211892,2027_Spring,5,EGA301,3,CURRICULUM_ASSUMPTION
SE211892,2027_Spring,5,SSG105,3,CURRICULUM_ASSUMPTION
SE211892,2027_Spring,5,SWT301,3,CURRICULUM_ASSUMPTION
SE211893,2027_Spring,5,BDI302c,3,CURRICULUM_ASSUMPTION
SE211893,2027_Spring,5,DX_COM*1,3,CURRICULUM_ASSUMPTION
SE211893,2027_Spring,5,DXP391,3,CURRICULUM_ASSUMPTION
SE211893,2027_Spring,5,EGA301,3,CURRICULUM_ASSUMPTION
SE211893,2027_Spring,5,SSG105,3,CURRICULUM_ASSUMPTION
SE211893,2027_Spring,5,SWT301,3,CURRICULUM_ASSUMPTION
SE211894,2027_Spring,5,BDI302c,3,CURRICULUM_ASSUMPTION
SE211894,2027_Spring,5,DX_COM*1,3,CURRICULUM_ASSUMPTION
SE211894,2027_Spring,5,DXP391,3,CURRICULUM_ASSUMPTION
SE211894,2027_Spring,5,EGA301,3,CURRICULUM_ASSUMPTION
SE211894,2027_Spring,5,SSG105,3,CURRICULUM_ASSUMPTION
SE211894,2027_Spring,5,SWT301,3,CURRICULUM_ASSUMPTION
SE211895,2027_Spring,5,BDI302c,3,CURRICULUM_ASSUMPTION
SE211895,2027_Spring,5,DX_COM*1,3,CURRICULUM_ASSUMPTION
SE211895,2027_Spring,5,DXP391,3,CURRICULUM_ASSUMPTION
SE211895,2027_Spring,5,EGA301,3,CURRICULUM_ASSUMPTION
SE211895,2027_Spring,5,SSG105,3,CURRICULUM_ASSUMPTION
SE211895,2027_Spring,5,SWT301,3,CURRICULUM_ASSUMPTION
SE211896,2027_Spring,5,BDI302c,3,CURRICULUM_ASSUMPTION
SE211896,2027_Spring,5,DX_COM*1,3,CURRICULUM_ASSUMPTION
SE211896,2027_Spring,5,DXP391,3,CURRICULUM_ASSUMPTION
SE211896,2027_Spring,5,EGA301,3,CURRICULUM_ASSUMPTION
SE211896,2027_Spring,5,SSG105,3,CURRICULUM_ASSUMPTION
SE211896,2027_Spring,5,SWT301,3,CURRICULUM_ASSUMPTION
SE211897,2027_Spring,5,BDI302c,3,CURRICULUM_ASSUMPTION
SE211897,2027_Spring,5,DX_COM*1,3,CURRICULUM_ASSUMPTION
SE211897,2027_Spring,5,DXP391,3,CURRICULUM_ASSUMPTION
SE211897,2027_Spring,5,EGA301,3,CURRICULUM_ASSUMPTION
SE211897,2027_Spring,5,SSG105,3,CURRICULUM_ASSUMPTION
SE211897,2027_Spring,5,SWT301,3,CURRICULUM_ASSUMPTION
SE211898,2027_Spring,5,BDI302c,3,CURRICULUM_ASSUMPTION
SE211898,2027_Spring,5,DX_COM*1,3,CURRICULUM_ASSUMPTION
SE211898,2027_Spring,5,DXP391,3,CURRICULUM_ASSUMPTION
SE211898,2027_Spring,5,EGA301,3,CURRICULUM_ASSUMPTION
SE211898,2027_Spring,5,SSG105,3,CURRICULUM_ASSUMPTION
SE211898,2027_Spring,5,SWT301,3,CURRICULUM_ASSUMPTION
SE211899,2027_Spring,5,BDI302c,3,CURRICULUM_ASSUMPTION
SE211899,2027_Spring,5,DX_COM*1,3,CURRICULUM_ASSUMPTION
SE211899,2027_Spring,5,DXP391,3,CURRICULUM_ASSUMPTION
SE211899,2027_Spring,5,EGA301,3,CURRICULUM_ASSUMPTION
SE211899,2027_Spring,5,SSG105,3,CURRICULUM_ASSUMPTION
SE211899,2027_Spring,5,SWT301,3,CURRICULUM_ASSUMPTION
SE211900,2027_Spring,5,BDI302c,3,CURRICULUM_ASSUMPTION
SE211900,2027_Spring,5,DX_COM*1,3,CURRICULUM_ASSUMPTION
SE211900,2027_Spring,5,DXP391,3,CURRICULUM_ASSUMPTION
SE211900,2027_Spring,5,EGA301,3,CURRICULUM_ASSUMPTION
SE211900,2027_Spring,5,SSG105,3,CURRICULUM_ASSUMPTION
SE211900,2027_Spring,5,SWT301,3,CURRICULUM_ASSUMPTION
SE211901,2027_Spring,5,BDI302c,3,CURRICULUM_ASSUMPTION
SE211901,2027_Spring,5,DX_COM*1,3,CURRICULUM_ASSUMPTION
SE211901,2027_Spring,5,DXP391,3,CURRICULUM_ASSUMPTION
SE211901,2027_Spring,5,EGA301,3,CURRICULUM_ASSUMPTION
SE211901,2027_Spring,5,SSG105,3,CURRICULUM_ASSUMPTION
SE211901,2027_Spring,5,SWT301,3,CURRICULUM_ASSUMPTION
SE211902,2027_Spring,5,BDI302c,3,CURRICULUM_ASSUMPTION
SE211902,2027_Spring,5,DX_COM*1,3,CURRICULUM_ASSUMPTION
SE211902,2027_Spring,5,DXP391,3,CURRICULUM_ASSUMPTION
SE211902,2027_Spring,5,EGA301,3,CURRICULUM_ASSUMPTION
SE211902,2027_Spring,5,SSG105,3,CURRICULUM_ASSUMPTION
SE211902,2027_Spring,5,SWT301,3,CURRICULUM_ASSUMPTION
SE211903,2027_Spring,5,BDI302c,3,CURRICULUM_ASSUMPTION
SE211903,2027_Spring,5,DX_COM*1,3,CURRICULUM_ASSUMPTION
SE211903,2027_Spring,5,DXP391,3,CURRICULUM_ASSUMPTION
SE211903,2027_Spring,5,EGA301,3,CURRICULUM_ASSUMPTION
SE211903,2027_Spring,5,SSG105,3,CURRICULUM_ASSUMPTION
SE211903,2027_Spring,5,SWT301,3,CURRICULUM_ASSUMPTION
SE211904,2027_Spring,5,BDI302c,3,CURRICULUM_ASSUMPTION
SE211904,2027_Spring,5,DX_COM*1,3,CURRICULUM_ASSUMPTION
SE211904,2027_Spring,5,DXP391,3,CURRICULUM_ASSUMPTION
SE211904,2027_Spring,5,EGA301,3,CURRICULUM_ASSUMPTION
SE211904,2027_Spring,5,SSG105,3,CURRICULUM_ASSUMPTION
SE211904,2027_Spring,5,SWT301,3,CURRICULUM_ASSUMPTION
SE211905,2027_Spring,5,BDI302c,3,CURRICULUM_ASSUMPTION
SE211905,2027_Spring,5,DX_COM*1,3,CURRICULUM_ASSUMPTION
SE211905,2027_Spring,5,DXP391,3,CURRICULUM_ASSUMPTION
SE211905,2027_Spring,5,EGA301,3,CURRICULUM_ASSUMPTION
SE211905,2027_Spring,5,SSG105,3,CURRICULUM_ASSUMPTION
SE211905,2027_Spring,5,SWT301,3,CURRICULUM_ASSUMPTION
SE211906,2027_Spring,5,BDI302c,3,CURRICULUM_ASSUMPTION
SE211906,2027_Spring,5,DX_COM*1,3,CURRICULUM_ASSUMPTION
SE211906,2027_Spring,5,DXP391,3,CURRICULUM_ASSUMPTION
SE211906,2027_Spring,5,EGA301,3,CURRICULUM_ASSUMPTION
SE211906,2027_Spring,5,SSG105,3,CURRICULUM_ASSUMPTION
SE211906,2027_Spring,5,SWT301,3,CURRICULUM_ASSUMPTION
SE211907,2027_Spring,5,BDI302c,3,CURRICULUM_ASSUMPTION
SE211907,2027_Spring,5,DX_COM*1,3,CURRICULUM_ASSUMPTION
SE211907,2027_Spring,5,DXP391,3,CURRICULUM_ASSUMPTION
SE211907,2027_Spring,5,EGA301,3,CURRICULUM_ASSUMPTION
SE211907,2027_Spring,5,SSG105,3,CURRICULUM_ASSUMPTION
SE211907,2027_Spring,5,SWT301,3,CURRICULUM_ASSUMPTION
SE211908,2027_Spring,5,BDI302c,3,CURRICULUM_ASSUMPTION
SE211908,2027_Spring,5,DX_COM*1,3,CURRICULUM_ASSUMPTION
SE211908,2027_Spring,5,DXP391,3,CURRICULUM_ASSUMPTION
SE211908,2027_Spring,5,EGA301,3,CURRICULUM_ASSUMPTION
SE211908,2027_Spring,5,SSG105,3,CURRICULUM_ASSUMPTION
SE211908,2027_Spring,5,SWT301,3,CURRICULUM_ASSUMPTION
SE211909,2027_Spring,5,BDI302c,3,CURRICULUM_ASSUMPTION
SE211909,2027_Spring,5,DX_COM*1,3,CURRICULUM_ASSUMPTION
SE211909,2027_Spring,5,DXP391,3,CURRICULUM_ASSUMPTION
SE211909,2027_Spring,5,EGA301,3,CURRICULUM_ASSUMPTION
SE211909,2027_Spring,5,SSG105,3,CURRICULUM_ASSUMPTION
SE211909,2027_Spring,5,SWT301,3,CURRICULUM_ASSUMPTION
SE211910,2027_Spring,5,BDI302c,3,CURRICULUM_ASSUMPTION
SE211910,2027_Spring,5,DX_COM*1,3,CURRICULUM_ASSUMPTION
SE211910,2027_Spring,5,DXP391,3,CURRICULUM_ASSUMPTION
SE211910,2027_Spring,5,EGA301,3,CURRICULUM_ASSUMPTION
SE211910,2027_Spring,5,SSG105,3,CURRICULUM_ASSUMPTION
SE211910,2027_Spring,5,SWT301,3,CURRICULUM_ASSUMPTION
SE211911,2027_Spring,5,BDI302c,3,CURRICULUM_ASSUMPTION
SE211911,2027_Spring,5,DX_COM*1,3,CURRICULUM_ASSUMPTION
SE211911,2027_Spring,5,DXP391,3,CURRICULUM_ASSUMPTION
SE211911,2027_Spring,5,EGA301,3,CURRICULUM_ASSUMPTION
SE211911,2027_Spring,5,SSG105,3,CURRICULUM_ASSUMPTION
SE211911,2027_Spring,5,SWT301,3,CURRICULUM_ASSUMPTION
SE211912,2027_Spring,5,BDI302c,3,CURRICULUM_ASSUMPTION
SE211912,2027_Spring,5,DX_COM*1,3,CURRICULUM_ASSUMPTION
SE211912,2027_Spring,5,DXP391,3,CURRICULUM_ASSUMPTION
SE211912,2027_Spring,5,EGA301,3,CURRICULUM_ASSUMPTION
SE211912,2027_Spring,5,SSG105,3,CURRICULUM_ASSUMPTION
SE211912,2027_Spring,5,SWT301,3,CURRICULUM_ASSUMPTION
SE211913,2027_Spring,5,BDI302c,3,CURRICULUM_ASSUMPTION
SE211913,2027_Spring,5,DX_COM*1,3,CURRICULUM_ASSUMPTION
SE211913,2027_Spring,5,DXP391,3,CURRICULUM_ASSUMPTION
SE211913,2027_Spring,5,EGA301,3,CURRICULUM_ASSUMPTION
SE211913,2027_Spring,5,SSG105,3,CURRICULUM_ASSUMPTION
SE211913,2027_Spring,5,SWT301,3,CURRICULUM_ASSUMPTION
SE211914,2027_Spring,5,BDI302c,3,CURRICULUM_ASSUMPTION
SE211914,2027_Spring,5,DX_COM*1,3,CURRICULUM_ASSUMPTION
SE211914,2027_Spring,5,DXP391,3,CURRICULUM_ASSUMPTION
SE211914,2027_Spring,5,EGA301,3,CURRICULUM_ASSUMPTION
SE211914,2027_Spring,5,SSG105,3,CURRICULUM_ASSUMPTION
SE211914,2027_Spring,5,SWT301,3,CURRICULUM_ASSUMPTION
SE211915,2027_Spring,5,BDI302c,3,CURRICULUM_ASSUMPTION
SE211915,2027_Spring,5,DX_COM*1,3,CURRICULUM_ASSUMPTION
SE211915,2027_Spring,5,DXP391,3,CURRICULUM_ASSUMPTION
SE211915,2027_Spring,5,EGA301,3,CURRICULUM_ASSUMPTION
SE211915,2027_Spring,5,SSG105,3,CURRICULUM_ASSUMPTION
SE211915,2027_Spring,5,SWT301,3,CURRICULUM_ASSUMPTION
SE211916,2027_Spring,5,BDI302c,3,CURRICULUM_ASSUMPTION
SE211916,2027_Spring,5,DX_COM*1,3,CURRICULUM_ASSUMPTION
SE211916,2027_Spring,5,DXP391,3,CURRICULUM_ASSUMPTION
SE211916,2027_Spring,5,EGA301,3,CURRICULUM_ASSUMPTION
SE211916,2027_Spring,5,SSG105,3,CURRICULUM_ASSUMPTION
SE211916,2027_Spring,5,SWT301,3,CURRICULUM_ASSUMPTION
SE211917,2027_Spring,5,BDI302c,3,CURRICULUM_ASSUMPTION
SE211917,2027_Spring,5,DX_COM*1,3,CURRICULUM_ASSUMPTION
SE211917,2027_Spring,5,DXP391,3,CURRICULUM_ASSUMPTION
SE211917,2027_Spring,5,EGA301,3,CURRICULUM_ASSUMPTION
SE211917,2027_Spring,5,SSG105,3,CURRICULUM_ASSUMPTION
SE211917,2027_Spring,5,SWT301,3,CURRICULUM_ASSUMPTION
SE211918,2027_Spring,5,BDI302c,3,CURRICULUM_ASSUMPTION
SE211918,2027_Spring,5,DX_COM*1,3,CURRICULUM_ASSUMPTION
SE211918,2027_Spring,5,DXP391,3,CURRICULUM_ASSUMPTION
SE211918,2027_Spring,5,EGA301,3,CURRICULUM_ASSUMPTION
SE211918,2027_Spring,5,SSG105,3,CURRICULUM_ASSUMPTION
SE211918,2027_Spring,5,SWT301,3,CURRICULUM_ASSUMPTION
SE211919,2027_Spring,5,BDI302c,3,CURRICULUM_ASSUMPTION
SE211919,2027_Spring,5,DX_COM*1,3,CURRICULUM_ASSUMPTION
SE211919,2027_Spring,5,DXP391,3,CURRICULUM_ASSUMPTION
SE211919,2027_Spring,5,EGA301,3,CURRICULUM_ASSUMPTION
SE211919,2027_Spring,5,SSG105,3,CURRICULUM_ASSUMPTION
SE211919,2027_Spring,5,SWT301,3,CURRICULUM_ASSUMPTION
SE211920,2027_Spring,5,BDI302c,3,CURRICULUM_ASSUMPTION
SE211920,2027_Spring,5,DX_COM*1,3,CURRICULUM_ASSUMPTION
SE211920,2027_Spring,5,DXP391,3,CURRICULUM_ASSUMPTION
SE211920,2027_Spring,5,EGA301,3,CURRICULUM_ASSUMPTION
SE211920,2027_Spring,5,SSG105,3,CURRICULUM_ASSUMPTION
SE211920,2027_Spring,5,SWT301,3,CURRICULUM_ASSUMPTION
SE211921,2027_Spring,5,BDI302c,3,CURRICULUM_ASSUMPTION
SE211921,2027_Spring,5,DX_COM*1,3,CURRICULUM_ASSUMPTION
SE211921,2027_Spring,5,DXP391,3,CURRICULUM_ASSUMPTION
SE211921,2027_Spring,5,EGA301,3,CURRICULUM_ASSUMPTION
SE211921,2027_Spring,5,SSG105,3,CURRICULUM_ASSUMPTION
SE211921,2027_Spring,5,SWT301,3,CURRICULUM_ASSUMPTION
SE211922,2027_Spring,5,BDI302c,3,CURRICULUM_ASSUMPTION
SE211922,2027_Spring,5,DX_COM*1,3,CURRICULUM_ASSUMPTION
SE211922,2027_Spring,5,DXP391,3,CURRICULUM_ASSUMPTION
SE211922,2027_Spring,5,EGA301,3,CURRICULUM_ASSUMPTION
SE211922,2027_Spring,5,SSG105,3,CURRICULUM_ASSUMPTION
SE211922,2027_Spring,5,SWT301,3,CURRICULUM_ASSUMPTION
SE211923,2027_Spring,5,BDI302c,3,CURRICULUM_ASSUMPTION
SE211923,2027_Spring,5,DX_COM*1,3,CURRICULUM_ASSUMPTION
SE211923,2027_Spring,5,DXP391,3,CURRICULUM_ASSUMPTION
SE211923,2027_Spring,5,EGA301,3,CURRICULUM_ASSUMPTION
SE211923,2027_Spring,5,SSG105,3,CURRICULUM_ASSUMPTION
SE211923,2027_Spring,5,SWT301,3,CURRICULUM_ASSUMPTION
SE211924,2027_Spring,5,BDI302c,3,CURRICULUM_ASSUMPTION
SE211924,2027_Spring,5,DX_COM*1,3,CURRICULUM_ASSUMPTION
SE211924,2027_Spring,5,DXP391,3,CURRICULUM_ASSUMPTION
SE211924,2027_Spring,5,EGA301,3,CURRICULUM_ASSUMPTION
SE211924,2027_Spring,5,SSG105,3,CURRICULUM_ASSUMPTION
SE211924,2027_Spring,5,SWT301,3,CURRICULUM_ASSUMPTION
SE211925,2027_Spring,5,BDI302c,3,CURRICULUM_ASSUMPTION
SE211925,2027_Spring,5,DX_COM*1,3,CURRICULUM_ASSUMPTION
SE211925,2027_Spring,5,DXP391,3,CURRICULUM_ASSUMPTION
SE211925,2027_Spring,5,EGA301,3,CURRICULUM_ASSUMPTION
SE211925,2027_Spring,5,SSG105,3,CURRICULUM_ASSUMPTION
SE211925,2027_Spring,5,SWT301,3,CURRICULUM_ASSUMPTION
SE211926,2027_Spring,5,BDI302c,3,CURRICULUM_ASSUMPTION
SE211926,2027_Spring,5,DX_COM*1,3,CURRICULUM_ASSUMPTION
SE211926,2027_Spring,5,DXP391,3,CURRICULUM_ASSUMPTION
SE211926,2027_Spring,5,EGA301,3,CURRICULUM_ASSUMPTION
SE211926,2027_Spring,5,SSG105,3,CURRICULUM_ASSUMPTION
SE211926,2027_Spring,5,SWT301,3,CURRICULUM_ASSUMPTION
SE211927,2027_Spring,5,BDI302c,3,CURRICULUM_ASSUMPTION
SE211927,2027_Spring,5,DX_COM*1,3,CURRICULUM_ASSUMPTION
SE211927,2027_Spring,5,DXP391,3,CURRICULUM_ASSUMPTION
SE211927,2027_Spring,5,EGA301,3,CURRICULUM_ASSUMPTION
SE211927,2027_Spring,5,SSG105,3,CURRICULUM_ASSUMPTION
SE211927,2027_Spring,5,SWT301,3,CURRICULUM_ASSUMPTION
SE211928,2027_Spring,5,BDI302c,3,CURRICULUM_ASSUMPTION
SE211928,2027_Spring,5,DX_COM*1,3,CURRICULUM_ASSUMPTION
SE211928,2027_Spring,5,DXP391,3,CURRICULUM_ASSUMPTION
SE211928,2027_Spring,5,EGA301,3,CURRICULUM_ASSUMPTION
SE211928,2027_Spring,5,SSG105,3,CURRICULUM_ASSUMPTION
SE211928,2027_Spring,5,SWT301,3,CURRICULUM_ASSUMPTION
SE211929,2027_Spring,5,BDI302c,3,CURRICULUM_ASSUMPTION
SE211929,2027_Spring,5,DX_COM*1,3,CURRICULUM_ASSUMPTION
SE211929,2027_Spring,5,DXP391,3,CURRICULUM_ASSUMPTION
SE211929,2027_Spring,5,EGA301,3,CURRICULUM_ASSUMPTION
SE211929,2027_Spring,5,SSG105,3,CURRICULUM_ASSUMPTION
SE211929,2027_Spring,5,SWT301,3,CURRICULUM_ASSUMPTION
SE211930,2027_Spring,5,BDI302c,3,CURRICULUM_ASSUMPTION
SE211930,2027_Spring,5,DX_COM*1,3,CURRICULUM_ASSUMPTION
SE211930,2027_Spring,5,DXP391,3,CURRICULUM_ASSUMPTION
SE211930,2027_Spring,5,EGA301,3,CURRICULUM_ASSUMPTION
SE211930,2027_Spring,5,SSG105,3,CURRICULUM_ASSUMPTION
SE211930,2027_Spring,5,SWT301,3,CURRICULUM_ASSUMPTION
SE211931,2027_Spring,5,BDI302c,3,CURRICULUM_ASSUMPTION
SE211931,2027_Spring,5,DX_COM*1,3,CURRICULUM_ASSUMPTION
SE211931,2027_Spring,5,DXP391,3,CURRICULUM_ASSUMPTION
SE211931,2027_Spring,5,EGA301,3,CURRICULUM_ASSUMPTION
SE211931,2027_Spring,5,SSG105,3,CURRICULUM_ASSUMPTION
SE211931,2027_Spring,5,SWT301,3,CURRICULUM_ASSUMPTION
SE211932,2027_Spring,5,BDI302c,3,CURRICULUM_ASSUMPTION
SE211932,2027_Spring,5,DX_COM*1,3,CURRICULUM_ASSUMPTION
SE211932,2027_Spring,5,DXP391,3,CURRICULUM_ASSUMPTION
SE211932,2027_Spring,5,EGA301,3,CURRICULUM_ASSUMPTION
SE211932,2027_Spring,5,SSG105,3,CURRICULUM_ASSUMPTION
SE211932,2027_Spring,5,SWT301,3,CURRICULUM_ASSUMPTION
SE211933,2027_Spring,5,BDI302c,3,CURRICULUM_ASSUMPTION
SE211933,2027_Spring,5,DX_COM*1,3,CURRICULUM_ASSUMPTION
SE211933,2027_Spring,5,DXP391,3,CURRICULUM_ASSUMPTION
SE211933,2027_Spring,5,EGA301,3,CURRICULUM_ASSUMPTION
SE211933,2027_Spring,5,SSG105,3,CURRICULUM_ASSUMPTION
SE211933,2027_Spring,5,SWT301,3,CURRICULUM_ASSUMPTION
SE211934,2027_Spring,5,BDI302c,3,CURRICULUM_ASSUMPTION
SE211934,2027_Spring,5,DX_COM*1,3,CURRICULUM_ASSUMPTION
SE211934,2027_Spring,5,DXP391,3,CURRICULUM_ASSUMPTION
SE211934,2027_Spring,5,EGA301,3,CURRICULUM_ASSUMPTION
SE211934,2027_Spring,5,SSG105,3,CURRICULUM_ASSUMPTION
SE211934,2027_Spring,5,SWT301,3,CURRICULUM_ASSUMPTION
SE211935,2027_Spring,5,BDI302c,3,CURRICULUM_ASSUMPTION
SE211935,2027_Spring,5,DX_COM*1,3,CURRICULUM_ASSUMPTION
SE211935,2027_Spring,5,DXP391,3,CURRICULUM_ASSUMPTION
SE211935,2027_Spring,5,EGA301,3,CURRICULUM_ASSUMPTION
SE211935,2027_Spring,5,SSG105,3,CURRICULUM_ASSUMPTION
SE211935,2027_Spring,5,SWT301,3,CURRICULUM_ASSUMPTION
SE211936,2027_Spring,5,BDI302c,3,CURRICULUM_ASSUMPTION
SE211936,2027_Spring,5,DX_COM*1,3,CURRICULUM_ASSUMPTION
SE211936,2027_Spring,5,DXP391,3,CURRICULUM_ASSUMPTION
SE211936,2027_Spring,5,EGA301,3,CURRICULUM_ASSUMPTION
SE211936,2027_Spring,5,SSG105,3,CURRICULUM_ASSUMPTION
SE211936,2027_Spring,5,SWT301,3,CURRICULUM_ASSUMPTION
SE211937,2027_Spring,5,BDI302c,3,CURRICULUM_ASSUMPTION
SE211937,2027_Spring,5,DX_COM*1,3,CURRICULUM_ASSUMPTION
SE211937,2027_Spring,5,DXP391,3,CURRICULUM_ASSUMPTION
SE211937,2027_Spring,5,EGA301,3,CURRICULUM_ASSUMPTION
SE211937,2027_Spring,5,SSG105,3,CURRICULUM_ASSUMPTION
SE211937,2027_Spring,5,SWT301,3,CURRICULUM_ASSUMPTION
SE211938,2027_Spring,5,BDI302c,3,CURRICULUM_ASSUMPTION
SE211938,2027_Spring,5,DX_COM*1,3,CURRICULUM_ASSUMPTION
SE211938,2027_Spring,5,DXP391,3,CURRICULUM_ASSUMPTION
SE211938,2027_Spring,5,EGA301,3,CURRICULUM_ASSUMPTION
SE211938,2027_Spring,5,SSG105,3,CURRICULUM_ASSUMPTION
SE211938,2027_Spring,5,SWT301,3,CURRICULUM_ASSUMPTION
SE211939,2027_Spring,5,BDI302c,3,CURRICULUM_ASSUMPTION
SE211939,2027_Spring,5,DX_COM*1,3,CURRICULUM_ASSUMPTION
SE211939,2027_Spring,5,DXP391,3,CURRICULUM_ASSUMPTION
SE211939,2027_Spring,5,EGA301,3,CURRICULUM_ASSUMPTION
SE211939,2027_Spring,5,SSG105,3,CURRICULUM_ASSUMPTION
SE211939,2027_Spring,5,SWT301,3,CURRICULUM_ASSUMPTION
SE211940,2027_Spring,5,BDI302c,3,CURRICULUM_ASSUMPTION
SE211940,2027_Spring,5,DX_COM*1,3,CURRICULUM_ASSUMPTION
SE211940,2027_Spring,5,DXP391,3,CURRICULUM_ASSUMPTION
SE211940,2027_Spring,5,EGA301,3,CURRICULUM_ASSUMPTION
SE211940,2027_Spring,5,SSG105,3,CURRICULUM_ASSUMPTION
SE211940,2027_Spring,5,SWT301,3,CURRICULUM_ASSUMPTION
SE211941,2027_Spring,5,BDI302c,3,CURRICULUM_ASSUMPTION
SE211941,2027_Spring,5,DX_COM*1,3,CURRICULUM_ASSUMPTION
SE211941,2027_Spring,5,DXP391,3,CURRICULUM_ASSUMPTION
SE211941,2027_Spring,5,EGA301,3,CURRICULUM_ASSUMPTION
SE211941,2027_Spring,5,SSG105,3,CURRICULUM_ASSUMPTION
SE211941,2027_Spring,5,SWT301,3,CURRICULUM_ASSUMPTION
SE211942,2027_Spring,5,BDI302c,3,CURRICULUM_ASSUMPTION
SE211942,2027_Spring,5,DX_COM*1,3,CURRICULUM_ASSUMPTION
SE211942,2027_Spring,5,DXP391,3,CURRICULUM_ASSUMPTION
SE211942,2027_Spring,5,EGA301,3,CURRICULUM_ASSUMPTION
SE211942,2027_Spring,5,SSG105,3,CURRICULUM_ASSUMPTION
SE211942,2027_Spring,5,SWT301,3,CURRICULUM_ASSUMPTION
SE211943,2027_Spring,5,BDI302c,3,CURRICULUM_ASSUMPTION
SE211943,2027_Spring,5,DX_COM*1,3,CURRICULUM_ASSUMPTION
SE211943,2027_Spring,5,DXP391,3,CURRICULUM_ASSUMPTION
SE211943,2027_Spring,5,EGA301,3,CURRICULUM_ASSUMPTION
SE211943,2027_Spring,5,SSG105,3,CURRICULUM_ASSUMPTION
SE211943,2027_Spring,5,SWT301,3,CURRICULUM_ASSUMPTION
SE211944,2027_Spring,5,BDI302c,3,CURRICULUM_ASSUMPTION
SE211944,2027_Spring,5,DX_COM*1,3,CURRICULUM_ASSUMPTION
SE211944,2027_Spring,5,DXP391,3,CURRICULUM_ASSUMPTION
SE211944,2027_Spring,5,EGA301,3,CURRICULUM_ASSUMPTION
SE211944,2027_Spring,5,SSG105,3,CURRICULUM_ASSUMPTION
SE211944,2027_Spring,5,SWT301,3,CURRICULUM_ASSUMPTION
SE211945,2027_Spring,5,BDI302c,3,CURRICULUM_ASSUMPTION
SE211945,2027_Spring,5,DX_COM*1,3,CURRICULUM_ASSUMPTION
SE211945,2027_Spring,5,DXP391,3,CURRICULUM_ASSUMPTION
SE211945,2027_Spring,5,EGA301,3,CURRICULUM_ASSUMPTION
SE211945,2027_Spring,5,SSG105,3,CURRICULUM_ASSUMPTION
SE211945,2027_Spring,5,SWT301,3,CURRICULUM_ASSUMPTION
SE211946,2027_Spring,5,BDI302c,3,CURRICULUM_ASSUMPTION
SE211946,2027_Spring,5,DX_COM*1,3,CURRICULUM_ASSUMPTION
SE211946,2027_Spring,5,DXP391,3,CURRICULUM_ASSUMPTION
SE211946,2027_Spring,5,EGA301,3,CURRICULUM_ASSUMPTION
SE211946,2027_Spring,5,SSG105,3,CURRICULUM_ASSUMPTION
SE211946,2027_Spring,5,SWT301,3,CURRICULUM_ASSUMPTION
SE211947,2027_Spring,5,BDI302c,3,CURRICULUM_ASSUMPTION
SE211947,2027_Spring,5,DX_COM*1,3,CURRICULUM_ASSUMPTION
SE211947,2027_Spring,5,DXP391,3,CURRICULUM_ASSUMPTION
SE211947,2027_Spring,5,EGA301,3,CURRICULUM_ASSUMPTION
SE211947,2027_Spring,5,SSG105,3,CURRICULUM_ASSUMPTION
SE211947,2027_Spring,5,SWT301,3,CURRICULUM_ASSUMPTION
SE211948,2027_Spring,5,BDI302c,3,CURRICULUM_ASSUMPTION
SE211948,2027_Spring,5,DX_COM*1,3,CURRICULUM_ASSUMPTION
SE211948,2027_Spring,5,DXP391,3,CURRICULUM_ASSUMPTION
SE211948,2027_Spring,5,EGA301,3,CURRICULUM_ASSUMPTION
SE211948,2027_Spring,5,SSG105,3,CURRICULUM_ASSUMPTION
SE211948,2027_Spring,5,SWT301,3,CURRICULUM_ASSUMPTION
SE211949,2027_Spring,5,BDI302c,3,CURRICULUM_ASSUMPTION
SE211949,2027_Spring,5,DX_COM*1,3,CURRICULUM_ASSUMPTION
SE211949,2027_Spring,5,DXP391,3,CURRICULUM_ASSUMPTION
SE211949,2027_Spring,5,EGA301,3,CURRICULUM_ASSUMPTION
SE211949,2027_Spring,5,SSG105,3,CURRICULUM_ASSUMPTION
SE211949,2027_Spring,5,SWT301,3,CURRICULUM_ASSUMPTION
SE211950,2027_Spring,5,BDI302c,3,CURRICULUM_ASSUMPTION
SE211950,2027_Spring,5,DX_COM*1,3,CURRICULUM_ASSUMPTION
SE211950,2027_Spring,5,DXP391,3,CURRICULUM_ASSUMPTION
SE211950,2027_Spring,5,EGA301,3,CURRICULUM_ASSUMPTION
SE211950,2027_Spring,5,SSG105,3,CURRICULUM_ASSUMPTION
SE211950,2027_Spring,5,SWT301,3,CURRICULUM_ASSUMPTION
SE211951,2027_Spring,5,BDI302c,3,CURRICULUM_ASSUMPTION
SE211951,2027_Spring,5,DX_COM*1,3,CURRICULUM_ASSUMPTION
SE211951,2027_Spring,5,DXP391,3,CURRICULUM_ASSUMPTION
SE211951,2027_Spring,5,EGA301,3,CURRICULUM_ASSUMPTION
SE211951,2027_Spring,5,SSG105,3,CURRICULUM_ASSUMPTION
SE211951,2027_Spring,5,SWT301,3,CURRICULUM_ASSUMPTION
SE211952,2027_Spring,5,BDI302c,3,CURRICULUM_ASSUMPTION
SE211952,2027_Spring,5,DX_COM*1,3,CURRICULUM_ASSUMPTION
SE211952,2027_Spring,5,DXP391,3,CURRICULUM_ASSUMPTION
SE211952,2027_Spring,5,EGA301,3,CURRICULUM_ASSUMPTION
SE211952,2027_Spring,5,SSG105,3,CURRICULUM_ASSUMPTION
SE211952,2027_Spring,5,SWT301,3,CURRICULUM_ASSUMPTION
SE211953,2027_Spring,5,BDI302c,3,CURRICULUM_ASSUMPTION
SE211953,2027_Spring,5,DX_COM*1,3,CURRICULUM_ASSUMPTION
SE211953,2027_Spring,5,DXP391,3,CURRICULUM_ASSUMPTION
SE211953,2027_Spring,5,EGA301,3,CURRICULUM_ASSUMPTION
SE211953,2027_Spring,5,SSG105,3,CURRICULUM_ASSUMPTION
SE211953,2027_Spring,5,SWT301,3,CURRICULUM_ASSUMPTION
SE211954,2027_Spring,5,BDI302c,3,CURRICULUM_ASSUMPTION
SE211954,2027_Spring,5,DX_COM*1,3,CURRICULUM_ASSUMPTION
SE211954,2027_Spring,5,DXP391,3,CURRICULUM_ASSUMPTION
SE211954,2027_Spring,5,EGA301,3,CURRICULUM_ASSUMPTION
SE211954,2027_Spring,5,SSG105,3,CURRICULUM_ASSUMPTION
SE211954,2027_Spring,5,SWT301,3,CURRICULUM_ASSUMPTION
SE211955,2027_Spring,5,BDI302c,3,CURRICULUM_ASSUMPTION
SE211955,2027_Spring,5,DX_COM*1,3,CURRICULUM_ASSUMPTION
SE211955,2027_Spring,5,DXP391,3,CURRICULUM_ASSUMPTION
SE211955,2027_Spring,5,EGA301,3,CURRICULUM_ASSUMPTION
SE211955,2027_Spring,5,SSG105,3,CURRICULUM_ASSUMPTION
SE211955,2027_Spring,5,SWT301,3,CURRICULUM_ASSUMPTION
SE211956,2027_Spring,5,BDI302c,3,CURRICULUM_ASSUMPTION
SE211956,2027_Spring,5,DX_COM*1,3,CURRICULUM_ASSUMPTION
SE211956,2027_Spring,5,DXP391,3,CURRICULUM_ASSUMPTION
SE211956,2027_Spring,5,EGA301,3,CURRICULUM_ASSUMPTION
SE211956,2027_Spring,5,SSG105,3,CURRICULUM_ASSUMPTION
SE211956,2027_Spring,5,SWT301,3,CURRICULUM_ASSUMPTION
SE211957,2027_Spring,5,BDI302c,3,CURRICULUM_ASSUMPTION
SE211957,2027_Spring,5,DX_COM*1,3,CURRICULUM_ASSUMPTION
SE211957,2027_Spring,5,DXP391,3,CURRICULUM_ASSUMPTION
SE211957,2027_Spring,5,EGA301,3,CURRICULUM_ASSUMPTION
SE211957,2027_Spring,5,SSG105,3,CURRICULUM_ASSUMPTION
SE211957,2027_Spring,5,SWT301,3,CURRICULUM_ASSUMPTION
SE211958,2027_Spring,5,BDI302c,3,CURRICULUM_ASSUMPTION
SE211958,2027_Spring,5,DX_COM*1,3,CURRICULUM_ASSUMPTION
SE211958,2027_Spring,5,DXP391,3,CURRICULUM_ASSUMPTION
SE211958,2027_Spring,5,EGA301,3,CURRICULUM_ASSUMPTION
SE211958,2027_Spring,5,SSG105,3,CURRICULUM_ASSUMPTION
SE211958,2027_Spring,5,SWT301,3,CURRICULUM_ASSUMPTION
SE211959,2027_Spring,5,BDI302c,3,CURRICULUM_ASSUMPTION
SE211959,2027_Spring,5,DX_COM*1,3,CURRICULUM_ASSUMPTION
SE211959,2027_Spring,5,DXP391,3,CURRICULUM_ASSUMPTION
SE211959,2027_Spring,5,EGA301,3,CURRICULUM_ASSUMPTION
SE211959,2027_Spring,5,SSG105,3,CURRICULUM_ASSUMPTION
SE211959,2027_Spring,5,SWT301,3,CURRICULUM_ASSUMPTION
SE211960,2027_Spring,5,BDI302c,3,CURRICULUM_ASSUMPTION
SE211960,2027_Spring,5,DX_COM*1,3,CURRICULUM_ASSUMPTION
SE211960,2027_Spring,5,DXP391,3,CURRICULUM_ASSUMPTION
SE211960,2027_Spring,5,EGA301,3,CURRICULUM_ASSUMPTION
SE211960,2027_Spring,5,SSG105,3,CURRICULUM_ASSUMPTION
SE211960,2027_Spring,5,SWT301,3,CURRICULUM_ASSUMPTION
SE211961,2027_Spring,5,BDI302c,3,CURRICULUM_ASSUMPTION
SE211961,2027_Spring,5,DX_COM*1,3,CURRICULUM_ASSUMPTION
SE211961,2027_Spring,5,DXP391,3,CURRICULUM_ASSUMPTION
SE211961,2027_Spring,5,EGA301,3,CURRICULUM_ASSUMPTION
SE211961,2027_Spring,5,SSG105,3,CURRICULUM_ASSUMPTION
SE211961,2027_Spring,5,SWT301,3,CURRICULUM_ASSUMPTION
SE211962,2027_Spring,5,BDI302c,3,CURRICULUM_ASSUMPTION
SE211962,2027_Spring,5,DX_COM*1,3,CURRICULUM_ASSUMPTION
SE211962,2027_Spring,5,DXP391,3,CURRICULUM_ASSUMPTION
SE211962,2027_Spring,5,EGA301,3,CURRICULUM_ASSUMPTION
SE211962,2027_Spring,5,SSG105,3,CURRICULUM_ASSUMPTION
SE211962,2027_Spring,5,SWT301,3,CURRICULUM_ASSUMPTION
SE211963,2027_Spring,5,BDI302c,3,CURRICULUM_ASSUMPTION
SE211963,2027_Spring,5,DX_COM*1,3,CURRICULUM_ASSUMPTION
SE211963,2027_Spring,5,DXP391,3,CURRICULUM_ASSUMPTION
SE211963,2027_Spring,5,EGA301,3,CURRICULUM_ASSUMPTION
SE211963,2027_Spring,5,SSG105,3,CURRICULUM_ASSUMPTION
SE211963,2027_Spring,5,SWT301,3,CURRICULUM_ASSUMPTION
SE211964,2027_Spring,5,BDI302c,3,CURRICULUM_ASSUMPTION
SE211964,2027_Spring,5,DX_COM*1,3,CURRICULUM_ASSUMPTION
SE211964,2027_Spring,5,DXP391,3,CURRICULUM_ASSUMPTION
SE211964,2027_Spring,5,EGA301,3,CURRICULUM_ASSUMPTION
SE211964,2027_Spring,5,SSG105,3,CURRICULUM_ASSUMPTION
SE211964,2027_Spring,5,SWT301,3,CURRICULUM_ASSUMPTION
SE211965,2027_Spring,5,BDI302c,3,CURRICULUM_ASSUMPTION
SE211965,2027_Spring,5,DX_COM*1,3,CURRICULUM_ASSUMPTION
SE211965,2027_Spring,5,DXP391,3,CURRICULUM_ASSUMPTION
SE211965,2027_Spring,5,EGA301,3,CURRICULUM_ASSUMPTION
SE211965,2027_Spring,5,SSG105,3,CURRICULUM_ASSUMPTION
SE211965,2027_Spring,5,SWT301,3,CURRICULUM_ASSUMPTION
SE211966,2027_Spring,5,BDI302c,3,CURRICULUM_ASSUMPTION
SE211966,2027_Spring,5,DX_COM*1,3,CURRICULUM_ASSUMPTION
SE211966,2027_Spring,5,DXP391,3,CURRICULUM_ASSUMPTION
SE211966,2027_Spring,5,EGA301,3,CURRICULUM_ASSUMPTION
SE211966,2027_Spring,5,SSG105,3,CURRICULUM_ASSUMPTION
SE211966,2027_Spring,5,SWT301,3,CURRICULUM_ASSUMPTION
SE211967,2027_Spring,5,BDI302c,3,CURRICULUM_ASSUMPTION
SE211967,2027_Spring,5,DX_COM*1,3,CURRICULUM_ASSUMPTION
SE211967,2027_Spring,5,DXP391,3,CURRICULUM_ASSUMPTION
SE211967,2027_Spring,5,EGA301,3,CURRICULUM_ASSUMPTION
SE211967,2027_Spring,5,SSG105,3,CURRICULUM_ASSUMPTION
SE211967,2027_Spring,5,SWT301,3,CURRICULUM_ASSUMPTION
SE211968,2027_Spring,5,BDI302c,3,CURRICULUM_ASSUMPTION
SE211968,2027_Spring,5,DX_COM*1,3,CURRICULUM_ASSUMPTION
SE211968,2027_Spring,5,DXP391,3,CURRICULUM_ASSUMPTION
SE211968,2027_Spring,5,EGA301,3,CURRICULUM_ASSUMPTION
SE211968,2027_Spring,5,SSG105,3,CURRICULUM_ASSUMPTION
SE211968,2027_Spring,5,SWT301,3,CURRICULUM_ASSUMPTION
SE211969,2027_Spring,5,BDI302c,3,CURRICULUM_ASSUMPTION
SE211969,2027_Spring,5,DX_COM*1,3,CURRICULUM_ASSUMPTION
SE211969,2027_Spring,5,DXP391,3,CURRICULUM_ASSUMPTION
SE211969,2027_Spring,5,EGA301,3,CURRICULUM_ASSUMPTION
SE211969,2027_Spring,5,SSG105,3,CURRICULUM_ASSUMPTION
SE211969,2027_Spring,5,SWT301,3,CURRICULUM_ASSUMPTION
SE211970,2027_Spring,5,BDI302c,3,CURRICULUM_ASSUMPTION
SE211970,2027_Spring,5,DX_COM*1,3,CURRICULUM_ASSUMPTION
SE211970,2027_Spring,5,DXP391,3,CURRICULUM_ASSUMPTION
SE211970,2027_Spring,5,EGA301,3,CURRICULUM_ASSUMPTION
SE211970,2027_Spring,5,SSG105,3,CURRICULUM_ASSUMPTION
SE211970,2027_Spring,5,SWT301,3,CURRICULUM_ASSUMPTION
SE211971,2027_Spring,5,BDI302c,3,CURRICULUM_ASSUMPTION
SE211971,2027_Spring,5,DX_COM*1,3,CURRICULUM_ASSUMPTION
SE211971,2027_Spring,5,DXP391,3,CURRICULUM_ASSUMPTION
SE211971,2027_Spring,5,EGA301,3,CURRICULUM_ASSUMPTION
SE211971,2027_Spring,5,SSG105,3,CURRICULUM_ASSUMPTION
SE211971,2027_Spring,5,SWT301,3,CURRICULUM_ASSUMPTION
SE211972,2027_Spring,5,BDI302c,3,CURRICULUM_ASSUMPTION
SE211972,2027_Spring,5,DX_COM*1,3,CURRICULUM_ASSUMPTION
SE211972,2027_Spring,5,DXP391,3,CURRICULUM_ASSUMPTION
SE211972,2027_Spring,5,EGA301,3,CURRICULUM_ASSUMPTION
SE211972,2027_Spring,5,SSG105,3,CURRICULUM_ASSUMPTION
SE211972,2027_Spring,5,SWT301,3,CURRICULUM_ASSUMPTION
SE211973,2027_Spring,5,BDI302c,3,CURRICULUM_ASSUMPTION
SE211973,2027_Spring,5,DX_COM*1,3,CURRICULUM_ASSUMPTION
SE211973,2027_Spring,5,DXP391,3,CURRICULUM_ASSUMPTION
SE211973,2027_Spring,5,EGA301,3,CURRICULUM_ASSUMPTION
SE211973,2027_Spring,5,SSG105,3,CURRICULUM_ASSUMPTION
SE211973,2027_Spring,5,SWT301,3,CURRICULUM_ASSUMPTION
SE211974,2027_Spring,5,BDI302c,3,CURRICULUM_ASSUMPTION
SE211974,2027_Spring,5,DX_COM*1,3,CURRICULUM_ASSUMPTION
SE211974,2027_Spring,5,DXP391,3,CURRICULUM_ASSUMPTION
SE211974,2027_Spring,5,EGA301,3,CURRICULUM_ASSUMPTION
SE211974,2027_Spring,5,SSG105,3,CURRICULUM_ASSUMPTION
SE211974,2027_Spring,5,SWT301,3,CURRICULUM_ASSUMPTION
SE211975,2027_Spring,5,BDI302c,3,CURRICULUM_ASSUMPTION
SE211975,2027_Spring,5,DX_COM*1,3,CURRICULUM_ASSUMPTION
SE211975,2027_Spring,5,DXP391,3,CURRICULUM_ASSUMPTION
SE211975,2027_Spring,5,EGA301,3,CURRICULUM_ASSUMPTION
SE211975,2027_Spring,5,SSG105,3,CURRICULUM_ASSUMPTION
SE211975,2027_Spring,5,SWT301,3,CURRICULUM_ASSUMPTION
SE211976,2027_Spring,5,BDI302c,3,CURRICULUM_ASSUMPTION
SE211976,2027_Spring,5,DX_COM*1,3,CURRICULUM_ASSUMPTION
SE211976,2027_Spring,5,DXP391,3,CURRICULUM_ASSUMPTION
SE211976,2027_Spring,5,EGA301,3,CURRICULUM_ASSUMPTION
SE211976,2027_Spring,5,SSG105,3,CURRICULUM_ASSUMPTION
SE211976,2027_Spring,5,SWT301,3,CURRICULUM_ASSUMPTION
SE211977,2027_Spring,5,BDI302c,3,CURRICULUM_ASSUMPTION
SE211977,2027_Spring,5,DX_COM*1,3,CURRICULUM_ASSUMPTION
SE211977,2027_Spring,5,DXP391,3,CURRICULUM_ASSUMPTION
SE211977,2027_Spring,5,EGA301,3,CURRICULUM_ASSUMPTION
SE211977,2027_Spring,5,SSG105,3,CURRICULUM_ASSUMPTION
SE211977,2027_Spring,5,SWT301,3,CURRICULUM_ASSUMPTION
SE211978,2027_Spring,5,BDI302c,3,CURRICULUM_ASSUMPTION
SE211978,2027_Spring,5,DX_COM*1,3,CURRICULUM_ASSUMPTION
SE211978,2027_Spring,5,DXP391,3,CURRICULUM_ASSUMPTION
SE211978,2027_Spring,5,EGA301,3,CURRICULUM_ASSUMPTION
SE211978,2027_Spring,5,SSG105,3,CURRICULUM_ASSUMPTION
SE211978,2027_Spring,5,SWT301,3,CURRICULUM_ASSUMPTION
SE211979,2027_Spring,5,BDI302c,3,CURRICULUM_ASSUMPTION
SE211979,2027_Spring,5,DX_COM*1,3,CURRICULUM_ASSUMPTION
SE211979,2027_Spring,5,DXP391,3,CURRICULUM_ASSUMPTION
SE211979,2027_Spring,5,EGA301,3,CURRICULUM_ASSUMPTION
SE211979,2027_Spring,5,SSG105,3,CURRICULUM_ASSUMPTION
SE211979,2027_Spring,5,SWT301,3,CURRICULUM_ASSUMPTION
SE211980,2027_Spring,5,BDI302c,3,CURRICULUM_ASSUMPTION
SE211980,2027_Spring,5,DX_COM*1,3,CURRICULUM_ASSUMPTION
SE211980,2027_Spring,5,DXP391,3,CURRICULUM_ASSUMPTION
SE211980,2027_Spring,5,EGA301,3,CURRICULUM_ASSUMPTION
SE211980,2027_Spring,5,SSG105,3,CURRICULUM_ASSUMPTION
SE211980,2027_Spring,5,SWT301,3,CURRICULUM_ASSUMPTION
SE211981,2027_Spring,5,BDI302c,3,CURRICULUM_ASSUMPTION
SE211981,2027_Spring,5,DX_COM*1,3,CURRICULUM_ASSUMPTION
SE211981,2027_Spring,5,DXP391,3,CURRICULUM_ASSUMPTION
SE211981,2027_Spring,5,EGA301,3,CURRICULUM_ASSUMPTION
SE211981,2027_Spring,5,SSG105,3,CURRICULUM_ASSUMPTION
SE211981,2027_Spring,5,SWT301,3,CURRICULUM_ASSUMPTION
SE211982,2027_Spring,5,BDI302c,3,CURRICULUM_ASSUMPTION
SE211982,2027_Spring,5,DX_COM*1,3,CURRICULUM_ASSUMPTION
SE211982,2027_Spring,5,DXP391,3,CURRICULUM_ASSUMPTION
SE211982,2027_Spring,5,EGA301,3,CURRICULUM_ASSUMPTION
SE211982,2027_Spring,5,SSG105,3,CURRICULUM_ASSUMPTION
SE211982,2027_Spring,5,SWT301,3,CURRICULUM_ASSUMPTION
SE211983,2027_Spring,5,BDI302c,3,CURRICULUM_ASSUMPTION
SE211983,2027_Spring,5,DX_COM*1,3,CURRICULUM_ASSUMPTION
SE211983,2027_Spring,5,DXP391,3,CURRICULUM_ASSUMPTION
SE211983,2027_Spring,5,EGA301,3,CURRICULUM_ASSUMPTION
SE211983,2027_Spring,5,SSG105,3,CURRICULUM_ASSUMPTION
SE211983,2027_Spring,5,SWT301,3,CURRICULUM_ASSUMPTION
SE211984,2027_Spring,5,BDI302c,3,CURRICULUM_ASSUMPTION
SE211984,2027_Spring,5,DX_COM*1,3,CURRICULUM_ASSUMPTION
SE211984,2027_Spring,5,DXP391,3,CURRICULUM_ASSUMPTION
SE211984,2027_Spring,5,EGA301,3,CURRICULUM_ASSUMPTION
SE211984,2027_Spring,5,SSG105,3,CURRICULUM_ASSUMPTION
SE211984,2027_Spring,5,SWT301,3,CURRICULUM_ASSUMPTION
SE211985,2027_Spring,5,BDI302c,3,CURRICULUM_ASSUMPTION
SE211985,2027_Spring,5,DX_COM*1,3,CURRICULUM_ASSUMPTION
SE211985,2027_Spring,5,DXP391,3,CURRICULUM_ASSUMPTION
SE211985,2027_Spring,5,EGA301,3,CURRICULUM_ASSUMPTION
SE211985,2027_Spring,5,SSG105,3,CURRICULUM_ASSUMPTION
SE211985,2027_Spring,5,SWT301,3,CURRICULUM_ASSUMPTION
SE211986,2027_Spring,5,BDI302c,3,CURRICULUM_ASSUMPTION
SE211986,2027_Spring,5,DX_COM*1,3,CURRICULUM_ASSUMPTION
SE211986,2027_Spring,5,DXP391,3,CURRICULUM_ASSUMPTION
SE211986,2027_Spring,5,EGA301,3,CURRICULUM_ASSUMPTION
SE211986,2027_Spring,5,SSG105,3,CURRICULUM_ASSUMPTION
SE211986,2027_Spring,5,SWT301,3,CURRICULUM_ASSUMPTION
SE211987,2027_Spring,5,BDI302c,3,CURRICULUM_ASSUMPTION
SE211987,2027_Spring,5,DX_COM*1,3,CURRICULUM_ASSUMPTION
SE211987,2027_Spring,5,DXP391,3,CURRICULUM_ASSUMPTION
SE211987,2027_Spring,5,EGA301,3,CURRICULUM_ASSUMPTION
SE211987,2027_Spring,5,SSG105,3,CURRICULUM_ASSUMPTION
SE211987,2027_Spring,5,SWT301,3,CURRICULUM_ASSUMPTION
SE211988,2027_Spring,5,BDI302c,3,CURRICULUM_ASSUMPTION
SE211988,2027_Spring,5,DX_COM*1,3,CURRICULUM_ASSUMPTION
SE211988,2027_Spring,5,DXP391,3,CURRICULUM_ASSUMPTION
SE211988,2027_Spring,5,EGA301,3,CURRICULUM_ASSUMPTION
SE211988,2027_Spring,5,SSG105,3,CURRICULUM_ASSUMPTION
SE211988,2027_Spring,5,SWT301,3,CURRICULUM_ASSUMPTION
SE211989,2027_Spring,5,BDI302c,3,CURRICULUM_ASSUMPTION
SE211989,2027_Spring,5,DX_COM*1,3,CURRICULUM_ASSUMPTION
SE211989,2027_Spring,5,DXP391,3,CURRICULUM_ASSUMPTION
SE211989,2027_Spring,5,EGA301,3,CURRICULUM_ASSUMPTION
SE211989,2027_Spring,5,SSG105,3,CURRICULUM_ASSUMPTION
SE211989,2027_Spring,5,SWT301,3,CURRICULUM_ASSUMPTION
SE211990,2027_Spring,5,BDI302c,3,CURRICULUM_ASSUMPTION
SE211990,2027_Spring,5,DX_COM*1,3,CURRICULUM_ASSUMPTION
SE211990,2027_Spring,5,DXP391,3,CURRICULUM_ASSUMPTION
SE211990,2027_Spring,5,EGA301,3,CURRICULUM_ASSUMPTION
SE211990,2027_Spring,5,SSG105,3,CURRICULUM_ASSUMPTION
SE211990,2027_Spring,5,SWT301,3,CURRICULUM_ASSUMPTION
SE211991,2027_Spring,5,BDI302c,3,CURRICULUM_ASSUMPTION
SE211991,2027_Spring,5,DX_COM*1,3,CURRICULUM_ASSUMPTION
SE211991,2027_Spring,5,DXP391,3,CURRICULUM_ASSUMPTION
SE211991,2027_Spring,5,EGA301,3,CURRICULUM_ASSUMPTION
SE211991,2027_Spring,5,SSG105,3,CURRICULUM_ASSUMPTION
SE211991,2027_Spring,5,SWT301,3,CURRICULUM_ASSUMPTION
SE211992,2027_Spring,5,BDI302c,3,CURRICULUM_ASSUMPTION
SE211992,2027_Spring,5,DX_COM*1,3,CURRICULUM_ASSUMPTION
SE211992,2027_Spring,5,DXP391,3,CURRICULUM_ASSUMPTION
SE211992,2027_Spring,5,EGA301,3,CURRICULUM_ASSUMPTION
SE211992,2027_Spring,5,SSG105,3,CURRICULUM_ASSUMPTION
SE211992,2027_Spring,5,SWT301,3,CURRICULUM_ASSUMPTION
SE211993,2027_Spring,5,BDI302c,3,CURRICULUM_ASSUMPTION
SE211993,2027_Spring,5,DX_COM*1,3,CURRICULUM_ASSUMPTION
SE211993,2027_Spring,5,DXP391,3,CURRICULUM_ASSUMPTION
SE211993,2027_Spring,5,EGA301,3,CURRICULUM_ASSUMPTION
SE211993,2027_Spring,5,SSG105,3,CURRICULUM_ASSUMPTION
SE211993,2027_Spring,5,SWT301,3,CURRICULUM_ASSUMPTION
SE211994,2027_Spring,5,BDI302c,3,CURRICULUM_ASSUMPTION
SE211994,2027_Spring,5,DX_COM*1,3,CURRICULUM_ASSUMPTION
SE211994,2027_Spring,5,DXP391,3,CURRICULUM_ASSUMPTION
SE211994,2027_Spring,5,EGA301,3,CURRICULUM_ASSUMPTION
SE211994,2027_Spring,5,SSG105,3,CURRICULUM_ASSUMPTION
SE211994,2027_Spring,5,SWT301,3,CURRICULUM_ASSUMPTION
SE211995,2027_Spring,5,BDI302c,3,CURRICULUM_ASSUMPTION
SE211995,2027_Spring,5,DX_COM*1,3,CURRICULUM_ASSUMPTION
SE211995,2027_Spring,5,DXP391,3,CURRICULUM_ASSUMPTION
SE211995,2027_Spring,5,EGA301,3,CURRICULUM_ASSUMPTION
SE211995,2027_Spring,5,SSG105,3,CURRICULUM_ASSUMPTION
SE211995,2027_Spring,5,SWT301,3,CURRICULUM_ASSUMPTION
SE211996,2027_Spring,5,BDI302c,3,CURRICULUM_ASSUMPTION
SE211996,2027_Spring,5,DX_COM*1,3,CURRICULUM_ASSUMPTION
SE211996,2027_Spring,5,DXP391,3,CURRICULUM_ASSUMPTION
SE211996,2027_Spring,5,EGA301,3,CURRICULUM_ASSUMPTION
SE211996,2027_Spring,5,SSG105,3,CURRICULUM_ASSUMPTION
SE211996,2027_Spring,5,SWT301,3,CURRICULUM_ASSUMPTION
SE211997,2027_Spring,5,BDI302c,3,CURRICULUM_ASSUMPTION
SE211997,2027_Spring,5,DX_COM*1,3,CURRICULUM_ASSUMPTION
SE211997,2027_Spring,5,DXP391,3,CURRICULUM_ASSUMPTION
SE211997,2027_Spring,5,EGA301,3,CURRICULUM_ASSUMPTION
SE211997,2027_Spring,5,SSG105,3,CURRICULUM_ASSUMPTION
SE211997,2027_Spring,5,SWT301,3,CURRICULUM_ASSUMPTION
SE211998,2027_Spring,5,BDI302c,3,CURRICULUM_ASSUMPTION
SE211998,2027_Spring,5,DX_COM*1,3,CURRICULUM_ASSUMPTION
SE211998,2027_Spring,5,DXP391,3,CURRICULUM_ASSUMPTION
SE211998,2027_Spring,5,EGA301,3,CURRICULUM_ASSUMPTION
SE211998,2027_Spring,5,SSG105,3,CURRICULUM_ASSUMPTION
SE211998,2027_Spring,5,SWT301,3,CURRICULUM_ASSUMPTION
SE211999,2027_Spring,5,BDI302c,3,CURRICULUM_ASSUMPTION
SE211999,2027_Spring,5,DX_COM*1,3,CURRICULUM_ASSUMPTION
SE211999,2027_Spring,5,DXP391,3,CURRICULUM_ASSUMPTION
SE211999,2027_Spring,5,EGA301,3,CURRICULUM_ASSUMPTION
SE211999,2027_Spring,5,SSG105,3,CURRICULUM_ASSUMPTION
SE211999,2027_Spring,5,SWT301,3,CURRICULUM_ASSUMPTION
